id,public,gender,region,age
16,1,1,"zilinsky kraj, kysucke nove mesto",23
18,1,1,"zilinsky kraj, kysucke nove mesto",18
19,1,1,"zilinsky kraj, kysucke nove mesto",21
22,0,0,"zilinsky kraj, kysucke nove mesto",19
25,1,0,"zilinsky kraj, kysucke nove mesto",20
30,1,1,"zilinsky kraj, kysucke nove mesto",21
31,1,1,"zilinsky kraj, kysucke nove mesto",24
32,1,1,"zilinsky kraj, kysucke nove mesto",21
34,1,1,"zilinsky kraj, zilina",23
40,1,1,"zilinsky kraj, kysucke nove mesto",0
43,1,1,"zilinsky kraj, kysucke nove mesto",19
48,1,1,"zahranicie, zahranicie - ostatne",0
54,0,1,"zilinsky kraj, kysucke nove mesto",0
57,1,0,"zilinsky kraj, kysucke nove mesto",19
58,1,0,"zilinsky kraj, kysucke nove mesto",0
62,1,1,"zilinsky kraj, kysucke nove mesto",22
66,0,0,"zilinsky kraj, zilina",0
71,0,1,"zilinsky kraj, kysucke nove mesto",22
72,1,0,"zilinsky kraj, kysucke nove mesto",19
73,1,0,"zilinsky kraj, zilina",18
75,1,1,"zilinsky kraj, kysucke nove mesto",0
78,0,1,"zilinsky kraj, kysucke nove mesto",20
83,1,0,"zilinsky kraj, kysucke nove mesto",20
87,1,1,"zilinsky kraj, zilina",23
90,0,0,"zilinsky kraj, cadca",18
91,1,1,"zilinsky kraj, zilina",23
93,1,1,"zilinsky kraj, kysucke nove mesto",21
98,1,0,"zilinsky kraj, zilina",0
101,1,1,"zilinsky kraj, zilina",20
106,1,1,"zilinsky kraj, kysucke nove mesto",22
107,1,1,"zilinsky kraj, kysucke nove mesto",24
112,1,1,"zilinsky kraj, kysucke nove mesto",21
127,0,1,"zilinsky kraj, kysucke nove mesto",21
131,1,1,"zilinsky kraj, kysucke nove mesto",22
132,1,1,"zahranicie, zahranicie - ostatne",23
135,1,0,"zilinsky kraj, kysucke nove mesto",21
137,1,0,"zilinsky kraj, kysucke nove mesto",20
139,0,1,"zahranicie, zahranicie - ostatne",0
141,1,0,"zilinsky kraj, zilina",23
143,1,0,"zilinsky kraj, kysucke nove mesto",21
144,1,1,"zahranicie, zahranicie - francuzsko",22
153,1,1,"zilinsky kraj, kysucke nove mesto",21
155,1,1,"zilinsky kraj, kysucke nove mesto",20
157,1,0,"zilinsky kraj, cadca",0
158,1,0,"zilinsky kraj, cadca",0
159,1,1,"zilinsky kraj, kysucke nove mesto",22
162,1,1,"zilinsky kraj, kysucke nove mesto",22
163,1,1,"zahranicie, zahranicie - kanada",22
168,1,0,"zilinsky kraj, kysucke nove mesto",0
172,1,1,"zilinsky kraj, kysucke nove mesto",20
173,1,0,"zahranicie, zahranicie - francuzsko",0
189,1,1,"bratislavsky kraj, bratislava - okolie",0
203,0,0,"banskobystricky kraj, brezno",21
204,1,1,"banskobystricky kraj, brezno",22
222,1,1,"banskobystricky kraj, banska bystrica",27
229,1,1,"banskobystricky kraj, brezno",21
241,1,0,"zilinsky kraj, zilina",21
254,1,0,"trnavsky kraj, trnava",0
257,1,0,"trnavsky kraj, trnava",19
259,1,0,"zilinsky kraj, cadca",22
260,1,1,"zilinsky kraj, cadca",15
263,1,1,"zilinsky kraj, zilina",18
300,1,1,"zilinsky kraj, zilina",19
305,1,1,"zilinsky kraj, zilina",27
335,1,0,"banskobystricky kraj, brezno",0
392,1,0,"banskobystricky kraj, brezno",20
404,1,1,"banskobystricky kraj, brezno",27
419,1,0,"zilinsky kraj, cadca",0
420,0,1,"zilinsky kraj, cadca",27
430,0,1,"zilinsky kraj, kysucke nove mesto",24
450,1,0,"zilinsky kraj, kysucke nove mesto",22
451,0,1,"zilinsky kraj, kysucke nove mesto",18
453,1,1,"zilinsky kraj, kysucke nove mesto",22
456,1,1,"zilinsky kraj, cadca",18
459,0,1,"zilinsky kraj, cadca",19
460,0,0,"zilinsky kraj, zilina",21
461,1,1,"zilinsky kraj, kysucke nove mesto",0
467,0,1,"zilinsky kraj, cadca",19
468,1,0,"zilinsky kraj, kysucke nove mesto",20
480,1,0,"zilinsky kraj, zilina",18
483,1,0,"zilinsky kraj, kysucke nove mesto",0
506,1,0,"zilinsky kraj, zilina",20
514,1,0,"zilinsky kraj, kysucke nove mesto",0
524,1,0,"zilinsky kraj, cadca",0
534,1,0,"zilinsky kraj, kysucke nove mesto",0
542,1,0,"zilinsky kraj, zilina",20
544,1,0,"zilinsky kraj, zilina",0
558,1,0,"zilinsky kraj, kysucke nove mesto",0
564,0,0,"zilinsky kraj, kysucke nove mesto",18
588,1,0,"zilinsky kraj, zilina",23
595,1,1,"zilinsky kraj, zilina",19
616,0,0,"zilinsky kraj, kysucke nove mesto",18
644,0,0,"zilinsky kraj, zilina",18
646,1,1,"zilinsky kraj, kysucke nove mesto",20
655,1,0,"zilinsky kraj, kysucke nove mesto",19
668,1,0,"trnavsky kraj, senica",20
683,1,0,"zilinsky kraj, cadca",0
690,0,0,"zilinsky kraj, cadca",18
694,1,0,"zilinsky kraj, zilina",0
699,1,0,"zilinsky kraj, kysucke nove mesto",18
706,1,1,"zilinsky kraj, kysucke nove mesto",25
716,1,1,"zilinsky kraj, kysucke nove mesto",23
721,0,0,"zilinsky kraj, kysucke nove mesto",19
723,0,0,"zilinsky kraj, kysucke nove mesto",0
724,1,1,"zahranicie, zahranicie - australia",22
734,1,0,"zilinsky kraj, kysucke nove mesto",21
744,1,1,"zilinsky kraj, kysucke nove mesto",0
746,1,0,"zilinsky kraj, kysucke nove mesto",20
747,0,1,"zilinsky kraj, kysucke nove mesto",0
807,0,0,"zilinsky kraj, kysucke nove mesto",0
810,0,0,"zilinsky kraj, kysucke nove mesto",20
814,1,1,"zilinsky kraj, kysucke nove mesto",25
815,1,0,"zilinsky kraj, kysucke nove mesto",20
819,1,1,"zilinsky kraj, kysucke nove mesto",21
825,1,1,"zilinsky kraj, kysucke nove mesto",24
832,1,0,"zilinsky kraj, kysucke nove mesto",22
840,0,1,"zilinsky kraj, zilina",0
842,1,1,"zilinsky kraj, zilina",23
843,0,1,"zilinsky kraj, zilina",24
854,1,0,"zilinsky kraj, kysucke nove mesto",21
888,1,1,"zilinsky kraj, zilina",0
925,1,1,"zilinsky kraj, zilina",23
928,0,0,"zilinsky kraj, kysucke nove mesto",0
948,0,1,"zilinsky kraj, zilina",24
974,1,1,"zilinsky kraj, kysucke nove mesto",19
986,0,1,"zahranicie, zahranicie - gb",17
1000,1,0,"zahranicie, zahranicie - gb",16
1028,1,1,"zilinsky kraj, kysucke nove mesto",24
1034,0,0,"zilinsky kraj, kysucke nove mesto",20
1041,1,1,"zahranicie, zahranicie - gb",19
1045,0,0,"zilinsky kraj, kysucke nove mesto",19
1050,1,0,"zilinsky kraj, kysucke nove mesto",19
1055,0,1,"zilinsky kraj, zilina",21
1072,1,1,"zahranicie, zahranicie - australia",0
1082,0,0,"zilinsky kraj, kysucke nove mesto",0
1085,0,1,"zilinsky kraj, kysucke nove mesto",20
1086,0,0,"zilinsky kraj, kysucke nove mesto",21
1103,1,1,"zilinsky kraj, zilina",24
1119,0,0,"zilinsky kraj, martin",25
1132,1,0,"zilinsky kraj, kysucke nove mesto",19
1142,0,1,"zilinsky kraj, kysucke nove mesto",0
1143,1,0,"zilinsky kraj, kysucke nove mesto",0
1145,1,0,"zilinsky kraj, kysucke nove mesto",0
1148,1,1,"zilinsky kraj, kysucke nove mesto",18
1150,0,0,"zilinsky kraj, kysucke nove mesto",0
1153,1,0,"zilinsky kraj, kysucke nove mesto",0
1159,1,1,"zilinsky kraj, kysucke nove mesto",20
1163,1,0,"zilinsky kraj, kysucke nove mesto",24
1189,1,0,"zilinsky kraj, kysucke nove mesto",20
1190,1,1,"zilinsky kraj, kysucke nove mesto",21
1198,1,1,"zilinsky kraj, kysucke nove mesto",0
1199,0,1,"zilinsky kraj, kysucke nove mesto",22
1245,0,1,"zahranicie, zahranicie - usa",0
1249,1,1,"zilinsky kraj, zilina",22
1252,1,1,"zilinsky kraj, zilina",22
1273,1,0,"zilinsky kraj, kysucke nove mesto",22
1274,1,1,"zilinsky kraj, kysucke nove mesto",19
1275,1,0,"zilinsky kraj, zilina",23
1281,1,0,"zilinsky kraj, kysucke nove mesto",21
1288,1,0,"zilinsky kraj, zilina",0
1290,0,0,"zilinsky kraj, namestovo",18
1297,1,1,"zilinsky kraj, kysucke nove mesto",0
1302,1,0,"zilinsky kraj, krasno nad kysucou",17
1317,1,0,"zilinsky kraj, kysucke nove mesto",14
1323,1,1,"zilinsky kraj, kysucke nove mesto",0
1326,1,0,"zilinsky kraj, kysucke nove mesto",0
1330,1,1,"zilinsky kraj, kysucke nove mesto",14
1331,1,0,"zilinsky kraj, kysucke nove mesto",16
1333,1,0,"zilinsky kraj, kysucke nove mesto",0
1396,1,1,"zilinsky kraj, kysucke nove mesto",0
1407,1,1,"trenciansky kraj, prievidza",12
1409,1,1,"zilinsky kraj, kysucke nove mesto",20
1410,1,1,"zilinsky kraj, kysucke nove mesto",19
1412,1,0,"zahranicie, zahranicie - ostatne",0
1415,0,0,"zilinsky kraj, kysucke nove mesto",18
1416,0,0,"zilinsky kraj, cadca",18
1419,1,1,"zilinsky kraj, kysucke nove mesto",17
1424,0,1,"zilinsky kraj, cadca",0
1432,0,1,"zilinsky kraj, kysucke nove mesto",0
1441,1,1,"zilinsky kraj, kysucke nove mesto",18
1448,0,1,"zilinsky kraj, kysucke nove mesto",0
1449,1,1,"zilinsky kraj, kysucke nove mesto",17
1451,0,0,"zilinsky kraj, kysucke nove mesto",19
1458,1,1,"zilinsky kraj, kysucke nove mesto",13
1474,1,0,"zilinsky kraj, kysucke nove mesto",27
1483,1,1,"zilinsky kraj, kysucke nove mesto",18
1496,1,1,"zilinsky kraj, kysucke nove mesto",0
1504,1,1,"zilinsky kraj, kysucke nove mesto",30
1505,1,1,"zilinsky kraj, kysucke nove mesto",0
1506,1,0,"zilinsky kraj, kysucke nove mesto",22
1516,1,0,"zilinsky kraj, kysucke nove mesto",0
1530,1,0,"zilinsky kraj, kysucke nove mesto",0
1535,1,1,"zilinsky kraj, krasno nad kysucou",18
1537,0,0,"zilinsky kraj, kysucke nove mesto",19
1538,1,0,"zilinsky kraj, kysucke nove mesto",18
1554,1,1,"zilinsky kraj, kysucke nove mesto",19
1555,1,1,"zilinsky kraj, cadca",19
1602,0,0,"zilinsky kraj, kysucke nove mesto",0
1610,1,0,"zilinsky kraj, kysucke nove mesto",19
1618,1,1,"zilinsky kraj, zilina",0
1622,0,0,"zilinsky kraj, kysucke nove mesto",19
1627,1,0,"zilinsky kraj, zilina",20
1628,1,0,"zilinsky kraj, kysucke nove mesto",19
1629,1,0,"zilinsky kraj, kysucke nove mesto",16
1631,0,0,"zilinsky kraj, kysucke nove mesto",21
1635,1,1,"zilinsky kraj, kysucke nove mesto",22
1636,1,0,"zilinsky kraj, zilina",20
1664,1,0,"zilinsky kraj, kysucke nove mesto",19
1679,0,0,"zilinsky kraj, kysucke nove mesto",20
1691,1,1,"zilinsky kraj, kysucke nove mesto",24
1711,1,0,"zilinsky kraj, cadca",0
1734,1,0,"zilinsky kraj, kysucke nove mesto",19
1768,1,0,"zilinsky kraj, kysucke nove mesto",19
1785,1,1,"zahranicie, zahranicie - ostatne",21
1792,1,1,"zilinsky kraj, kysucke nove mesto",21
1794,1,0,"zilinsky kraj, kysucke nove mesto",20
1795,0,1,"zilinsky kraj, kysucke nove mesto",18
1798,0,1,"zahranicie, zahranicie - kanada",18
1799,1,0,"zilinsky kraj, kysucke nove mesto",24
1830,0,1,"zahranicie, zahranicie - gb",0
1835,1,1,"kosicky kraj, kosice - okolie",16
1839,1,1,"zilinsky kraj, zilina",22
1843,1,1,"zilinsky kraj, kysucke nove mesto",18
1849,1,1,"zahranicie, zahranicie - francuzsko",18
1855,1,0,"zilinsky kraj, cadca",0
1879,0,1,"zilinsky kraj, kysucke nove mesto",20
1891,1,1,"bratislavsky kraj, bratislava - stare mesto",0
1898,1,0,"zilinsky kraj, kysucke nove mesto",22
1905,1,1,"zilinsky kraj, turzovka",17
1909,1,0,"zilinsky kraj, zilina",18
1916,1,0,"zilinsky kraj, cadca",0
1922,1,0,"zilinsky kraj, turzovka",0
1924,0,0,"zilinsky kraj, kysucke nove mesto",25
1935,1,1,"zilinsky kraj, kysucke nove mesto",22
1950,1,0,"zilinsky kraj, zilina",22
1962,0,0,"zilinsky kraj, kysucke nove mesto",23
1980,1,1,"zilinsky kraj, kysucke nove mesto",23
1995,1,1,"zilinsky kraj, zilina",22
2013,0,1,"zilinsky kraj, kysucke nove mesto",16
2040,0,0,"zilinsky kraj, zilina",21
2050,0,0,"zilinsky kraj, kysucke nove mesto",17
2082,0,1,"zilinsky kraj, kysucke nove mesto",20
2097,0,1,"zilinsky kraj, kysucke nove mesto",29
2110,0,0,"zilinsky kraj, zilina",21
2133,1,1,"zilinsky kraj, zilina",19
2140,0,0,"zilinsky kraj, kysucke nove mesto",14
2141,0,0,"zilinsky kraj, kysucke nove mesto",0
2145,1,0,"zilinsky kraj, kysucke nove mesto",21
2184,1,1,"zilinsky kraj, zilina",26
2240,1,0,"zilinsky kraj, kysucke nove mesto",22
2265,0,0,"zilinsky kraj, zilina",0
2313,1,0,"zilinsky kraj, kysucke nove mesto",19
2317,1,1,"zilinsky kraj, kysucke nove mesto",0
2332,1,0,"zilinsky kraj, kysucke nove mesto",20
2333,0,0,"zilinsky kraj, kysucke nove mesto",18
2338,0,0,"zilinsky kraj, kysucke nove mesto",18
2355,1,0,"zilinsky kraj, zilina",0
2361,0,0,"nitriansky kraj, topolcany",17
2385,0,0,"zilinsky kraj, cadca",18
2393,0,0,"zilinsky kraj, kysucke nove mesto",21
2404,0,1,"zahranicie, zahranicie - ostatne",0
2431,1,1,"banskobystricky kraj, lucenec",21
2439,0,0,"zilinsky kraj, kysucke nove mesto",20
2447,0,0,"zilinsky kraj, kysucke nove mesto",17
2452,0,0,"zilinsky kraj, kysucke nove mesto",0
2454,1,0,"zilinsky kraj, kysucke nove mesto",0
2464,0,0,"zilinsky kraj, kysucke nove mesto",19
2476,1,0,"zilinsky kraj, kysucke nove mesto",20
2504,1,0,"zilinsky kraj, bytca",0
2508,1,1,"zilinsky kraj, kysucke nove mesto",0
2521,1,0,"zilinsky kraj, kysucke nove mesto",0
2522,1,1,"zilinsky kraj, kysucke nove mesto",19
2529,1,0,"zilinsky kraj, zilina",20
2567,1,1,"zilinsky kraj, zilina",0
2577,0,1,"zilinsky kraj, kysucke nove mesto",17
2601,0,0,"zilinsky kraj, zilina",21
2625,1,0,"zilinsky kraj, zilina",19
2642,0,0,"ceska republika, cz - praha",0
2653,1,0,"zilinsky kraj, zilina",22
2663,0,1,"zahranicie, zahranicie - usa",21
2778,0,0,"zilinsky kraj, kysucke nove mesto",21
2828,1,1,"zilinsky kraj, zilina",27
2837,0,0,"zilinsky kraj, kysucke nove mesto",25
2856,0,1,"ceska republika, cz - praha",0
2863,1,0,"zilinsky kraj, kysucke nove mesto",18
2874,1,1,"zilinsky kraj, zilina",21
2881,0,0,"zahranicie, zahranicie - ostatne",19
2886,1,0,"zilinsky kraj, kysucke nove mesto",18
2901,0,0,"zilinsky kraj, kysucke nove mesto",16
2902,0,0,"zahranicie, zahranicie - usa",0
2906,1,1,"trnavsky kraj, trnava",0
2915,1,1,"zilinsky kraj, kysucke nove mesto",20
2916,1,0,"zilinsky kraj, kysucke nove mesto",22
2918,0,0,"zilinsky kraj, kysucke nove mesto",17
2921,1,1,"zahranicie, zahranicie - australia",0
2925,1,1,"zilinsky kraj, kysucke nove mesto",23
2928,1,0,"zilinsky kraj, zilina",0
2931,1,1,"zilinsky kraj, kysucke nove mesto",25
2932,0,1,"zahranicie, zahranicie - kanada",0
2944,0,0,"zilinsky kraj, zilina",21
2973,1,0,"zilinsky kraj, kysucke nove mesto",18
2978,1,0,"zahranicie, zahranicie - usa",0
2981,1,0,"zilinsky kraj, kysucke nove mesto",17
2987,1,1,"zilinsky kraj, kysucke nove mesto",32
2997,0,1,"zilinsky kraj, kysucke nove mesto",19
3002,1,1,"zilinsky kraj, kysucke nove mesto",30
3004,1,0,"zilinsky kraj, zilina",17
3042,0,0,"ceska republika, cz - praha",21
3048,1,1,"zilinsky kraj, kysucke nove mesto",23
3063,1,0,"zilinsky kraj, kysucke nove mesto",0
3064,0,1,"zilinsky kraj, zilina",20
3070,1,0,"zilinsky kraj, zilina",0
3072,1,0,"zilinsky kraj, zilina",19
3085,0,0,"zilinsky kraj, kysucke nove mesto",20
3098,1,1,"zilinsky kraj, kysucke nove mesto",21
3101,1,1,"zilinsky kraj, kysucke nove mesto",18
3125,1,1,"zilinsky kraj, zilina",0
3131,1,0,"zilinsky kraj, zilina",18
3141,1,1,"zilinsky kraj, kysucke nove mesto",0
3158,1,0,"zilinsky kraj, zilina",16
3180,1,1,"zilinsky kraj, cadca",19
3203,1,0,"banskobystricky kraj, brezno",21
3208,1,0,"banskobystricky kraj, brezno",21
3215,0,0,"zilinsky kraj, kysucke nove mesto",0
3219,0,0,"zahranicie, zahranicie - ostatne",18
3230,0,0,"zilinsky kraj, cadca",0
3273,1,0,"zilinsky kraj, cadca",0
3275,1,0,"zilinsky kraj, zilina",0
3279,1,0,"zilinsky kraj, kysucke nove mesto",18
3303,1,0,"zilinsky kraj, cadca",17
3335,1,1,"zilinsky kraj, zilina",19
3344,0,0,"zilinsky kraj, rajec",17
3410,0,0,"zahranicie, zahranicie - gb",0
3417,1,0,"trnavsky kraj, trnava",20
3422,0,1,"zahranicie, zahranicie - ostatne",19
3444,1,1,"bratislavsky kraj, bratislava - petrzalka",0
3462,0,0,"zilinsky kraj, zilina",0
3467,1,1,"zilinsky kraj, kysucke nove mesto",20
3537,1,0,"presovsky kraj, bardejov",0
3556,0,0,"zilinsky kraj, kysucke nove mesto",20
3566,0,0,"nitriansky kraj, surany",0
3624,1,1,"zilinsky kraj, kysucke nove mesto",0
3640,1,0,"trenciansky kraj, nove mesto nad vahom",0
3641,1,0,"trenciansky kraj, nove mesto nad vahom",0
3653,1,0,"trnavsky kraj, trnava",0
3698,1,1,"zilinsky kraj, kysucke nove mesto",24
3705,0,0,"banskobystricky kraj, banska bystrica",23
3719,1,0,"zilinsky kraj, kysucke nove mesto",0
3729,0,0,"zilinsky kraj, kysucke nove mesto",19
3734,1,1,"zahranicie, zahranicie - ostatne",111
3755,1,1,"zilinsky kraj, zilina",24
3756,1,0,"zahranicie, zahranicie - gb",20
3761,1,0,"zahranicie, zahranicie - ostatne",0
3781,1,1,"trnavsky kraj, trnava",18
3812,0,0,"zilinsky kraj, kysucke nove mesto",0
3875,1,1,"bratislavsky kraj, bratislava - stare mesto",0
3893,0,0,"zilinsky kraj, kysucke nove mesto",0
3896,1,1,"zilinsky kraj, cadca",22
3904,1,1,"zilinsky kraj, namestovo",19
3906,1,1,"zilinsky kraj, namestovo",19
3908,1,1,"zilinsky kraj, namestovo",0
3917,1,1,"zilinsky kraj, namestovo",19
3938,0,0,"zilinsky kraj, cadca",17
3940,0,0,"zilinsky kraj, rajec",0
3942,1,0,"zilinsky kraj, kysucke nove mesto",0
3943,1,0,"zilinsky kraj, zilina",22
3944,0,0,"zilinsky kraj, zilina",18
3951,1,1,"zilinsky kraj, namestovo",0
3955,1,1,"zilinsky kraj, namestovo",0
3979,1,0,"trnavsky kraj, trnava",0
3988,1,1,"trnavsky kraj, trnava",0
3991,1,0,"trnavsky kraj, trnava",17
3997,1,0,"trnavsky kraj, trnava",0
4000,0,0,"trnavsky kraj, hlohovec",0
4016,1,0,"zilinsky kraj, kysucke nove mesto",24
4055,1,1,"trnavsky kraj, trnava",0
4076,0,0,"zilinsky kraj, zilina",0
4078,1,1,"banskobystricky kraj, brezno",16
4083,1,1,"banskobystricky kraj, brezno",18
4107,0,0,"trnavsky kraj, hlohovec",0
4121,0,0,"zilinsky kraj, cadca",0
4150,0,0,"banskobystricky kraj, brezno",21
4159,1,1,"banskobystricky kraj, brezno",20
4185,1,1,"trnavsky kraj, trnava",0
4187,1,1,"trnavsky kraj, trnava",17
4194,1,1,"trnavsky kraj, trnava",20
4196,1,1,"trnavsky kraj, trnava",0
4197,1,1,"trnavsky kraj, trnava",0
4201,1,1,"zahranicie, zahranicie - ostatne",20
4213,1,0,"zilinsky kraj, kysucke nove mesto",21
4276,0,0,"banskobystricky kraj, brezno",25
4287,1,0,"banskobystricky kraj, brezno",20
4291,0,0,"presovsky kraj, bardejov",0
4295,1,0,"zilinsky kraj, cadca",20
4296,1,0,"nitriansky kraj, nove zamky",17
4326,0,0,"zilinsky kraj, kysucke nove mesto",0
4330,0,0,"zilinsky kraj, kysucke nove mesto",17
4384,1,1,"banskobystricky kraj, brezno",19
4419,1,0,"zilinsky kraj, namestovo",18
4423,0,0,"kosicky kraj, michalovce",0
4453,1,0,"zilinsky kraj, cadca",0
4470,1,1,"zahranicie, zahranicie - ostatne",19
4495,0,0,"banskobystricky kraj, nova bana",24
4516,1,1,"zilinsky kraj, kysucke nove mesto",20
4528,0,0,"zilinsky kraj, cadca",17
4560,1,1,"trnavsky kraj, trnava",20
4561,1,0,"trnavsky kraj, trnava",0
4564,1,0,"trnavsky kraj, trnava",18
4567,1,0,"trnavsky kraj, trnava",0
4573,1,1,"trnavsky kraj, trnava",20
4582,1,0,"banskobystricky kraj, brezno",21
4584,1,1,"banskobystricky kraj, banska bystrica",23
4592,1,0,"zilinsky kraj, zilina",0
4593,1,1,"zilinsky kraj, kysucke nove mesto",0
4598,1,1,"zilinsky kraj, cadca",0
4619,1,1,"zilinsky kraj, kysucke nove mesto",24
4624,1,1,"zilinsky kraj, zilina",102
4652,0,0,"zilinsky kraj, cadca",22
4660,1,0,"zilinsky kraj, cadca",0
4661,0,1,"banskobystricky kraj, banska bystrica",0
4665,1,0,"banskobystricky kraj, brezno",18
4687,1,1,"zahranicie, zahranicie - ostatne",19
4698,1,0,"zilinsky kraj, kysucke nove mesto",0
4700,1,1,"zilinsky kraj, cadca",23
4703,1,1,"zilinsky kraj, zilina",0
4757,0,1,"bratislavsky kraj, bratislava - petrzalka",20
4760,0,1,"bratislavsky kraj, bratislava - petrzalka",21
4793,1,1,"zilinsky kraj, zilina",21
4804,1,1,"zilinsky kraj, kysucke nove mesto",20
4807,0,1,"zilinsky kraj, zilina",22
4821,0,1,"zilinsky kraj, kysucke nove mesto",21
4848,1,0,"bratislavsky kraj, malacky",20
4885,0,0,"zilinsky kraj, zilina",18
4890,1,1,"zilinsky kraj, cadca",26
4895,1,0,"zilinsky kraj, cadca",21
4899,1,1,"zilinsky kraj, cadca",44
4903,0,0,"zilinsky kraj, cadca",0
4954,1,1,"zilinsky kraj, zilina",0
4956,0,1,"zilinsky kraj, zilina",23
5008,0,1,"zilinsky kraj, cadca",0
5009,0,0,"zilinsky kraj, turzovka",0
5013,1,0,"zahranicie, zahranicie - ostatne",16
5026,1,0,"banskobystricky kraj, brezno",19
5038,0,0,"zilinsky kraj, kysucke nove mesto",16
5044,1,1,"zilinsky kraj, zilina",19
5076,1,1,"banskobystricky kraj, brezno",21
5081,1,0,"zilinsky kraj, kysucke nove mesto",19
5109,1,0,"zilinsky kraj, namestovo",0
5118,1,0,"zilinsky kraj, cadca",18
5144,1,0,"zahranicie, zahranicie - ostatne",21
5145,1,1,"zilinsky kraj, zilina",18
5167,1,0,"zilinsky kraj, cadca",22
5190,0,1,"zilinsky kraj, kysucke nove mesto",25
5255,1,1,"zilinsky kraj, kysucke nove mesto",0
5269,0,1,"zahranicie, zahranicie - ostatne",18
5289,0,0,"zilinsky kraj, cadca",19
5300,1,0,"zilinsky kraj, kysucke nove mesto",0
5302,1,0,"zilinsky kraj, kysucke nove mesto",14
5359,0,1,"zilinsky kraj, zilina",0
5363,1,1,"zilinsky kraj, zilina",0
5364,1,1,"kosicky kraj, spisska nova ves",0
5368,1,1,"trnavsky kraj, hlohovec",0
5385,0,0,"banskobystricky kraj, brezno",0
5412,1,1,"zilinsky kraj, kysucke nove mesto",18
5417,1,1,"zilinsky kraj, liptovsky mikulas",0
5421,1,0,"zilinsky kraj, kysucke nove mesto",18
5450,1,0,"zilinsky kraj, cadca",18
5474,0,1,"banskobystricky kraj, brezno",21
5510,0,1,"banskobystricky kraj, brezno",21
5512,0,1,"banskobystricky kraj, brezno",0
5513,0,0,"banskobystricky kraj, brezno",0
5544,1,0,"zahranicie, zahranicie - rakusko",21
5548,1,1,"banskobystricky kraj, brezno",21
5571,1,0,"zilinsky kraj, cadca",19
5631,1,0,"zilinsky kraj, dolny kubin",21
5632,1,0,"zilinsky kraj, kysucke nove mesto",0
5656,0,0,"zilinsky kraj, kysucke nove mesto",0
5683,0,1,"banskobystricky kraj, banska bystrica",22
5685,1,1,"banskobystricky kraj, brezno",0
5692,1,1,"zilinsky kraj, cadca",23
5695,1,1,"zilinsky kraj, cadca",0
5725,1,0,"zilinsky kraj, kysucke nove mesto",22
5755,1,1,"zilinsky kraj, kysucke nove mesto",17
5778,1,0,"zilinsky kraj, kysucke nove mesto",24
5807,1,0,"banskobystricky kraj, brezno",25
5809,1,0,"zilinsky kraj, kysucke nove mesto",24
5814,1,0,"zilinsky kraj, zilina",0
5839,1,0,"banskobystricky kraj, brezno",20
5850,1,1,"banskobystricky kraj, krupina",22
5852,1,0,"banskobystricky kraj, detva",21
5854,1,1,"zilinsky kraj, zilina",0
5856,1,1,"zilinsky kraj, cadca",0
5861,1,0,"trenciansky kraj, trencin",16
5862,0,0,"zilinsky kraj, cadca",15
5864,0,1,"zilinsky kraj, cadca",18
5865,0,0,"zilinsky kraj, cadca",16
5866,0,0,"zilinsky kraj, cadca",0
5867,1,1,"bratislavsky kraj, bratislava - stare mesto",0
5868,0,0,"zilinsky kraj, cadca",0
5870,1,1,"trenciansky kraj, handlova",16
5871,1,1,"banskobystricky kraj, brezno",23
5872,0,0,"zilinsky kraj, cadca",0
5874,0,0,"zilinsky kraj, cadca",0
5875,0,1,"zilinsky kraj, zilina",0
5895,1,0,"zilinsky kraj, zilina",19
5912,1,1,"banskobystricky kraj, banska bystrica",0
5918,1,1,"banskobystricky kraj, banska bystrica",0
5925,0,1,"banskobystricky kraj, banska bystrica",17
5935,1,1,"bratislavsky kraj, bratislava - ruzinov",0
5936,1,1,"zilinsky kraj, cadca",18
5937,0,0,"zilinsky kraj, cadca",0
5938,1,1,"zilinsky kraj, turzovka",20
5944,1,0,"zahranicie, zahranicie - francuzsko",0
5946,0,1,"zilinsky kraj, rajec",20
5957,0,0,"zilinsky kraj, kysucke nove mesto",20
5975,1,1,"banskobystricky kraj, banska bystrica",22
5978,1,0,"banskobystricky kraj, banska bystrica",0
5980,0,1,"banskobystricky kraj, banska bystrica",20
5984,0,0,"zilinsky kraj, kysucke nove mesto",18
5986,1,0,"zilinsky kraj, kysucke nove mesto",18
5989,1,0,"nitriansky kraj, komarno",20
5991,0,0,"zilinsky kraj, kysucke nove mesto",0
6021,1,0,"zilinsky kraj, cadca",0
6023,1,1,"zilinsky kraj, cadca",18
6024,0,1,"zilinsky kraj, cadca",0
6026,1,1,"zilinsky kraj, martin",17
6027,1,1,"zilinsky kraj, cadca",16
6028,0,0,"zilinsky kraj, cadca",0
6029,0,0,"banskobystricky kraj, zarnovica",18
6030,0,1,"zilinsky kraj, cadca",18
6031,1,1,"zilinsky kraj, cadca",19
6033,0,1,"zahranicie, zahranicie - ostatne",0
6035,1,1,"zilinsky kraj, cadca",0
6036,1,0,"zilinsky kraj, cadca",16
6037,1,1,"zilinsky kraj, cadca",16
6038,1,0,"zilinsky kraj, cadca",0
6039,1,1,"zilinsky kraj, kysucke nove mesto",16
6040,0,0,"zilinsky kraj, zilina",0
6053,1,1,"banskobystricky kraj, brezno",21
6059,0,1,"trnavsky kraj, trnava",27
6061,1,0,"banskobystricky kraj, banska bystrica",16
6062,1,0,"banskobystricky kraj, banska bystrica",18
6067,1,0,"banskobystricky kraj, banska bystrica",18
6074,1,1,"banskobystricky kraj, banska bystrica",23
6100,1,0,"zilinsky kraj, kysucke nove mesto",0
6118,1,1,"banskobystricky kraj, banska bystrica",26
6119,1,0,"banskobystricky kraj, banska bystrica",21
6125,0,1,"banskobystricky kraj, brezno",0
6126,0,1,"zahranicie, zahranicie - kanada",18
6135,0,0,"banskobystricky kraj, banska bystrica",0
6137,0,0,"trnavsky kraj, sastin-straze",0
6173,1,0,"banskobystricky kraj, brezno",21
6180,1,1,"zilinsky kraj, cadca",16
6183,1,1,"zahranicie, zahranicie - ostatne",0
6186,1,1,"zahranicie, zahranicie - kanada",17
6193,1,1,"trenciansky kraj, stara tura",20
6195,1,1,"zilinsky kraj, cadca",0
6199,1,1,"zilinsky kraj, cadca",0
6200,1,0,"zilinsky kraj, zilina",17
6203,1,1,"zilinsky kraj, cadca",19
6208,0,0,"zilinsky kraj, cadca",0
6212,0,0,"zilinsky kraj, cadca",17
6214,0,0,"zilinsky kraj, zilina",15
6215,1,0,"trenciansky kraj, nemsova",18
6221,1,0,"zilinsky kraj, cadca",16
6225,1,1,"kosicky kraj, spisska nova ves",16
6227,1,1,"trenciansky kraj, stara tura",0
6228,1,0,"bratislavsky kraj, bratislava - stare mesto",0
6257,1,0,"zilinsky kraj, kysucke nove mesto",0
6267,1,1,"bratislavsky kraj, malacky",12
6277,0,1,"zilinsky kraj, kysucke nove mesto",19
6282,1,0,"trnavsky kraj, sered",0
6336,1,0,"zahranicie, zahranicie - usa",0
6339,1,0,"zilinsky kraj, kysucke nove mesto",18
6340,1,1,"zilinsky kraj, zilina",19
6347,0,0,"zahranicie, zahranicie - gb",0
6353,1,1,"zilinsky kraj, cadca",18
6354,0,0,"zahranicie, zahranicie - francuzsko",18
6355,1,1,"zilinsky kraj, cadca",20
6356,0,1,"zilinsky kraj, cadca",0
6357,0,0,"zilinsky kraj, cadca",16
6358,1,1,"zilinsky kraj, cadca",15
6359,0,0,"zilinsky kraj, cadca",0
6360,0,0,"zilinsky kraj, cadca",17
6361,1,1,"zilinsky kraj, zilina",0
6362,1,0,"zilinsky kraj, cadca",0
6363,1,1,"zilinsky kraj, zilina",17
6364,1,0,"zilinsky kraj, cadca",0
6365,1,1,"zilinsky kraj, cadca",0
6366,1,0,"zilinsky kraj, cadca",22
6367,1,0,"zilinsky kraj, cadca",16
6369,1,0,"zilinsky kraj, cadca",0
6370,0,0,"zilinsky kraj, cadca",0
6397,1,0,"zilinsky kraj, kysucke nove mesto",22
6404,0,1,"zilinsky kraj, kysucke nove mesto",0
6417,0,1,"zilinsky kraj, kysucke nove mesto",0
6421,1,0,"zilinsky kraj, zilina",0
6424,1,0,"zilinsky kraj, cadca",17
6425,0,0,"zilinsky kraj, krasno nad kysucou",0
6428,0,0,"zilinsky kraj, cadca",17
6429,0,0,"zilinsky kraj, cadca",0
6430,1,0,"zilinsky kraj, cadca",0
6431,0,1,"zilinsky kraj, cadca",15
6432,1,0,"zilinsky kraj, cadca",0
6434,1,0,"zilinsky kraj, cadca",0
6435,0,0,"zilinsky kraj, krasno nad kysucou",18
6436,0,0,"zilinsky kraj, cadca",16
6438,0,1,"zilinsky kraj, cadca",0
6471,0,0,"zahranicie, zahranicie - ostatne",0
6481,1,1,"zilinsky kraj, kysucke nove mesto",17
6488,1,0,"zilinsky kraj, kysucke nove mesto",23
6493,0,0,"banskobystricky kraj, brezno",21
6502,1,0,"zahranicie, zahranicie - kanada",18
6506,1,1,"zilinsky kraj, kysucke nove mesto",17
6508,0,0,"zilinsky kraj, cadca",14
6511,1,1,"zilinsky kraj, cadca",0
6513,1,0,"zilinsky kraj, cadca",0
6515,0,0,"zilinsky kraj, cadca",0
6517,1,0,"zilinsky kraj, cadca",19
6520,1,0,"zilinsky kraj, cadca",15
6521,0,1,"zilinsky kraj, zilina",0
6522,1,0,"zilinsky kraj, cadca",13
6523,0,1,"zilinsky kraj, cadca",16
6524,0,1,"zilinsky kraj, cadca",0
6525,1,1,"zilinsky kraj, cadca",0
6527,0,0,"zilinsky kraj, cadca",16
6528,0,0,"zilinsky kraj, cadca",0
6529,0,0,"zilinsky kraj, cadca",13
6530,0,0,"banskobystricky kraj, zarnovica",0
6531,1,0,"zilinsky kraj, cadca",13
6538,1,0,"zahranicie, zahranicie - usa",15
6547,1,1,"banskobystricky kraj, brezno",20
6570,1,0,"zilinsky kraj, kysucke nove mesto",0
6574,0,0,"trenciansky kraj, prievidza",18
6577,1,0,"zilinsky kraj, bytca",20
6596,1,0,"trnavsky kraj, hlohovec",18
6606,1,1,"zilinsky kraj, cadca",0
6607,0,0,"zilinsky kraj, cadca",17
6626,1,1,"zilinsky kraj, cadca",21
6639,1,1,"zilinsky kraj, kysucke nove mesto",21
6645,0,0,"zilinsky kraj, kysucke nove mesto",0
6648,0,0,"zilinsky kraj, kysucke nove mesto",19
6660,1,1,"zilinsky kraj, kysucke nove mesto",0
6667,1,1,"zilinsky kraj, cadca",22
6668,1,0,"zilinsky kraj, cadca",0
6692,1,0,"banskobystricky kraj, brezno",19
6705,1,1,"zilinsky kraj, kysucke nove mesto",18
6729,0,0,"zilinsky kraj, zilina",19
6748,0,1,"nitriansky kraj, topolcany",0
6759,0,1,"zilinsky kraj, cadca",0
6778,1,0,"banskobystricky kraj, banska bystrica",0
6781,0,1,"zahranicie, zahranicie - kanada",17
6782,1,0,"banskobystricky kraj, banska bystrica",18
6783,1,1,"banskobystricky kraj, banska bystrica",0
6849,0,0,"ceska republika, cz - praha",0
6874,1,0,"banskobystricky kraj, brezno",20
6891,0,1,"banskobystricky kraj, brezno",0
6916,0,0,"banskobystricky kraj, banska bystrica",0
6917,1,1,"banskobystricky kraj, banska bystrica",0
6918,1,0,"banskobystricky kraj, banska bystrica",20
6927,1,1,"zilinsky kraj, zilina",0
6966,0,0,"zilinsky kraj, kysucke nove mesto",20
6971,0,0,"banskobystricky kraj, brezno",21
6976,0,1,"zilinsky kraj, cadca",17
6977,0,1,"zilinsky kraj, cadca",0
6978,1,1,"zilinsky kraj, cadca",20
6980,1,1,"zilinsky kraj, cadca",16
6982,1,0,"zilinsky kraj, cadca",19
7015,1,0,"zilinsky kraj, kysucke nove mesto",23
7032,1,1,"banskobystricky kraj, banska bystrica",19
7037,0,0,"banskobystricky kraj, banska bystrica",17
7038,1,0,"banskobystricky kraj, banska bystrica",19
7056,0,0,"zilinsky kraj, cadca",0
7057,1,1,"zilinsky kraj, bytca",18
7058,1,1,"zilinsky kraj, cadca",17
7059,0,1,"zilinsky kraj, cadca",0
7060,0,1,"zilinsky kraj, cadca",0
7061,0,1,"banskobystricky kraj, zarnovica",16
7062,1,1,"zilinsky kraj, cadca",18
7063,0,1,"zilinsky kraj, cadca",20
7089,1,0,"trnavsky kraj, hlohovec",16
7132,0,0,"zilinsky kraj, cadca",0
7136,1,0,"zilinsky kraj, cadca",12
7137,1,1,"trnavsky kraj, hlohovec",0
7190,1,0,"banskobystricky kraj, brezno",16
7215,0,0,"zilinsky kraj, zilina",18
7241,1,0,"banskobystricky kraj, brezno",19
7246,0,1,"bratislavsky kraj, bratislava - petrzalka",0
7266,1,1,"zilinsky kraj, kysucke nove mesto",0
7272,1,0,"zilinsky kraj, zilina",18
7281,1,0,"zilinsky kraj, cadca",17
7285,0,1,"zahranicie, zahranicie - ostatne",0
7313,1,1,"banskobystricky kraj, banska bystrica",19
7326,0,0,"banskobystricky kraj, brezno",20
7358,1,1,"zahranicie, zahranicie - francuzsko",0
7468,1,0,"zilinsky kraj, kysucke nove mesto",19
7474,0,0,"zilinsky kraj, zilina",23
7504,1,0,"kosicky kraj, spisska nova ves",18
7509,1,1,"zilinsky kraj, zilina",21
7538,1,1,"zilinsky kraj, zilina",23
7584,1,1,"banskobystricky kraj, banska bystrica",20
7596,1,1,"zahranicie, zahranicie - gb",0
7621,1,1,"zilinsky kraj, zilina",0
7625,1,0,"zilinsky kraj, kysucke nove mesto",16
7655,0,1,"banskobystricky kraj, brezno",21
7661,1,0,"zahranicie, zahranicie - francuzsko",0
7675,1,0,"bratislavsky kraj, bratislava - stare mesto",24
7736,1,0,"zilinsky kraj, zilina",18
7756,0,1,"zilinsky kraj, kysucke nove mesto",22
7768,1,0,"zilinsky kraj, kysucke nove mesto",0
7769,1,1,"zilinsky kraj, kysucke nove mesto",0
7774,1,0,"banskobystricky kraj, brezno",19
7784,1,1,"banskobystricky kraj, brezno",0
7794,0,1,"zahranicie, zahranicie - rakusko",0
7797,0,0,"zilinsky kraj, liptovsky hradok",14
7804,0,0,"banskobystricky kraj, hnusta",0
7819,0,1,"zilinsky kraj, kysucke nove mesto",0
7837,0,0,"zilinsky kraj, turzovka",18
7858,1,1,"zilinsky kraj, zilina",0
7922,1,0,"zilinsky kraj, zilina",18
7940,0,0,"zilinsky kraj, zilina",0
7943,0,0,"zilinsky kraj, zilina",0
8030,0,0,"zilinsky kraj, namestovo",0
8065,1,0,"banskobystricky kraj, zvolen",22
8077,1,0,"zilinsky kraj, zilina",0
8078,1,0,"trenciansky kraj, prievidza",0
8083,1,0,"zilinsky kraj, kysucke nove mesto",25
8086,0,0,"zilinsky kraj, kysucke nove mesto",0
8087,0,0,"banskobystricky kraj, banska stiavnica",23
8148,1,0,"zilinsky kraj, kysucke nove mesto",0
8172,0,1,"zilinsky kraj, cadca",22
8174,1,0,"zilinsky kraj, turzovka",0
8223,1,1,"banskobystricky kraj, banska stiavnica",19
8224,1,0,"zilinsky kraj, kysucke nove mesto",0
8250,0,0,"zahranicie, zahranicie - francuzsko",16
8261,1,0,"kosicky kraj, kosice - dargovskych hrdinov",0
8268,0,0,"zahranicie, zahranicie - usa",12
8271,0,0,"zahranicie, zahranicie - usa",0
8275,1,0,"trenciansky kraj, nove mesto nad vahom",16
8280,0,0,"trenciansky kraj, partizanske",15
8297,1,0,"zilinsky kraj, cadca",17
8315,0,0,"zilinsky kraj, cadca",0
8341,0,1,"zilinsky kraj, kysucke nove mesto",22
8406,1,1,"banskobystricky kraj, brezno",21
8429,0,0,"zilinsky kraj, zilina",0
8434,1,0,"zilinsky kraj, cadca",0
8466,1,1,"zilinsky kraj, kysucke nove mesto",20
8496,1,0,"zilinsky kraj, trstena",0
8500,1,0,"zahranicie, zahranicie - kanada",0
8522,1,0,"zahranicie, zahranicie - ostatne",15
8533,1,1,"zilinsky kraj, cadca",18
8534,0,1,"zilinsky kraj, cadca",19
8574,1,1,"banskobystricky kraj, brezno",23
8576,1,1,"zilinsky kraj, zilina",0
8592,1,0,"banskobystricky kraj, brezno",20
8607,1,0,"zilinsky kraj, zilina",0
8624,1,0,"zilinsky kraj, cadca",12
8633,1,1,"banskobystricky kraj, brezno",19
8634,0,0,"zilinsky kraj, cadca",0
8658,1,0,"zilinsky kraj, kysucke nove mesto",19
8671,1,1,"banskobystricky kraj, brezno",21
8677,0,1,"presovsky kraj, poprad",20
8679,0,0,"zilinsky kraj, cadca",0
8760,1,0,"zilinsky kraj, zilina",15
8787,1,0,"zilinsky kraj, kysucke nove mesto",0
8790,1,1,"zahranicie, zahranicie - ostatne",0
8801,1,1,"zahranicie, zahranicie - nemecko",21
8810,1,1,"zilinsky kraj, krasno nad kysucou",18
8824,1,0,"zilinsky kraj, namestovo",16
8829,0,0,"nitriansky kraj, vrable",14
8830,1,1,"presovsky kraj, vranov nad toplou",15
8865,0,0,"banskobystricky kraj, brezno",22
8888,1,1,"zilinsky kraj, zilina",20
8895,1,1,"zilinsky kraj, cadca",20
8911,1,0,"zilinsky kraj, zilina",19
8912,1,0,"trnavsky kraj, holic",0
8923,0,1,"nitriansky kraj, topolcany",21
8990,1,1,"banskobystricky kraj, brezno",19
8996,0,0,"banskobystricky kraj, brezno",19
9002,1,1,"banskobystricky kraj, brezno",20
9087,0,0,"banskobystricky kraj, brezno",19
9110,0,1,"zahranicie, zahranicie - ostatne",0
9113,1,1,"zilinsky kraj, namestovo",19
9118,1,1,"trenciansky kraj, novaky",13
9120,0,0,"presovsky kraj, humenne",0
9145,1,0,"banskobystricky kraj, brezno",18
9157,0,1,"banskobystricky kraj, brezno",0
9287,0,1,"nitriansky kraj, sala",0
9351,0,0,"presovsky kraj, poprad",18
9364,1,0,"banskobystricky kraj, brezno",18
9367,0,0,"banskobystricky kraj, brezno",18
9383,1,0,"zilinsky kraj, cadca",19
9411,1,1,"banskobystricky kraj, banska bystrica",17
9412,0,1,"zilinsky kraj, bytca",21
9415,1,1,"zilinsky kraj, kysucke nove mesto",0
9452,0,1,"presovsky kraj, presov",18
9479,0,1,"zahranicie, zahranicie - ostatne",32
9491,0,0,"zilinsky kraj, kysucke nove mesto",0
9514,1,0,"zilinsky kraj, zilina",17
9622,0,0,"zilinsky kraj, kysucke nove mesto",0
9678,0,0,"banskobystricky kraj, brezno",19
9684,1,1,"banskobystricky kraj, brezno",0
9714,0,0,"nitriansky kraj, nitra",22
9732,1,0,"zilinsky kraj, zilina",21
9787,0,1,"zilinsky kraj, bytca",0
9828,1,0,"kosicky kraj, kosice - barca",22
9853,0,1,"banskobystricky kraj, brezno",19
9855,1,1,"banskobystricky kraj, brezno",19
9858,1,0,"zahranicie, zahranicie - ostatne",0
9898,0,1,"zilinsky kraj, rajec",22
9913,0,0,"zilinsky kraj, bytca",0
9914,1,1,"zilinsky kraj, zilina",17
9917,1,0,"zahranicie, zahranicie - ostatne",19
9939,0,1,"banskobystricky kraj, tornala",0
9992,1,0,"zilinsky kraj, zilina",20
10044,1,1,"banskobystricky kraj, rimavska sobota",19
10084,1,1,"zilinsky kraj, zilina",19
10095,0,0,"banskobystricky kraj, brezno",0
10098,1,0,"banskobystricky kraj, brezno",0
10130,0,0,"banskobystricky kraj, modry kamen",0
10164,1,1,"banskobystricky kraj, brezno",0
10172,1,0,"zahranicie, zahranicie - gb",22
10179,1,1,"zilinsky kraj, cadca",21
10209,1,0,"banskobystricky kraj, brezno",21
10210,0,0,"banskobystricky kraj, brezno",20
10211,0,0,"banskobystricky kraj, brezno",21
10212,1,0,"banskobystricky kraj, brezno",0
10219,1,0,"banskobystricky kraj, brezno",20
10227,1,1,"zilinsky kraj, cadca",23
10275,0,0,"zilinsky kraj, zilina",19
10390,1,1,"banskobystricky kraj, brezno",24
10566,0,0,"zilinsky kraj, zilina",0
10567,0,1,"zilinsky kraj, kysucke nove mesto",0
10610,0,1,"zilinsky kraj, kysucke nove mesto",0
10703,0,1,"zilinsky kraj, kysucke nove mesto",23
10726,1,0,"bratislavsky kraj, bratislava - stare mesto",26
10857,1,0,"banskobystricky kraj, brezno",0
10859,1,0,"banskobystricky kraj, brezno",15
10864,0,1,"zilinsky kraj, cadca",0
10873,1,0,"zahranicie, zahranicie - australia",0
10966,1,1,"banskobystricky kraj, brezno",19
10983,1,1,"zilinsky kraj, cadca",21
10985,1,1,"zilinsky kraj, cadca",23
11138,0,0,"banskobystricky kraj, banska bystrica",22
11145,1,1,"zilinsky kraj, cadca",23
11170,1,0,"banskobystricky kraj, brezno",21
11204,1,0,"banskobystricky kraj, brezno",0
11205,0,0,"zahranicie, zahranicie - nemecko",0
11226,1,0,"banskobystricky kraj, brezno",18
11328,1,1,"zilinsky kraj, zilina",19
11329,1,1,"trenciansky kraj, trencin",13
11343,1,0,"banskobystricky kraj, brezno",18
11347,1,0,"zilinsky kraj, zilina",13
11361,1,0,"zilinsky kraj, zilina",17
11362,1,1,"zilinsky kraj, zilina",0
11413,1,0,"zilinsky kraj, kysucke nove mesto",20
11450,1,0,"trenciansky kraj, trencin",0
11474,0,0,"banskobystricky kraj, banska bystrica",21
11498,1,0,"zilinsky kraj, zilina",0
11509,1,0,"zilinsky kraj, zilina",17
11561,0,0,"banskobystricky kraj, brezno",19
11608,1,1,"zilinsky kraj, kysucke nove mesto",0
11609,1,1,"zilinsky kraj, turzovka",22
11618,1,1,"trnavsky kraj, trnava",0
11621,1,1,"trnavsky kraj, trnava",0
11628,1,1,"zilinsky kraj, zilina",30
11641,0,0,"bratislavsky kraj, bratislava - dubravka",0
11649,0,0,"zilinsky kraj, zilina",18
11671,1,1,"zilinsky kraj, turzovka",22
11675,1,0,"zilinsky kraj, rajec",0
11711,1,1,"kosicky kraj, kosice - okolie",0
11712,1,1,"zilinsky kraj, trstena",20
11718,0,1,"zilinsky kraj, ruzomberok",0
11727,1,1,"zilinsky kraj, kysucke nove mesto",21
11728,1,1,"zilinsky kraj, turzovka",22
11729,1,1,"zilinsky kraj, cadca",22
11736,1,1,"zilinsky kraj, kysucke nove mesto",23
11767,1,1,"zilinsky kraj, zilina",0
11790,1,1,"zilinsky kraj, kysucke nove mesto",21
11793,1,1,"zilinsky kraj, cadca",22
11795,1,1,"zilinsky kraj, turzovka",22
11816,0,0,"zilinsky kraj, kysucke nove mesto",18
11818,1,0,"zilinsky kraj, zilina",0
11821,1,0,"zilinsky kraj, kysucke nove mesto",14
11831,1,1,"zilinsky kraj, cadca",0
11844,1,0,"zilinsky kraj, bytca",21
11938,1,0,"zilinsky kraj, martin",21
12009,0,0,"zilinsky kraj, turzovka",0
12020,1,0,"zilinsky kraj, zilina",21
12078,1,1,"zilinsky kraj, zilina",28
12083,0,0,"kosicky kraj, spisska nova ves",19
12085,1,1,"zilinsky kraj, zilina",0
12088,1,1,"zilinsky kraj, rajecke teplice",25
12093,1,1,"zilinsky kraj, kysucke nove mesto",0
12102,1,0,"zahranicie, zahranicie - ostatne",16
12143,0,0,"zilinsky kraj, zilina",18
12165,1,0,"zahranicie, zahranicie - ostatne",0
12176,0,0,"zilinsky kraj, zilina",19
12185,1,0,"zilinsky kraj, cadca",18
12206,1,0,"zilinsky kraj, zilina",0
12216,1,0,"zilinsky kraj, kysucke nove mesto",22
12249,1,1,"zilinsky kraj, kysucke nove mesto",19
12285,1,1,"zilinsky kraj, zilina",17
12306,1,1,"zahranicie, zahranicie - ostatne",21
12334,1,0,"zilinsky kraj, kysucke nove mesto",0
12353,1,1,"bratislavsky kraj, bratislava - petrzalka",21
12396,0,1,"banskobystricky kraj, brezno",0
12412,1,1,"zilinsky kraj, cadca",21
12415,1,0,"zilinsky kraj, zilina",0
12429,1,0,"zilinsky kraj, kysucke nove mesto",0
12437,0,1,"zilinsky kraj, kysucke nove mesto",0
12453,0,1,"zilinsky kraj, kysucke nove mesto",21
12468,1,1,"zilinsky kraj, zilina",20
12479,1,1,"zilinsky kraj, kysucke nove mesto",22
12485,1,1,"zahranicie, zahranicie - gb",0
12523,1,0,"zilinsky kraj, zilina",21
12525,0,1,"zilinsky kraj, kysucke nove mesto",20
12539,1,0,"zilinsky kraj, kysucke nove mesto",0
12570,1,0,"zilinsky kraj, cadca",22
12579,1,1,"zilinsky kraj, cadca",21
12601,1,1,"zilinsky kraj, zilina",19
12606,1,0,"zilinsky kraj, kysucke nove mesto",14
12651,0,0,"zahranicie, zahranicie - ostatne",0
12732,1,1,"trnavsky kraj, trnava",20
12749,0,0,"zilinsky kraj, zilina",0
12904,1,0,"zilinsky kraj, zilina",0
12907,1,1,"zilinsky kraj, kysucke nove mesto",0
12909,1,0,"zilinsky kraj, kysucke nove mesto",15
12912,1,0,"zilinsky kraj, kysucke nove mesto",0
12917,0,0,"zilinsky kraj, kysucke nove mesto",0
12925,1,1,"banskobystricky kraj, brezno",26
12966,0,1,"zilinsky kraj, kysucke nove mesto",18
12971,0,0,"zilinsky kraj, martin",20
12982,1,0,"zilinsky kraj, zilina",0
13015,1,0,"zilinsky kraj, kysucke nove mesto",22
13019,1,0,"zilinsky kraj, kysucke nove mesto",0
13020,1,0,"zilinsky kraj, kysucke nove mesto",16
13023,0,0,"banskobystricky kraj, kremnica",0
13035,1,1,"banskobystricky kraj, brezno",28
13052,1,0,"zilinsky kraj, bytca",0
13066,1,0,"zilinsky kraj, kysucke nove mesto",0
13067,0,0,"zilinsky kraj, zilina",27
13083,1,1,"banskobystricky kraj, brezno",28
13095,1,1,"zilinsky kraj, kysucke nove mesto",17
13138,1,0,"zilinsky kraj, cadca",18
13157,1,1,"trnavsky kraj, trnava",0
13166,1,1,"trnavsky kraj, trnava",20
13168,1,0,"trnavsky kraj, trnava",0
13171,1,0,"kosicky kraj, roznava",0
13174,1,1,"zilinsky kraj, zilina",0
13192,1,0,"zilinsky kraj, kysucke nove mesto",0
13222,1,0,"zilinsky kraj, zilina",20
13231,1,1,"zilinsky kraj, zilina",21
13236,1,0,"trnavsky kraj, trnava",0
13247,0,1,"zilinsky kraj, martin",26
13269,1,0,"zilinsky kraj, zilina",20
13287,1,0,"zilinsky kraj, zilina",0
13320,1,1,"trnavsky kraj, hlohovec",18
13332,1,1,"zilinsky kraj, kysucke nove mesto",20
13399,1,1,"trnavsky kraj, trnava",21
13470,1,1,"zilinsky kraj, kysucke nove mesto",19
13493,1,0,"zilinsky kraj, cadca",0
13501,0,0,"trenciansky kraj, povazska bystrica",20
13505,0,1,"banskobystricky kraj, brezno",25
13525,0,1,"zilinsky kraj, zilina",0
13550,1,1,"zahranicie, zahranicie - gb",22
13571,0,0,"zilinsky kraj, kysucke nove mesto",0
13609,1,1,"zilinsky kraj, kysucke nove mesto",23
13633,1,1,"zilinsky kraj, cadca",28
13660,1,1,"zilinsky kraj, bytca",0
13681,1,1,"trnavsky kraj, trnava",21
13687,1,1,"trnavsky kraj, piestany",19
13708,0,1,"zilinsky kraj, zilina",0
13711,0,1,"zilinsky kraj, zilina",0
13713,1,0,"zahranicie, zahranicie - usa",19
13725,1,0,"zilinsky kraj, cadca",0
13726,0,1,"presovsky kraj, poprad",26
13801,0,1,"nitriansky kraj, nove zamky",25
13938,1,1,"zilinsky kraj, zilina",18
13965,0,1,"zilinsky kraj, cadca",23
13999,1,1,"zilinsky kraj, zilina",0
14001,0,0,"zilinsky kraj, zilina",0
14040,0,1,"trenciansky kraj, povazska bystrica",22
14213,0,0,"zilinsky kraj, zilina",0
14221,1,1,"zilinsky kraj, zilina",20
14225,1,1,"zilinsky kraj, zilina",0
14226,0,1,"zilinsky kraj, kysucke nove mesto",0
14228,1,1,"zilinsky kraj, zilina",18
14264,0,1,"trenciansky kraj, trencin",22
14273,0,0,"zilinsky kraj, namestovo",17
14281,0,0,"zilinsky kraj, zilina",0
14334,1,1,"zilinsky kraj, zilina",17
14343,1,0,"zahranicie, zahranicie - francuzsko",20
14366,1,0,"zahranicie, zahranicie - gb",17
14413,0,0,"zilinsky kraj, zilina",0
14415,0,0,"zilinsky kraj, zilina",0
14419,0,0,"zilinsky kraj, martin",30
14479,1,0,"zilinsky kraj, kysucke nove mesto",0
14493,1,1,"zilinsky kraj, zilina",0
14500,1,0,"zilinsky kraj, zilina",17
14515,1,0,"zilinsky kraj, kysucke nove mesto",16
14516,1,0,"zilinsky kraj, kysucke nove mesto",16
14517,0,0,"zilinsky kraj, kysucke nove mesto",17
14518,1,1,"zilinsky kraj, kysucke nove mesto",17
14534,1,0,"zilinsky kraj, zilina",21
14574,0,1,"zilinsky kraj, zilina",20
14581,0,0,"zilinsky kraj, zilina",0
14607,1,1,"ceska republika, cz - praha",18
14619,0,0,"zilinsky kraj, kysucke nove mesto",0
14624,0,0,"zilinsky kraj, zilina",0
14629,0,1,"zilinsky kraj, kysucke nove mesto",0
14646,1,1,"zilinsky kraj, zilina",22
14652,1,1,"zilinsky kraj, zilina",19
14661,1,0,"zilinsky kraj, zilina",20
14663,0,1,"zilinsky kraj, zilina",0
14666,1,0,"zilinsky kraj, zilina",23
14677,1,0,"zilinsky kraj, kysucke nove mesto",0
14679,0,0,"zilinsky kraj, kysucke nove mesto",0
14686,0,1,"zilinsky kraj, zilina",0
14690,1,1,"zilinsky kraj, kysucke nove mesto",0
14691,1,0,"zilinsky kraj, kysucke nove mesto",16
14805,0,1,"zilinsky kraj, kysucke nove mesto",17
14807,1,0,"zilinsky kraj, zilina",0
14810,0,0,"zilinsky kraj, kysucke nove mesto",0
14814,0,0,"zilinsky kraj, cadca",0
14823,1,1,"zilinsky kraj, zilina",15
14824,1,1,"zilinsky kraj, zilina",18
14827,0,1,"zilinsky kraj, zilina",0
14835,1,1,"zilinsky kraj, zilina",0
14856,1,1,"zilinsky kraj, kysucke nove mesto",0
14857,0,0,"zilinsky kraj, zilina",16
14859,1,0,"bratislavsky kraj, bratislava - raca",0
14864,0,0,"zilinsky kraj, kysucke nove mesto",0
14867,1,0,"zilinsky kraj, kysucke nove mesto",18
14871,1,1,"zilinsky kraj, kysucke nove mesto",16
14885,1,0,"trenciansky kraj, banovce nad bebravou",0
14892,1,1,"zilinsky kraj, kysucke nove mesto",19
14895,0,0,"zilinsky kraj, kysucke nove mesto",16
14896,1,0,"zilinsky kraj, kysucke nove mesto",0
14898,1,1,"zilinsky kraj, kysucke nove mesto",16
14902,1,0,"zilinsky kraj, zilina",22
14907,0,0,"zilinsky kraj, zilina",0
14908,0,1,"zilinsky kraj, zilina",22
14909,1,0,"zilinsky kraj, zilina",23
14954,1,0,"zilinsky kraj, zilina",0
14956,1,0,"zahranicie, zahranicie - francuzsko",20
14970,0,1,"zilinsky kraj, kysucke nove mesto",19
14983,1,1,"zilinsky kraj, kysucke nove mesto",17
14994,1,0,"trenciansky kraj, povazska bystrica",23
14999,0,0,"zilinsky kraj, zilina",24
15108,0,1,"zilinsky kraj, zilina",20
15124,1,0,"zilinsky kraj, kysucke nove mesto",0
15127,1,1,"zilinsky kraj, zilina",16
15131,0,0,"zilinsky kraj, cadca",18
15140,0,0,"zahranicie, zahranicie - usa",0
15146,1,0,"zilinsky kraj, zilina",24
15149,1,0,"trenciansky kraj, povazska bystrica",23
15150,0,0,"zilinsky kraj, zilina",23
15152,1,0,"zilinsky kraj, zilina",23
15194,1,0,"zilinsky kraj, bytca",0
15214,0,1,"zilinsky kraj, cadca",0
15231,0,1,"zilinsky kraj, zilina",19
15355,1,0,"zilinsky kraj, zilina",0
15359,0,0,"zahranicie, zahranicie - francuzsko",19
15372,0,0,"zilinsky kraj, zilina",21
15454,1,0,"zilinsky kraj, kysucke nove mesto",0
15480,0,1,"zilinsky kraj, kysucke nove mesto",19
15539,1,1,"zilinsky kraj, zilina",24
15555,0,1,"zilinsky kraj, zilina",19
15641,1,0,"zilinsky kraj, namestovo",0
15664,0,0,"zahranicie, zahranicie - usa",0
15761,1,1,"zilinsky kraj, zilina",29
15766,1,1,"zilinsky kraj, rajecke teplice",0
15789,1,1,"zilinsky kraj, zilina",21
15793,1,1,"zilinsky kraj, zilina",0
15843,1,1,"zilinsky kraj, kysucke nove mesto",15
15900,1,1,"zilinsky kraj, zilina",22
15907,0,1,"zilinsky kraj, kysucke nove mesto",29
15975,1,0,"zilinsky kraj, zilina",0
15988,1,0,"zilinsky kraj, zilina",0
16025,1,0,"zilinsky kraj, zilina",20
16160,1,1,"presovsky kraj, humenne",0
16227,1,1,"zilinsky kraj, rajecke teplice",20
16237,0,1,"zilinsky kraj, zilina",20
16238,0,1,"zilinsky kraj, zilina",20
16272,1,0,"zilinsky kraj, cadca",18
16335,0,0,"banskobystricky kraj, banska bystrica",19
16384,1,0,"zilinsky kraj, cadca",0
16439,1,0,"zilinsky kraj, cadca",18
16441,1,0,"zilinsky kraj, cadca",18
16498,1,0,"zilinsky kraj, cadca",0
16500,1,0,"zilinsky kraj, zilina",17
16503,1,1,"zilinsky kraj, namestovo",22
16570,1,1,"zilinsky kraj, zilina",20
16571,1,1,"zilinsky kraj, zilina",0
16655,1,0,"zilinsky kraj, zilina",23
16765,1,1,"zilinsky kraj, turcianske teplice",0
16805,1,1,"zilinsky kraj, rajec",21
16842,0,1,"zilinsky kraj, zilina",15
16862,1,0,"zahranicie, zahranicie - francuzsko",18
16864,1,0,"zilinsky kraj, cadca",18
16899,1,0,"zilinsky kraj, zilina",15
16903,0,0,"zilinsky kraj, zilina",0
16917,1,1,"zilinsky kraj, zilina",21
16974,1,0,"zilinsky kraj, cadca",20
16978,1,1,"trenciansky kraj, ilava",15
16985,1,1,"zilinsky kraj, cadca",18
16996,1,1,"zilinsky kraj, zilina",13
17006,1,1,"zilinsky kraj, zilina",0
17091,1,0,"zilinsky kraj, cadca",0
17097,1,1,"zilinsky kraj, zilina",18
17115,1,1,"bratislavsky kraj, bratislava - podunaj. biskupice",24
17121,0,1,"kosicky kraj, michalovce",20
17131,1,0,"zilinsky kraj, turzovka",14
17172,1,0,"zilinsky kraj, cadca",20
17182,0,1,"zilinsky kraj, cadca",0
17216,1,1,"zilinsky kraj, cadca",21
17303,1,1,"zilinsky kraj, cadca",18
17318,1,1,"presovsky kraj, stropkov",21
17372,1,1,"trenciansky kraj, povazska bystrica",17
17384,1,1,"zilinsky kraj, zilina",24
17400,1,1,"zilinsky kraj, rajec",0
17433,0,0,"zilinsky kraj, cadca",11
17435,1,1,"zilinsky kraj, turzovka",21
17677,1,0,"zilinsky kraj, kysucke nove mesto",0
17680,0,0,"zilinsky kraj, kysucke nove mesto",0
17697,0,1,"zilinsky kraj, kysucke nove mesto",18
17711,1,1,"zilinsky kraj, zilina",0
17723,0,0,"zilinsky kraj, zilina",28
17813,1,0,"zilinsky kraj, zilina",15
17831,1,1,"nitriansky kraj, sala",0
17841,1,0,"zilinsky kraj, zilina",0
17904,1,0,"zilinsky kraj, kysucke nove mesto",18
17927,1,1,"trenciansky kraj, povazska bystrica",19
17977,1,1,"zilinsky kraj, zilina",20
17978,1,1,"zilinsky kraj, zilina",0
18005,1,1,"zilinsky kraj, bytca",20
18027,1,1,"zilinsky kraj, zilina",24
18113,0,0,"bratislavsky kraj, senec",0
18118,0,0,"zilinsky kraj, bytca",0
18123,0,1,"zilinsky kraj, kysucke nove mesto",16
18147,1,1,"zilinsky kraj, cadca",17
18160,1,0,"zilinsky kraj, zilina",21
18225,1,1,"zilinsky kraj, namestovo",0
18253,0,1,"zilinsky kraj, zilina",19
18269,1,1,"zilinsky kraj, turzovka",0
18298,1,1,"zilinsky kraj, dolny kubin",22
18368,1,1,"zilinsky kraj, dolny kubin",19
18384,0,1,"bratislavsky kraj, bratislava - stare mesto",0
18408,1,0,"zilinsky kraj, zilina",21
18477,0,0,"zilinsky kraj, namestovo",18
18487,0,0,"zilinsky kraj, kysucke nove mesto",18
18493,1,1,"zilinsky kraj, zilina",19
18498,0,1,"zilinsky kraj, namestovo",20
18503,1,0,"zilinsky kraj, namestovo",19
18531,1,1,"zilinsky kraj, zilina",20
18539,1,1,"zilinsky kraj, zilina",22
18667,0,0,"zilinsky kraj, zilina",0
18671,1,1,"zilinsky kraj, zilina",19
18674,1,0,"banskobystricky kraj, filakovo",0
18683,0,1,"trenciansky kraj, trencin",20
18686,1,1,"zahranicie, zahranicie - ostatne",18
18710,1,1,"zilinsky kraj, kysucke nove mesto",18
18729,1,1,"banskobystricky kraj, banska bystrica",20
18745,0,1,"presovsky kraj, vranov nad toplou",19
18757,1,0,"zilinsky kraj, zilina",20
18821,0,1,"zilinsky kraj, zilina",17
18834,0,0,"zilinsky kraj, zilina",17
18911,0,0,"zilinsky kraj, kysucke nove mesto",17
18928,1,1,"zilinsky kraj, turzovka",21
18962,0,1,"zilinsky kraj, zilina",23
19037,1,0,"zilinsky kraj, martin",19
19059,0,0,"zilinsky kraj, zilina",0
19110,1,1,"zilinsky kraj, cadca",19
19113,0,1,"nitriansky kraj, nitra",26
19158,0,1,"zilinsky kraj, cadca",19
19165,0,0,"zilinsky kraj, kysucke nove mesto",0
19166,1,0,"zilinsky kraj, kysucke nove mesto",0
19176,0,0,"zilinsky kraj, kysucke nove mesto",17
19234,0,0,"zilinsky kraj, kysucke nove mesto",0
19251,0,0,"zilinsky kraj, kysucke nove mesto",16
19276,1,1,"zilinsky kraj, kysucke nove mesto",23
19292,1,0,"zahranicie, zahranicie - usa",0
19310,1,1,"zilinsky kraj, zilina",18
19353,1,0,"zilinsky kraj, namestovo",15
19355,0,0,"zilinsky kraj, namestovo",14
19366,0,0,"zilinsky kraj, kysucke nove mesto",23
19373,1,1,"banskobystricky kraj, brezno",0
19424,1,0,"zilinsky kraj, zilina",19
19448,0,0,"zilinsky kraj, zilina",0
19539,1,1,"zilinsky kraj, zilina",29
19564,1,1,"trenciansky kraj, nova dubnica",13
19618,0,1,"zilinsky kraj, zilina",24
19672,1,0,"zilinsky kraj, namestovo",19
19676,1,1,"zilinsky kraj, namestovo",19
19733,1,0,"banskobystricky kraj, velky krtis",18
19743,1,1,"zilinsky kraj, rajec",0
19751,0,0,"zilinsky kraj, zilina",19
19758,1,1,"zilinsky kraj, zilina",0
19783,1,0,"zilinsky kraj, zilina",14
19789,1,0,"zilinsky kraj, namestovo",19
19818,1,0,"zilinsky kraj, namestovo",14
19865,1,1,"zilinsky kraj, bytca",19
19891,0,0,"zilinsky kraj, zilina",0
19900,0,1,"zilinsky kraj, turzovka",21
19908,0,0,"zilinsky kraj, kysucke nove mesto",0
19930,0,0,"zilinsky kraj, zilina",20
19975,1,1,"zilinsky kraj, cadca",0
20034,0,0,"zilinsky kraj, kysucke nove mesto",18
20035,0,0,"zilinsky kraj, bytca",0
20041,0,0,"zilinsky kraj, kysucke nove mesto",0
20042,0,0,"zilinsky kraj, kysucke nove mesto",0
20046,1,0,"zahranicie, zahranicie - ostatne",0
20059,1,0,"zilinsky kraj, cadca",24
20072,0,1,"zilinsky kraj, zilina",21
20178,1,1,"zilinsky kraj, zilina",22
20186,1,0,"zilinsky kraj, turzovka",18
20211,1,1,"zilinsky kraj, cadca",22
20218,1,1,"zahranicie, zahranicie - nemecko",0
20275,1,0,"presovsky kraj, lipany",14
20315,1,1,"zilinsky kraj, zilina",19
20344,0,0,"zilinsky kraj, kysucke nove mesto",0
20351,0,0,"zahranicie, zahranicie - nemecko",17
20372,1,0,"nitriansky kraj, vrable",21
20400,1,1,"zilinsky kraj, zilina",0
20421,1,0,"zilinsky kraj, cadca",15
20437,0,0,"zilinsky kraj, zilina",17
20447,0,0,"zilinsky kraj, kysucke nove mesto",0
20470,1,1,"zilinsky kraj, zilina",0
20474,1,1,"zilinsky kraj, kysucke nove mesto",0
20532,1,0,"zilinsky kraj, cadca",20
20556,1,0,"zilinsky kraj, kysucke nove mesto",18
20557,1,0,"zilinsky kraj, zilina",22
20558,1,1,"zilinsky kraj, zilina",17
20592,1,1,"zilinsky kraj, zilina",19
20595,1,0,"zilinsky kraj, turzovka",0
20597,0,0,"zilinsky kraj, kysucke nove mesto",0
20598,1,0,"zilinsky kraj, kysucke nove mesto",19
20610,0,0,"nitriansky kraj, vrable",21
20634,0,1,"zilinsky kraj, cadca",0
20642,1,1,"zilinsky kraj, kysucke nove mesto",19
20652,0,1,"bratislavsky kraj, bratislava - petrzalka",0
20654,0,1,"zilinsky kraj, kysucke nove mesto",0
20700,1,0,"zilinsky kraj, zilina",0
20726,0,1,"zilinsky kraj, kysucke nove mesto",18
20729,1,1,"zilinsky kraj, kysucke nove mesto",20
20756,1,0,"zilinsky kraj, kysucke nove mesto",12
20854,0,0,"kosicky kraj, michalovce",0
20878,1,0,"zilinsky kraj, kysucke nove mesto",22
20943,1,1,"zilinsky kraj, zilina",20
20972,1,1,"zilinsky kraj, kysucke nove mesto",18
21042,1,1,"presovsky kraj, spisska stara ves",23
21053,1,1,"presovsky kraj, stara lubovna",0
21068,0,0,"zilinsky kraj, kysucke nove mesto",16
21071,1,0,"zilinsky kraj, cadca",0
21128,0,1,"bratislavsky kraj, bratislava - vrakuna",25
21135,1,1,"presovsky kraj, spisska stara ves",24
21136,1,0,"zilinsky kraj, zilina",0
21137,0,0,"zahranicie, zahranicie - francuzsko",0
21158,1,1,"zilinsky kraj, kysucke nove mesto",18
21188,0,1,"zilinsky kraj, kysucke nove mesto",18
21203,1,0,"zilinsky kraj, liptovsky mikulas",0
21252,0,1,"zahranicie, zahranicie - kanada",0
21255,0,0,"zahranicie, zahranicie - francuzsko",0
21336,1,0,"zilinsky kraj, zilina",17
21424,0,0,"trenciansky kraj, trencin",0
21427,0,1,"zilinsky kraj, kysucke nove mesto",23
21458,1,1,"zilinsky kraj, kysucke nove mesto",17
21507,0,0,"zilinsky kraj, zilina",0
21560,1,1,"zilinsky kraj, kysucke nove mesto",17
21655,0,0,"trenciansky kraj, bojnice",15
21703,0,0,"presovsky kraj, presov",0
21775,1,0,"nitriansky kraj, nitra",16
21810,1,0,"zilinsky kraj, zilina",18
21867,1,0,"zilinsky kraj, martin",22
21932,1,0,"zahranicie, zahranicie - francuzsko",0
22018,1,0,"zilinsky kraj, zilina",17
22087,0,0,"zilinsky kraj, zilina",0
22096,1,1,"zilinsky kraj, zilina",17
22099,1,1,"zilinsky kraj, zilina",18
22135,1,0,"zilinsky kraj, kysucke nove mesto",0
22137,1,0,"banskobystricky kraj, lucenec",0
22228,1,1,"zilinsky kraj, zilina",21
22231,1,0,"zahranicie, zahranicie - ostatne",0
22287,1,0,"zilinsky kraj, ruzomberok",12
22296,0,0,"zilinsky kraj, kysucke nove mesto",0
22324,1,0,"zilinsky kraj, zilina",0
22442,1,1,"zilinsky kraj, zilina",0
22468,1,1,"banskobystricky kraj, zvolen",19
22562,1,0,"zilinsky kraj, zilina",47
22571,0,0,"zilinsky kraj, zilina",21
22584,1,0,"zilinsky kraj, zilina",21
22597,0,1,"zilinsky kraj, zilina",22
22605,1,0,"zilinsky kraj, zilina",18
22644,1,1,"bratislavsky kraj, malacky",20
22667,0,1,"zilinsky kraj, kysucke nove mesto",17
22710,1,0,"zilinsky kraj, zilina",20
22738,1,0,"zilinsky kraj, kysucke nove mesto",0
22757,1,1,"zilinsky kraj, zilina",0
22788,1,0,"zilinsky kraj, zilina",0
22810,0,0,"zilinsky kraj, kysucke nove mesto",0
22840,0,1,"zilinsky kraj, zilina",20
22861,1,1,"zilinsky kraj, trstena",18
22898,1,1,"zilinsky kraj, zilina",21
22926,0,1,"zahranicie, zahranicie - usa",0
22981,1,0,"banskobystricky kraj, revuca",0
22996,1,1,"zilinsky kraj, kysucke nove mesto",0
23078,0,0,"zilinsky kraj, zilina",0
23096,1,1,"zahranicie, zahranicie - usa",19
23194,1,0,"zilinsky kraj, zilina",13
23195,0,1,"zilinsky kraj, namestovo",21
23219,0,0,"zahranicie, zahranicie - francuzsko",18
23259,1,0,"banskobystricky kraj, banska stiavnica",18
23297,1,0,"zilinsky kraj, zilina",20
23314,1,1,"zilinsky kraj, kysucke nove mesto",17
23322,1,0,"zilinsky kraj, kysucke nove mesto",16
23335,1,1,"zilinsky kraj, cadca",19
23359,1,1,"nitriansky kraj, vrable",0
23381,0,0,"zilinsky kraj, zilina",0
23455,1,0,"zilinsky kraj, bytca",21
23471,0,1,"zilinsky kraj, kysucke nove mesto",15
23497,0,0,"zilinsky kraj, zilina",15
23503,1,0,"zilinsky kraj, zilina",0
23522,1,1,"zilinsky kraj, namestovo",18
23551,0,1,"zilinsky kraj, zilina",0
23554,0,1,"zilinsky kraj, rajec",17
23585,0,1,"zilinsky kraj, kysucke nove mesto",0
23684,0,1,"kosicky kraj, kosice - zapad",0
23696,0,0,"zilinsky kraj, turzovka",17
23699,1,0,"zilinsky kraj, cadca",0
23700,1,0,"zilinsky kraj, cadca",20
23716,0,0,"zilinsky kraj, zilina",0
23729,0,1,"zilinsky kraj, zilina",0
23789,1,1,"banskobystricky kraj, lucenec",0
23802,1,0,"zilinsky kraj, zilina",0
23825,1,1,"zilinsky kraj, cadca",19
23912,1,0,"trnavsky kraj, senica",18
23927,1,1,"zilinsky kraj, zilina",0
23946,0,0,"zilinsky kraj, zilina",0
23967,1,0,"zilinsky kraj, zilina",19
23983,1,0,"zilinsky kraj, kysucke nove mesto",0
24006,1,0,"zilinsky kraj, zilina",20
24019,1,1,"zilinsky kraj, bytca",17
24060,1,0,"zilinsky kraj, bytca",22
24083,0,1,"trenciansky kraj, handlova",25
24148,0,0,"zilinsky kraj, zilina",0
24156,1,0,"zilinsky kraj, turzovka",17
24158,0,0,"zilinsky kraj, zilina",0
24221,1,1,"zilinsky kraj, kysucke nove mesto",24
24250,0,0,"zilinsky kraj, zilina",0
24251,1,0,"zilinsky kraj, zilina",21
24264,1,0,"zilinsky kraj, namestovo",18
24268,1,1,"zahranicie, zahranicie - nemecko",18
24322,1,0,"zilinsky kraj, zilina",12
24324,1,0,"zilinsky kraj, kysucke nove mesto",14
24346,1,1,"zilinsky kraj, namestovo",0
24381,1,0,"zilinsky kraj, zilina",0
24382,1,1,"zilinsky kraj, zilina",23
24419,1,1,"zilinsky kraj, namestovo",20
24463,1,0,"ceska republika, cz - ostravsky kraj",0
24484,0,0,"zilinsky kraj, cadca",0
24490,0,0,"zahranicie, zahranicie - francuzsko",0
24500,1,1,"zilinsky kraj, namestovo",20
24555,1,1,"zilinsky kraj, zilina",0
24576,0,0,"zilinsky kraj, namestovo",21
24593,1,0,"zilinsky kraj, cadca",17
24596,1,1,"zilinsky kraj, cadca",0
24612,1,1,"zilinsky kraj, zilina",0
24624,0,0,"zahranicie, zahranicie - francuzsko",0
24699,1,1,"zilinsky kraj, zilina",20
24709,1,1,"zilinsky kraj, namestovo",20
24712,1,1,"zilinsky kraj, namestovo",0
24718,1,1,"zilinsky kraj, namestovo",19
24722,1,1,"zilinsky kraj, zilina",0
24727,0,0,"zilinsky kraj, zilina",0
24736,0,1,"zilinsky kraj, martin",18
24747,1,1,"zilinsky kraj, cadca",0
24809,0,1,"zahranicie, zahranicie - ostatne",0
24839,0,1,"zilinsky kraj, namestovo",18
24902,1,0,"zilinsky kraj, zilina",0
24925,1,1,"zilinsky kraj, cadca",18
24974,1,0,"zilinsky kraj, zilina",17
25015,1,0,"zilinsky kraj, zilina",19
25026,1,1,"zilinsky kraj, kysucke nove mesto",21
25100,0,0,"zilinsky kraj, zilina",0
25123,0,0,"zilinsky kraj, zilina",17
25146,0,0,"zilinsky kraj, zilina",22
25147,0,0,"zilinsky kraj, zilina",42
25175,0,0,"zilinsky kraj, krasno nad kysucou",0
25180,0,0,"zahranicie, zahranicie - usa",0
25185,1,0,"zilinsky kraj, vrutky",17
25188,1,0,"zilinsky kraj, zilina",18
25219,0,0,"zilinsky kraj, zilina",0
25244,1,0,"zilinsky kraj, cadca",16
25321,1,1,"zilinsky kraj, bytca",0
25404,1,1,"nitriansky kraj, surany",23
25439,1,1,"zilinsky kraj, zilina",25
25479,1,1,"zilinsky kraj, zilina",0
25515,0,0,"zahranicie, zahranicie - francuzsko",0
25522,1,1,"zilinsky kraj, zilina",0
25667,1,0,"trnavsky kraj, piestany",0
25673,0,0,"zahranicie, zahranicie - ostatne",0
25678,1,1,"zilinsky kraj, bytca",22
25710,1,0,"zilinsky kraj, zilina",17
25713,1,0,"zilinsky kraj, cadca",0
25785,1,0,"trenciansky kraj, stara tura",17
25788,0,0,"zilinsky kraj, cadca",0
25831,0,1,"zilinsky kraj, zilina",20
25855,1,1,"zahranicie, zahranicie - usa",0
25936,0,0,"zilinsky kraj, zilina",16
25952,1,0,"zahranicie, zahranicie - francuzsko",0
25994,1,1,"bratislavsky kraj, bratislava - petrzalka",0
26014,1,0,"zilinsky kraj, zilina",0
26032,1,1,"zilinsky kraj, kysucke nove mesto",19
26034,0,1,"kosicky kraj, michalovce",16
26036,0,1,"trnavsky kraj, senica",18
26048,1,0,"banskobystricky kraj, rimavska sobota",0
26077,1,1,"zilinsky kraj, zilina",20
26122,0,0,"zilinsky kraj, cadca",0
26143,1,0,"zilinsky kraj, kysucke nove mesto",18
26152,1,0,"zilinsky kraj, cadca",0
26157,0,0,"zahranicie, zahranicie - usa",0
26163,0,0,"trnavsky kraj, trnava",16
26167,1,1,"zilinsky kraj, zilina",19
26230,0,1,"bratislavsky kraj, bratislava - ruzinov",24
26290,0,1,"nitriansky kraj, nitra",0
26308,1,1,"trnavsky kraj, trnava",0
26309,1,1,"trnavsky kraj, trnava",0
26329,0,1,"nitriansky kraj, zlate moravce",17
26347,1,1,"zilinsky kraj, zilina",18
26405,0,0,"zilinsky kraj, cadca",16
26455,1,1,"zilinsky kraj, kysucke nove mesto",13
26511,1,1,"zilinsky kraj, namestovo",0
26517,1,0,"zilinsky kraj, zilina",0
26655,1,1,"zilinsky kraj, cadca",0
26670,1,0,"zilinsky kraj, zilina",0
26675,0,0,"zilinsky kraj, zilina",0
26690,1,1,"zilinsky kraj, kysucke nove mesto",0
26728,0,1,"zilinsky kraj, namestovo",19
26765,1,1,"kosicky kraj, kosice - sidlisko tahanovce",0
26767,1,1,"zilinsky kraj, martin",0
26781,1,1,"zilinsky kraj, cadca",0
26816,0,1,"zahranicie, zahranicie - ostatne",18
26823,1,0,"zilinsky kraj, zilina",0
26830,1,1,"zilinsky kraj, zilina",18
26831,1,1,"zilinsky kraj, zilina",0
26869,1,1,"zilinsky kraj, cadca",0
26870,0,0,"banskobystricky kraj, lucenec",0
26884,1,0,"zilinsky kraj, zilina",18
26940,1,1,"zilinsky kraj, kysucke nove mesto",18
26973,1,1,"zilinsky kraj, zilina",21
27064,0,0,"zilinsky kraj, zilina",17
27070,1,0,"zilinsky kraj, zilina",18
27087,1,0,"banskobystricky kraj, brezno",0
27140,0,0,"zilinsky kraj, kysucke nove mesto",0
27145,0,1,"zilinsky kraj, kysucke nove mesto",17
27154,1,1,"zahranicie, zahranicie - gb",0
27161,1,0,"zilinsky kraj, zilina",0
27164,1,0,"zilinsky kraj, zilina",20
27179,0,1,"trnavsky kraj, velky meder",0
27294,0,0,"zilinsky kraj, zilina",0
27323,0,1,"zilinsky kraj, cadca",18
27325,1,1,"zilinsky kraj, cadca",0
27405,1,0,"zahranicie, zahranicie - australia",17
27417,0,1,"zahranicie, zahranicie - ostatne",0
27428,1,0,"banskobystricky kraj, brezno",14
27440,1,0,"bratislavsky kraj, bratislava - ruzinov",15
27450,1,0,"zilinsky kraj, bytca",16
27460,0,0,"zilinsky kraj, bytca",18
27468,0,0,"zilinsky kraj, kysucke nove mesto",0
27477,1,1,"zilinsky kraj, kysucke nove mesto",22
27498,1,0,"zilinsky kraj, kysucke nove mesto",0
27599,1,1,"zilinsky kraj, kysucke nove mesto",13
27608,1,1,"zilinsky kraj, kysucke nove mesto",15
27616,0,0,"zilinsky kraj, kysucke nove mesto",0
27622,1,1,"zilinsky kraj, kysucke nove mesto",13
27657,0,0,"zilinsky kraj, namestovo",18
27669,0,1,"zilinsky kraj, zilina",24
27681,1,0,"zilinsky kraj, kysucke nove mesto",13
27684,1,1,"zilinsky kraj, kysucke nove mesto",13
27688,1,0,"bratislavsky kraj, bratislava - okolie",19
27691,1,0,"zilinsky kraj, kysucke nove mesto",0
27693,1,0,"zilinsky kraj, kysucke nove mesto",13
27695,1,0,"zilinsky kraj, zilina",13
27716,1,0,"banskobystricky kraj, brezno",17
27743,0,0,"zilinsky kraj, zilina",24
27758,1,0,"bratislavsky kraj, bratislava - stare mesto",15
27843,1,0,"zilinsky kraj, zilina",0
27859,0,0,"zilinsky kraj, cadca",0
27943,0,1,"ceska republika, cz - pardubicky kraj",0
27971,0,0,"zilinsky kraj, cadca",19
27986,0,0,"bratislavsky kraj, bratislava - dubravka",0
28027,1,1,"zilinsky kraj, kysucke nove mesto",19
28032,1,1,"banskobystricky kraj, banska bystrica",20
28066,1,0,"trenciansky kraj, povazska bystrica",15
28108,1,1,"zahranicie, zahranicie - australia",0
28132,0,0,"trenciansky kraj, trencin",0
28136,1,1,"trenciansky kraj, trencin",19
28209,1,1,"zilinsky kraj, kysucke nove mesto",20
28247,1,0,"nitriansky kraj, vrable",0
28263,0,0,"zilinsky kraj, zilina",35
28264,1,0,"zilinsky kraj, kysucke nove mesto",0
28270,1,1,"zilinsky kraj, kysucke nove mesto",20
28282,0,0,"zilinsky kraj, martin",17
28312,1,0,"zilinsky kraj, kysucke nove mesto",15
28314,0,1,"zilinsky kraj, zilina",15
28332,0,0,"zilinsky kraj, kysucke nove mesto",21
28355,0,0,"zilinsky kraj, namestovo",18
28376,0,0,"zahranicie, zahranicie - gb",21
28377,0,0,"nitriansky kraj, vrable",0
28380,0,0,"zilinsky kraj, cadca",0
28460,1,0,"zilinsky kraj, cadca",22
28463,1,1,"zilinsky kraj, cadca",15
28475,1,0,"ceska republika, cz - praha",17
28483,1,1,"zilinsky kraj, cadca",21
28485,1,0,"zilinsky kraj, cadca",20
28488,1,1,"zahranicie, zahranicie - kanada",22
28520,0,0,"zilinsky kraj, cadca",17
28564,1,0,"zilinsky kraj, zilina",21
28750,1,0,"zilinsky kraj, zilina",20
28752,1,0,"zilinsky kraj, zilina",22
28797,1,0,"zilinsky kraj, cadca",19
28803,1,1,"zilinsky kraj, martin",17
28812,1,0,"zilinsky kraj, zilina",0
28862,1,0,"zilinsky kraj, zilina",0
28912,1,1,"zilinsky kraj, kysucke nove mesto",18
28929,1,1,"zilinsky kraj, kysucke nove mesto",24
28973,1,1,"zilinsky kraj, zilina",26
29073,0,0,"zilinsky kraj, cadca",17
29093,1,0,"trnavsky kraj, hlohovec",0
29183,1,0,"trnavsky kraj, hlohovec",14
29237,0,0,"zilinsky kraj, zilina",23
29323,1,0,"banskobystricky kraj, banska bystrica",0
29332,1,1,"presovsky kraj, svidnik",18
29442,1,1,"zilinsky kraj, cadca",0
29447,1,1,"trnavsky kraj, hlohovec",18
29577,1,0,"zilinsky kraj, cadca",0
29639,0,0,"zilinsky kraj, zilina",20
29694,0,1,"zilinsky kraj, martin",22
29805,1,1,"zilinsky kraj, cadca",13
29820,1,1,"trnavsky kraj, dunajska streda",0
29837,0,0,"nitriansky kraj, sahy",19
29859,1,0,"zilinsky kraj, bytca",18
29871,1,0,"zilinsky kraj, kysucke nove mesto",22
29877,1,0,"zahranicie, zahranicie - francuzsko",18
29903,0,0,"trenciansky kraj, banovce nad bebravou",0
29904,1,0,"zilinsky kraj, trstena",0
29928,0,0,"zahranicie, zahranicie - australia",18
29933,1,1,"zilinsky kraj, zilina",20
29950,1,1,"zilinsky kraj, kysucke nove mesto",25
29973,1,1,"zilinsky kraj, liptovsky mikulas",22
29980,0,0,"zilinsky kraj, kysucke nove mesto",23
29985,0,1,"banskobystricky kraj, zvolen",18
29988,0,1,"nitriansky kraj, topolcany",23
29989,0,1,"zilinsky kraj, martin",21
29990,1,1,"zilinsky kraj, rajec",21
29991,0,0,"zilinsky kraj, zilina",21
30010,1,0,"zilinsky kraj, kysucke nove mesto",23
30039,1,1,"banskobystricky kraj, banska bystrica",19
30043,0,1,"zilinsky kraj, krasno nad kysucou",0
30086,1,0,"zilinsky kraj, kysucke nove mesto",21
30105,0,0,"banskobystricky kraj, detva",12
30106,0,0,"banskobystricky kraj, detva",0
30115,0,0,"zilinsky kraj, rajec",21
30116,1,1,"zahranicie, zahranicie - usa",20
30138,1,0,"nitriansky kraj, levice",21
30249,1,0,"zahranicie, zahranicie - gb",22
30252,1,0,"zilinsky kraj, cadca",19
30255,1,1,"zilinsky kraj, zilina",18
30314,0,0,"zilinsky kraj, cadca",19
30352,1,1,"trenciansky kraj, prievidza",18
30353,0,1,"zilinsky kraj, zilina",0
30354,1,1,"zilinsky kraj, rajec",0
30355,1,1,"zilinsky kraj, zilina",0
30356,0,1,"trenciansky kraj, povazska bystrica",20
30357,0,1,"zilinsky kraj, zilina",21
30358,1,1,"zilinsky kraj, zilina",18
30398,1,1,"zilinsky kraj, cadca",15
30417,0,1,"zilinsky kraj, zilina",22
30418,0,1,"zilinsky kraj, bytca",18
30419,0,1,"zilinsky kraj, zilina",0
30420,0,1,"zahranicie, zahranicie - gb",19
30475,1,1,"zilinsky kraj, rajecke teplice",19
30476,0,1,"trnavsky kraj, trnava",0
30477,0,1,"zilinsky kraj, zilina",21
30478,1,1,"zilinsky kraj, zilina",21
30479,1,1,"trnavsky kraj, trnava",19
30480,1,1,"zahranicie, zahranicie - gb",24
30481,1,1,"zilinsky kraj, zilina",24
30482,0,1,"trenciansky kraj, nove mesto nad vahom",20
30483,1,1,"presovsky kraj, poprad",0
30484,0,1,"bratislavsky kraj, bratislava - ruzinov",19
30512,1,0,"zahranicie, zahranicie - usa",20
30513,1,1,"trenciansky kraj, prievidza",24
30517,1,1,"banskobystricky kraj, banska bystrica",21
30519,0,0,"zilinsky kraj, rajec",21
30520,0,1,"zilinsky kraj, zilina",20
30541,1,1,"bratislavsky kraj, bratislava - petrzalka",20
30542,0,1,"banskobystricky kraj, brezno",21
30543,1,1,"zilinsky kraj, martin",22
30544,0,1,"presovsky kraj, giraltovce",20
30545,1,1,"presovsky kraj, kezmarok",0
30546,0,1,"zilinsky kraj, zilina",20
30547,1,1,"kosicky kraj, spisska nova ves",19
30570,1,0,"banskobystricky kraj, banska bystrica",0
30602,0,0,"kosicky kraj, trebisov",0
30620,1,1,"zilinsky kraj, cadca",22
30656,0,0,"nitriansky kraj, topolcany",19
30672,1,1,"zilinsky kraj, rajec",20
30674,1,1,"trenciansky kraj, puchov",19
30675,1,1,"zilinsky kraj, zilina",22
30676,1,1,"zilinsky kraj, rajec",22
30677,1,0,"kosicky kraj, michalovce",30
30678,0,1,"zilinsky kraj, zilina",20
30680,0,1,"zahranicie, zahranicie - francuzsko",19
30702,0,0,"presovsky kraj, vranov nad toplou",0
30710,1,1,"zahranicie, zahranicie - usa",0
30761,0,0,"zahranicie, zahranicie - ostatne",0
30824,0,1,"presovsky kraj, vranov nad toplou",0
30853,1,1,"zilinsky kraj, kysucke nove mesto",0
30875,1,1,"zilinsky kraj, cadca",20
30891,1,1,"zilinsky kraj, cadca",20
30917,0,0,"zilinsky kraj, kysucke nove mesto",16
30962,0,1,"zilinsky kraj, kysucke nove mesto",17
30963,0,0,"zilinsky kraj, zilina",0
30969,0,1,"zilinsky kraj, cadca",20
31121,1,0,"zilinsky kraj, kysucke nove mesto",0
31156,1,1,"zilinsky kraj, zilina",27
31209,1,0,"zilinsky kraj, zilina",23
31211,1,0,"zilinsky kraj, kysucke nove mesto",0
31231,1,1,"presovsky kraj, presov",0
31272,0,1,"zilinsky kraj, kysucke nove mesto",16
31274,1,0,"zilinsky kraj, kysucke nove mesto",23
31297,1,0,"banskobystricky kraj, detva",0
31347,1,0,"ceska republika, cz - praha",0
31390,1,1,"presovsky kraj, presov",16
31402,0,0,"zahranicie, zahranicie - francuzsko",19
31423,0,1,"trenciansky kraj, povazska bystrica",16
31484,1,0,"trnavsky kraj, trnava",16
31489,1,0,"trnavsky kraj, trnava",19
31537,0,0,"zilinsky kraj, turzovka",18
31538,0,0,"zahranicie, zahranicie - usa",0
31589,1,0,"zilinsky kraj, rajec",22
31676,0,0,"zilinsky kraj, kysucke nove mesto",0
31695,1,0,"zilinsky kraj, cadca",0
31726,1,1,"zilinsky kraj, kysucke nove mesto",16
31987,1,0,"zilinsky kraj, vrutky",21
32010,1,0,"bratislavsky kraj, pezinok",16
32091,0,1,"trenciansky kraj, povazska bystrica",0
32105,1,1,"zilinsky kraj, zilina",23
32148,0,0,"nitriansky kraj, nove zamky",0
32157,0,0,"zilinsky kraj, zilina",0
32181,0,1,"zilinsky kraj, zilina",18
32207,0,0,"zahranicie, zahranicie - francuzsko",18
32210,0,0,"zilinsky kraj, namestovo",19
32266,1,1,"zilinsky kraj, zilina",16
32321,0,0,"zahranicie, zahranicie - gb",0
32378,1,1,"zilinsky kraj, zilina",0
32436,0,1,"zilinsky kraj, zilina",18
32440,0,0,"bratislavsky kraj, bratislava - devinska nova ves",21
32462,1,0,"zilinsky kraj, zilina",21
32535,0,1,"banskobystricky kraj, brezno",18
32584,1,0,"trnavsky kraj, trnava",15
32613,1,1,"zilinsky kraj, kysucke nove mesto",17
32630,1,0,"zilinsky kraj, kysucke nove mesto",0
32683,0,0,"zilinsky kraj, zilina",15
32689,0,1,"ceska republika, cz - plzensky kraj",23
32691,0,0,"zahranicie, zahranicie - ostatne",23
32722,0,1,"presovsky kraj, levoca",19
32788,1,0,"zilinsky kraj, zilina",17
32801,1,1,"bratislavsky kraj, bratislava - podunaj. biskupice",18
32806,1,1,"zilinsky kraj, cadca",0
32828,0,0,"zahranicie, zahranicie - ostatne",15
32900,1,0,"zilinsky kraj, kysucke nove mesto",15
32923,0,0,"zilinsky kraj, kysucke nove mesto",28
32924,1,1,"zilinsky kraj, kysucke nove mesto",16
32951,1,0,"zilinsky kraj, cadca",19
32954,1,0,"zilinsky kraj, kysucke nove mesto",14
32988,1,0,"zilinsky kraj, cadca",19
32999,0,1,"zilinsky kraj, kysucke nove mesto",18
33011,1,1,"kosicky kraj, spisska nova ves",21
33032,0,0,"zahranicie, zahranicie - usa",14
33043,1,0,"banskobystricky kraj, hnusta",18
33143,1,0,"zilinsky kraj, cadca",0
33148,1,0,"zilinsky kraj, kysucke nove mesto",17
33164,1,1,"zilinsky kraj, zilina",16
33178,1,0,"zilinsky kraj, zilina",21
33183,1,1,"zahranicie, zahranicie - usa",16
33332,0,1,"banskobystricky kraj, banska bystrica",0
33355,0,1,"zahranicie, zahranicie - ostatne",15
33358,1,1,"bratislavsky kraj, bratislava - petrzalka",20
33391,1,0,"zilinsky kraj, zilina",0
33445,1,1,"zilinsky kraj, kysucke nove mesto",0
33446,1,0,"trnavsky kraj, trnava",11
33447,1,1,"trnavsky kraj, holic",13
33456,0,0,"zahranicie, zahranicie - kanada",0
33483,1,0,"zilinsky kraj, zilina",21
33492,1,1,"banskobystricky kraj, hnusta",0
33568,0,0,"zilinsky kraj, kysucke nove mesto",0
33596,0,1,"trenciansky kraj, trencin",26
33647,0,0,"zilinsky kraj, zilina",16
33687,1,0,"zilinsky kraj, cadca",0
33808,1,1,"zahranicie, zahranicie - nemecko",26
33820,0,0,"trnavsky kraj, hlohovec",18
33822,1,0,"nitriansky kraj, komarno",0
33867,0,0,"zilinsky kraj, zilina",0
33881,0,1,"zilinsky kraj, ruzomberok",21
33936,0,1,"zilinsky kraj, cadca",21
33954,1,0,"bratislavsky kraj, bratislava - devinska nova ves",12
33956,1,0,"zilinsky kraj, kysucke nove mesto",0
33970,0,0,"banskobystricky kraj, brezno",14
33972,0,0,"trnavsky kraj, hlohovec",0
33984,0,1,"zilinsky kraj, zilina",0
34034,1,0,"presovsky kraj, bardejov",17
34039,1,0,"presovsky kraj, bardejov",17
34067,1,0,"zilinsky kraj, zilina",17
34132,1,1,"trnavsky kraj, sered",0
34156,0,0,"banskobystricky kraj, brezno",13
34177,1,0,"zilinsky kraj, namestovo",18
34183,1,1,"zilinsky kraj, zilina",0
34250,0,0,"zilinsky kraj, cadca",0
34276,0,0,"banskobystricky kraj, brezno",13
34318,0,0,"zilinsky kraj, kysucke nove mesto",0
34352,1,1,"trenciansky kraj, trencin",20
34416,1,0,"zilinsky kraj, kysucke nove mesto",0
34449,0,0,"zahranicie, zahranicie - usa",0
34460,1,0,"banskobystricky kraj, rimavska sobota",0
34472,0,0,"trenciansky kraj, partizanske",15
34551,1,1,"zilinsky kraj, cadca",22
34558,1,1,"zilinsky kraj, cadca",17
34573,0,0,"nitriansky kraj, levice",0
34607,1,0,"zilinsky kraj, kysucke nove mesto",0
34644,0,0,"zilinsky kraj, cadca",0
34667,1,1,"zilinsky kraj, liptovsky mikulas",19
34717,1,1,"zilinsky kraj, cadca",0
34719,0,0,"zilinsky kraj, cadca",14
34721,0,0,"zilinsky kraj, cadca",18
34722,0,0,"zilinsky kraj, cadca",16
34823,1,0,"bratislavsky kraj, bratislava - petrzalka",12
34840,0,1,"bratislavsky kraj, bratislava - okolie",0
34869,1,0,"zilinsky kraj, zilina",0
34900,1,0,"zilinsky kraj, zilina",0
34903,1,1,"zilinsky kraj, zilina",17
34929,1,1,"zilinsky kraj, cadca",23
34934,0,1,"zilinsky kraj, liptovsky mikulas",16
34938,0,1,"zilinsky kraj, zilina",0
34944,1,1,"zilinsky kraj, zilina",19
34958,1,1,"zilinsky kraj, cadca",21
34959,0,1,"zahranicie, zahranicie - usa",0
34971,1,0,"zahranicie, zahranicie - australia",17
34979,1,1,"zilinsky kraj, cadca",23
34989,1,1,"zilinsky kraj, cadca",22
35004,1,1,"nitriansky kraj, topolcany",24
35067,0,0,"zilinsky kraj, kysucke nove mesto",0
35068,1,0,"zahranicie, zahranicie - ostatne",0
35070,0,0,"zilinsky kraj, zilina",14
35095,0,0,"zilinsky kraj, kysucke nove mesto",16
35107,0,0,"zilinsky kraj, zilina",0
35110,0,0,"zilinsky kraj, zilina",0
35127,0,1,"kosicky kraj, kosice - okolie",25
35158,1,0,"zilinsky kraj, kysucke nove mesto",11
35160,1,0,"zilinsky kraj, kysucke nove mesto",0
35186,1,1,"zilinsky kraj, kysucke nove mesto",15
35187,1,1,"zilinsky kraj, cadca",21
35216,1,1,"zilinsky kraj, zilina",18
35229,0,1,"zilinsky kraj, zilina",0
35242,1,1,"banskobystricky kraj, banska bystrica",13
35243,1,1,"banskobystricky kraj, banska bystrica",0
35246,0,0,"banskobystricky kraj, banska bystrica",0
35247,1,1,"banskobystricky kraj, banska bystrica",0
35248,1,1,"banskobystricky kraj, brezno",0
35312,0,0,"banskobystricky kraj, banska bystrica",17
35315,0,1,"banskobystricky kraj, banska bystrica",20
35321,0,1,"banskobystricky kraj, banska bystrica",21
35353,1,0,"zahranicie, zahranicie - francuzsko",0
35361,1,0,"presovsky kraj, vranov nad toplou",0
35400,1,1,"banskobystricky kraj, banska bystrica",20
35405,1,1,"banskobystricky kraj, banska bystrica",22
35409,0,1,"banskobystricky kraj, banska bystrica",0
35452,1,1,"banskobystricky kraj, banska bystrica",18
35456,1,1,"banskobystricky kraj, banska bystrica",20
35462,0,1,"banskobystricky kraj, banska bystrica",20
35463,1,0,"banskobystricky kraj, banska bystrica",18
35466,1,1,"banskobystricky kraj, banska bystrica",19
35486,1,1,"bratislavsky kraj, bratislava - petrzalka",0
35489,1,0,"banskobystricky kraj, banska bystrica",0
35521,0,0,"bratislavsky kraj, bratislava - stare mesto",0
35545,1,1,"zilinsky kraj, dolny kubin",20
35584,1,1,"presovsky kraj, medzilaborce",13
35591,0,1,"presovsky kraj, humenne",0
35622,1,1,"zilinsky kraj, namestovo",0
35634,0,1,"zilinsky kraj, zilina",22
35652,1,1,"zilinsky kraj, zilina",0
35657,1,1,"zilinsky kraj, namestovo",0
35664,0,0,"zilinsky kraj, kysucke nove mesto",14
35681,0,1,"zahranicie, zahranicie - ostatne",20
35687,1,1,"banskobystricky kraj, banska bystrica",20
35724,1,0,"zilinsky kraj, zilina",17
35734,1,0,"trenciansky kraj, nove mesto nad vahom",17
35743,0,0,"zahranicie, zahranicie - ostatne",0
35768,1,1,"banskobystricky kraj, detva",12
35776,0,0,"kosicky kraj, kosice - sever",0
35780,0,0,"kosicky kraj, spisska nova ves",0
35785,1,0,"ceska republika, cz - karlovarsky kraj",0
35824,0,1,"zilinsky kraj, kysucke nove mesto",0
35825,0,1,"zilinsky kraj, zilina",0
35843,1,1,"zilinsky kraj, cadca",23
35867,1,1,"zilinsky kraj, zilina",21
35885,1,1,"zahranicie, zahranicie - ostatne",0
35899,0,0,"presovsky kraj, hanusovce nad toplou",21
35921,0,1,"zilinsky kraj, namestovo",0
36013,1,1,"zilinsky kraj, zilina",18
36112,1,0,"zilinsky kraj, zilina",0
36113,1,1,"zilinsky kraj, zilina",0
36194,1,0,"zilinsky kraj, zilina",11
36237,1,0,"zilinsky kraj, cadca",17
36326,0,0,"zilinsky kraj, zilina",15
36392,1,0,"trnavsky kraj, trnava",16
36473,0,1,"zilinsky kraj, rajecke teplice",12
36534,0,0,"zilinsky kraj, zilina",22
36638,0,0,"banskobystricky kraj, brezno",0
36643,1,0,"trnavsky kraj, trnava",17
36677,1,0,"zilinsky kraj, cadca",16
36695,0,1,"zilinsky kraj, martin",24
36708,1,1,"zilinsky kraj, zilina",22
36733,1,1,"zilinsky kraj, kysucke nove mesto",0
36794,1,1,"trenciansky kraj, banovce nad bebravou",0
36815,1,1,"zilinsky kraj, zilina",17
36851,1,1,"bratislavsky kraj, pezinok",29
36868,1,0,"zahranicie, zahranicie - francuzsko",16
36883,0,0,"trenciansky kraj, bojnice",0
36930,0,1,"zahranicie, zahranicie - francuzsko",20
36940,0,0,"zilinsky kraj, zilina",0
36960,0,1,"nitriansky kraj, nitra",18
37039,1,1,"kosicky kraj, spisska nova ves",0
37052,1,1,"trnavsky kraj, trnava",0
37111,0,1,"zilinsky kraj, kysucke nove mesto",26
37191,1,0,"zilinsky kraj, kysucke nove mesto",23
37217,1,1,"banskobystricky kraj, brezno",21
37257,1,1,"zilinsky kraj, cadca",26
37267,1,1,"trenciansky kraj, prievidza",0
37270,1,0,"trenciansky kraj, prievidza",12
37271,1,1,"trenciansky kraj, prievidza",12
37272,0,1,"trenciansky kraj, prievidza",0
37273,0,0,"trenciansky kraj, prievidza",11
37274,0,1,"trnavsky kraj, samorin",0
37276,1,0,"trenciansky kraj, prievidza",14
37277,1,1,"trenciansky kraj, prievidza",0
37278,0,0,"trenciansky kraj, prievidza",21
37279,1,0,"trenciansky kraj, prievidza",0
37280,1,0,"trenciansky kraj, handlova",12
37281,1,0,"trenciansky kraj, prievidza",12
37282,1,1,"trenciansky kraj, prievidza",22
37283,0,1,"trenciansky kraj, handlova",0
37284,1,0,"trenciansky kraj, prievidza",31
37306,1,1,"zilinsky kraj, cadca",13
37335,0,0,"zilinsky kraj, kysucke nove mesto",23
37340,1,0,"trenciansky kraj, prievidza",0
37341,0,1,"presovsky kraj, vranov nad toplou",16
37342,1,1,"trenciansky kraj, prievidza",13
37343,1,1,"trenciansky kraj, prievidza",20
37376,0,0,"trenciansky kraj, nemsova",0
37378,1,1,"kosicky kraj, dobsina",0
37379,1,1,"trenciansky kraj, prievidza",0
37381,1,1,"trenciansky kraj, bojnice",12
37388,1,0,"trenciansky kraj, prievidza",0
37390,1,0,"kosicky kraj, sobrance",0
37392,1,0,"trenciansky kraj, prievidza",14
37445,1,0,"trnavsky kraj, dunajska streda",15
37449,0,1,"zilinsky kraj, cadca",28
37460,0,0,"zilinsky kraj, turzovka",0
37463,0,0,"zilinsky kraj, cadca",0
37486,0,0,"zilinsky kraj, zilina",0
37512,0,1,"zilinsky kraj, krasno nad kysucou",22
37514,0,1,"banskobystricky kraj, brezno",25
37521,1,0,"zilinsky kraj, zilina",19
37531,1,1,"zilinsky kraj, cadca",19
37538,1,1,"zilinsky kraj, cadca",0
37578,1,1,"zilinsky kraj, cadca",0
37609,0,1,"banskobystricky kraj, detva",0
37686,1,1,"zilinsky kraj, zilina",10
37712,1,0,"zilinsky kraj, turcianske teplice",16
37773,1,0,"zilinsky kraj, zilina",19
37845,1,0,"banskobystricky kraj, banska stiavnica",0
37898,0,1,"zilinsky kraj, cadca",20
37912,1,0,"trnavsky kraj, dunajska streda",19
38058,0,0,"nitriansky kraj, nitra",19
38175,1,1,"trenciansky kraj, prievidza",0
38187,1,1,"nitriansky kraj, nitra",21
38202,1,0,"nitriansky kraj, nove zamky",23
38248,1,0,"zilinsky kraj, rajec",0
38270,1,0,"kosicky kraj, kosice - sidlisko tahanovce",21
38285,0,1,"nitriansky kraj, sturovo",24
38333,1,0,"zilinsky kraj, zilina",0
38387,0,1,"zilinsky kraj, zilina",17
38395,1,1,"zilinsky kraj, kysucke nove mesto",13
38400,0,0,"zilinsky kraj, zilina",13
38574,0,0,"nitriansky kraj, kolarovo",20
38704,0,0,"trenciansky kraj, trencin",16
38744,0,0,"trnavsky kraj, holic",17
38774,0,0,"zahranicie, zahranicie - ostatne",0
38784,1,0,"trnavsky kraj, trnava",16
38820,1,0,"zilinsky kraj, bytca",22
38821,1,0,"zilinsky kraj, zilina",21
38823,1,0,"zilinsky kraj, zilina",22
38832,1,1,"bratislavsky kraj, bratislava - raca",0
38836,1,1,"zilinsky kraj, namestovo",18
38910,1,0,"bratislavsky kraj, bratislava - raca",21
38924,0,1,"zilinsky kraj, martin",18
38997,1,0,"zilinsky kraj, cadca",0
39030,0,0,"trenciansky kraj, prievidza",0
39044,1,0,"presovsky kraj, presov",0
39057,1,0,"zilinsky kraj, zilina",23
39066,1,1,"zilinsky kraj, zilina",0
39112,1,0,"zilinsky kraj, namestovo",20
39160,1,1,"zilinsky kraj, cadca",24
39228,1,1,"banskobystricky kraj, brezno",0
39270,1,1,"presovsky kraj, poprad",0
39323,0,1,"bratislavsky kraj, bratislava - stare mesto",0
39332,0,1,"zilinsky kraj, kysucke nove mesto",16
39339,1,0,"zilinsky kraj, zilina",0
39374,1,1,"kosicky kraj, kosice - zapad",19
39421,0,0,"zahranicie, zahranicie - usa",0
39472,0,0,"bratislavsky kraj, bratislava - ostatne",0
39605,1,0,"kosicky kraj, kosice - ostatne",0
39684,0,1,"bratislavsky kraj, stupava",0
39791,1,0,"ceska republika, cz - praha",23
39823,0,0,"zilinsky kraj, zilina",23
39832,0,0,"trnavsky kraj, hlohovec",18
39909,0,0,"trenciansky kraj, povazska bystrica",20
39918,1,0,"zilinsky kraj, cadca",0
39933,0,0,"zilinsky kraj, kysucke nove mesto",18
39939,0,0,"zilinsky kraj, zilina",18
39975,1,0,"kosicky kraj, kosice - dargovskych hrdinov",0
39979,1,1,"nitriansky kraj, vrable",0
40027,0,0,"zilinsky kraj, namestovo",17
40058,1,0,"zilinsky kraj, kysucke nove mesto",17
40075,1,0,"trenciansky kraj, povazska bystrica",16
40131,0,0,"zilinsky kraj, zilina",12
40186,1,1,"kosicky kraj, kosice - sever",25
40188,1,0,"kosicky kraj, kosice - ostatne",26
40190,0,1,"nitriansky kraj, levice",0
40191,1,1,"zilinsky kraj, namestovo",14
40192,1,0,"zahranicie, zahranicie - usa",16
40196,1,0,"zilinsky kraj, zilina",0
40221,0,0,"zilinsky kraj, namestovo",15
40222,1,0,"presovsky kraj, presov",0
40288,1,0,"nitriansky kraj, nitra",0
40292,1,1,"zilinsky kraj, zilina",0
40352,0,0,"zahranicie, zahranicie - gb",0
40370,0,0,"zilinsky kraj, bytca",0
40379,1,1,"zilinsky kraj, zilina",0
40380,1,1,"zilinsky kraj, bytca",0
40382,1,1,"zilinsky kraj, kysucke nove mesto",0
40387,1,0,"zilinsky kraj, cadca",0
40424,1,0,"zilinsky kraj, bytca",0
40437,0,1,"kosicky kraj, kosice - sever",25
40479,1,1,"zilinsky kraj, ruzomberok",0
40506,1,1,"zilinsky kraj, zilina",19
40524,0,0,"kosicky kraj, trebisov",14
40607,0,0,"zilinsky kraj, martin",0
40630,0,0,"zilinsky kraj, kysucke nove mesto",16
40673,0,0,"bratislavsky kraj, bratislava - okolie",0
40703,1,0,"zilinsky kraj, bytca",0
40712,0,0,"zilinsky kraj, zilina",0
40721,0,0,"zilinsky kraj, cadca",0
40728,1,1,"presovsky kraj, bardejov",20
40763,1,0,"zilinsky kraj, zilina",0
40768,1,1,"zilinsky kraj, kysucke nove mesto",17
40832,1,1,"trenciansky kraj, nove mesto nad vahom",22
40842,1,0,"trenciansky kraj, povazska bystrica",0
40924,0,0,"zahranicie, zahranicie - gb",0
40931,1,1,"zilinsky kraj, kysucke nove mesto",14
40967,0,1,"zilinsky kraj, cadca",0
40977,1,1,"nitriansky kraj, nitra",31
40985,1,0,"ceska republika, cz - praha",12
41055,0,0,"zilinsky kraj, martin",0
41079,0,1,"zilinsky kraj, kysucke nove mesto",26
41103,0,0,"zilinsky kraj, kysucke nove mesto",0
41117,1,1,"zilinsky kraj, zilina",18
41274,0,1,"zilinsky kraj, dolny kubin",19
41283,1,0,"nitriansky kraj, levice",22
41308,1,1,"zilinsky kraj, zilina",10
41310,1,1,"zilinsky kraj, kysucke nove mesto",17
41368,1,0,"banskobystricky kraj, zvolen",15
41475,1,0,"zilinsky kraj, cadca",0
41567,0,0,"zahranicie, zahranicie - ostatne",0
41701,0,0,"zahranicie, zahranicie - usa",0
41705,0,0,"zahranicie, zahranicie - usa",0
41784,0,0,"zilinsky kraj, turzovka",0
41832,0,1,"presovsky kraj, stara lubovna",0
41836,1,0,"banskobystricky kraj, banska bystrica",15
41871,1,0,"kosicky kraj, kosice - okolie",19
41900,1,0,"trenciansky kraj, prievidza",21
41933,1,0,"zilinsky kraj, kysucke nove mesto",34
41937,1,0,"banskobystricky kraj, ziar nad hronom",0
41990,1,0,"zilinsky kraj, cadca",16
42008,1,1,"nitriansky kraj, sala",17
42024,1,0,"zilinsky kraj, zilina",20
42042,0,1,"zilinsky kraj, zilina",0
42306,1,0,"zilinsky kraj, zilina",0
42312,0,0,"nitriansky kraj, surany",17
42320,1,0,"zilinsky kraj, martin",19
42321,0,0,"kosicky kraj, kosice - dargovskych hrdinov",15
42342,1,0,"kosicky kraj, trebisov",0
42344,1,0,"kosicky kraj, trebisov",16
42345,1,0,"presovsky kraj, lipany",0
42347,1,1,"kosicky kraj, trebisov",17
42348,1,0,"presovsky kraj, poprad",21
42350,1,1,"kosicky kraj, trebisov",18
42351,1,0,"presovsky kraj, lipany",0
42352,1,0,"kosicky kraj, trebisov",0
42353,1,0,"kosicky kraj, trebisov",0
42355,1,0,"kosicky kraj, kosice - okolie",0
42362,0,0,"zilinsky kraj, zilina",0
42365,0,0,"zilinsky kraj, zilina",16
42406,1,0,"zilinsky kraj, kysucke nove mesto",24
42407,1,0,"zilinsky kraj, zilina",25
42412,1,0,"zilinsky kraj, zilina",0
42438,1,0,"ceska republika, cz - praha",29
42439,1,0,"zilinsky kraj, kysucke nove mesto",25
42440,1,1,"zilinsky kraj, zilina",24
42442,1,1,"zilinsky kraj, cadca",24
42473,0,0,"zahranicie, zahranicie - usa",15
42499,0,0,"zilinsky kraj, dolny kubin",20
42515,0,0,"banskobystricky kraj, velky krtis",0
42594,0,0,"zilinsky kraj, zilina",0
42629,1,0,"zilinsky kraj, cadca",16
42669,1,1,"zilinsky kraj, turzovka",0
42695,0,0,"zilinsky kraj, kysucke nove mesto",0
42696,1,1,"zilinsky kraj, kysucke nove mesto",19
42697,0,1,"zilinsky kraj, kysucke nove mesto",19
42706,0,0,"presovsky kraj, vranov nad toplou",0
42718,0,0,"zilinsky kraj, zilina",17
42736,1,1,"zilinsky kraj, kysucke nove mesto",16
42746,0,0,"zilinsky kraj, kysucke nove mesto",16
42755,0,1,"zahranicie, zahranicie - ostatne",0
42766,1,0,"zilinsky kraj, zilina",0
42804,0,0,"zilinsky kraj, kysucke nove mesto",0
42808,1,1,"zahranicie, zahranicie - nemecko",0
42851,1,0,"banskobystricky kraj, hnusta",0
42965,1,1,"zilinsky kraj, kysucke nove mesto",17
43007,1,0,"zilinsky kraj, martin",19
43016,1,1,"banskobystricky kraj, ziar nad hronom",0
43017,0,1,"zilinsky kraj, cadca",0
43018,0,1,"zilinsky kraj, zilina",0
43060,1,1,"zilinsky kraj, zilina",16
43062,0,0,"kosicky kraj, kosice - sidlisko tahanovce",0
43068,0,1,"zahranicie, zahranicie - usa",0
43119,1,0,"zilinsky kraj, kysucke nove mesto",15
43122,1,0,"zilinsky kraj, kysucke nove mesto",17
43165,1,0,"zilinsky kraj, cadca",0
43171,1,0,"trenciansky kraj, nove mesto nad vahom",19
43243,1,1,"zilinsky kraj, cadca",0
43278,1,1,"zilinsky kraj, kysucke nove mesto",0
43281,1,1,"zilinsky kraj, kysucke nove mesto",0
43298,0,0,"zilinsky kraj, zilina",0
43300,0,0,"zilinsky kraj, cadca",23
43332,1,1,"bratislavsky kraj, bratislava - raca",0
43369,1,0,"trenciansky kraj, puchov",18
43395,0,0,"zahranicie, zahranicie - usa",0
43424,1,1,"zilinsky kraj, turzovka",21
43488,0,1,"banskobystricky kraj, rimavska sobota",0
43525,0,0,"zilinsky kraj, ruzomberok",0
43550,1,0,"banskobystricky kraj, rimavska sobota",21
43617,1,0,"banskobystricky kraj, rimavska sobota",20
43619,0,1,"banskobystricky kraj, rimavska sobota",22
43669,0,1,"zilinsky kraj, zilina",24
43700,0,1,"banskobystricky kraj, banska stiavnica",19
43787,1,0,"zilinsky kraj, zilina",20
43816,0,0,"nitriansky kraj, vrable",0
43840,0,0,"ceska republika, cz - liberecky kraj",20
43851,1,1,"zilinsky kraj, cadca",0
43853,1,1,"zilinsky kraj, zilina",16
43855,1,1,"zilinsky kraj, cadca",17
43910,1,1,"zilinsky kraj, turzovka",0
43911,1,1,"zilinsky kraj, cadca",0
43916,1,0,"zilinsky kraj, turzovka",20
44001,1,1,"zilinsky kraj, turzovka",18
44005,1,1,"zilinsky kraj, turzovka",26
44041,1,1,"zilinsky kraj, zilina",24
44063,1,1,"ceska republika, cz - ostravsky kraj",0
44081,0,0,"zilinsky kraj, zilina",0
44090,1,0,"zilinsky kraj, namestovo",17
44127,1,1,"zilinsky kraj, cadca",18
44130,1,1,"zahranicie, zahranicie - australia",0
44310,0,1,"banskobystricky kraj, lucenec",21
44314,1,1,"nitriansky kraj, vrable",0
44413,1,0,"trenciansky kraj, povazska bystrica",18
44483,1,0,"zahranicie, zahranicie - usa",18
44498,1,0,"zilinsky kraj, namestovo",19
44558,1,0,"nitriansky kraj, sala",16
44570,1,0,"zilinsky kraj, liptovsky mikulas",20
44571,1,0,"nitriansky kraj, vrable",20
44671,1,0,"nitriansky kraj, vrable",0
44719,0,0,"nitriansky kraj, sturovo",20
44769,1,0,"banskobystricky kraj, revuca",0
44778,1,0,"zilinsky kraj, zilina",25
44798,1,1,"zilinsky kraj, zilina",19
44899,1,1,"zilinsky kraj, kysucke nove mesto",15
45006,1,0,"zahranicie, zahranicie - ostatne",0
45033,0,0,"zilinsky kraj, cadca",25
45046,1,1,"zilinsky kraj, cadca",20
45134,1,1,"banskobystricky kraj, banska bystrica",23
45185,1,0,"banskobystricky kraj, detva",19
45189,0,0,"presovsky kraj, presov",18
45344,0,0,"zilinsky kraj, martin",0
45345,1,0,"kosicky kraj, roznava",20
45409,0,1,"zilinsky kraj, zilina",0
45447,0,0,"bratislavsky kraj, bratislava - ostatne",26
45490,1,0,"bratislavsky kraj, bratislava - ruzinov",0
45516,1,1,"zilinsky kraj, zilina",20
45665,1,1,"zilinsky kraj, cadca",0
45694,0,1,"banskobystricky kraj, filakovo",19
45745,1,1,"zilinsky kraj, turzovka",0
45823,1,0,"zilinsky kraj, zilina",22
45872,1,0,"zilinsky kraj, zilina",18
45924,1,0,"zilinsky kraj, zilina",0
45985,1,1,"zilinsky kraj, zilina",21
46022,1,0,"zilinsky kraj, ruzomberok",20
46181,0,0,"zahranicie, zahranicie - ostatne",0
46279,0,1,"banskobystricky kraj, lucenec",23
46330,0,0,"zilinsky kraj, kysucke nove mesto",25
46350,1,0,"zilinsky kraj, dolny kubin",0
46464,1,0,"zilinsky kraj, zilina",22
46466,1,0,"zilinsky kraj, zilina",22
46627,1,0,"trnavsky kraj, trnava",15
46685,1,1,"zilinsky kraj, bytca",24
46743,1,1,"banskobystricky kraj, detva",19
46775,1,0,"zilinsky kraj, zilina",20
46981,0,0,"zilinsky kraj, krasno nad kysucou",0
47056,0,0,"zilinsky kraj, zilina",0
47081,1,0,"zilinsky kraj, zilina",0
47088,1,0,"zilinsky kraj, zilina",20
47113,1,1,"nitriansky kraj, nitra",14
47166,0,0,"zilinsky kraj, bytca",18
47310,1,0,"zilinsky kraj, rajec",16
47315,1,0,"zilinsky kraj, zilina",0
47324,1,0,"zilinsky kraj, cadca",11
47367,0,0,"zilinsky kraj, zilina",0
47398,1,0,"nitriansky kraj, nove zamky",18
47418,1,0,"zilinsky kraj, zilina",0
47435,1,1,"trenciansky kraj, novaky",21
47440,0,1,"trenciansky kraj, banovce nad bebravou",18
47441,1,0,"trenciansky kraj, partizanske",21
47564,0,0,"banskobystricky kraj, banska stiavnica",0
47707,1,0,"banskobystricky kraj, velky krtis",19
47721,1,0,"banskobystricky kraj, brezno",21
47747,1,0,"trnavsky kraj, trnava",16
47751,1,1,"zilinsky kraj, cadca",15
47753,1,1,"zilinsky kraj, turzovka",18
47786,0,0,"zilinsky kraj, zilina",13
47878,1,0,"kosicky kraj, kosice - zapad",0
47901,1,0,"zilinsky kraj, turzovka",17
47944,0,0,"zilinsky kraj, zilina",0
47961,1,1,"zilinsky kraj, zilina",0
47964,0,0,"zilinsky kraj, zilina",19
47985,1,0,"zahranicie, zahranicie - usa",15
48028,1,0,"zilinsky kraj, zilina",22
48077,0,1,"presovsky kraj, svit",20
48086,0,1,"zilinsky kraj, cadca",0
48091,1,0,"zilinsky kraj, cadca",14
48141,1,0,"kosicky kraj, krompachy",0
48155,0,0,"banskobystricky kraj, ziar nad hronom",0
48233,0,0,"trenciansky kraj, nove mesto nad vahom",0
48245,1,0,"zilinsky kraj, turzovka",0
48257,0,0,"zilinsky kraj, cadca",0
48266,1,0,"kosicky kraj, roznava",16
48295,1,0,"zilinsky kraj, zilina",0
48297,0,0,"zahranicie, zahranicie - ostatne",0
48341,1,0,"zilinsky kraj, namestovo",0
48428,0,1,"zilinsky kraj, kysucke nove mesto",0
48475,0,1,"kosicky kraj, kosice - okolie",0
48580,1,1,"nitriansky kraj, nitra",24
48664,1,0,"kosicky kraj, kralovsky chlmec",0
48696,1,0,"zahranicie, zahranicie - ostatne",0
48851,1,0,"zilinsky kraj, zilina",13
48979,1,0,"zahranicie, zahranicie - rakusko",26
49077,0,0,"zilinsky kraj, cadca",0
49101,1,0,"zilinsky kraj, zilina",0
49211,1,0,"trnavsky kraj, sered",0
49230,1,0,"zilinsky kraj, zilina",14
49326,0,0,"bratislavsky kraj, malacky",0
49422,0,0,"zahranicie, zahranicie - usa",0
49428,0,0,"trenciansky kraj, prievidza",16
49430,1,1,"trenciansky kraj, prievidza",18
49570,1,1,"kosicky kraj, kosice - zapad",0
49688,1,1,"zilinsky kraj, cadca",26
49847,1,0,"zahranicie, zahranicie - usa",0
49848,0,1,"zilinsky kraj, zilina",0
49863,0,0,"trnavsky kraj, senica",23
49892,0,0,"trenciansky kraj, nove mesto nad vahom",0
49921,1,1,"zahranicie, zahranicie - ostatne",18
49973,0,0,"zilinsky kraj, cadca",16
50020,0,0,"zilinsky kraj, liptovsky mikulas",15
50030,1,1,"presovsky kraj, humenne",11
50035,0,0,"zahranicie, zahranicie - ostatne",0
50050,0,0,"zilinsky kraj, zilina",0
50108,0,0,"zilinsky kraj, cadca",0
50111,1,0,"zilinsky kraj, zilina",0
50145,0,0,"zahranicie, zahranicie - usa",0
50209,1,0,"zilinsky kraj, zilina",18
50213,1,0,"zilinsky kraj, zilina",18
50260,1,0,"zilinsky kraj, cadca",0
50337,0,0,"presovsky kraj, kezmarok",21
50359,0,0,"zilinsky kraj, cadca",0
50468,0,0,"presovsky kraj, kezmarok",19
50484,1,0,"zahranicie, zahranicie - ostatne",0
50521,0,0,"zilinsky kraj, cadca",17
50590,1,1,"zilinsky kraj, cadca",22
50620,0,0,"kosicky kraj, kosice - okolie",0
50733,1,0,"nitriansky kraj, komarno",0
50812,1,0,"zilinsky kraj, cadca",16
50823,1,1,"presovsky kraj, presov",20
50911,0,0,"trenciansky kraj, prievidza",0
50916,1,1,"zahranicie, zahranicie - kanada",19
50925,1,0,"kosicky kraj, spisska nova ves",13
51035,1,1,"kosicky kraj, michalovce",23
51049,1,0,"kosicky kraj, kosice - okolie",11
51093,0,0,"zilinsky kraj, cadca",0
51098,1,0,"zilinsky kraj, cadca",0
51109,1,0,"zilinsky kraj, cadca",18
51134,1,1,"zilinsky kraj, martin",20
51271,0,1,"trenciansky kraj, prievidza",63
51353,1,0,"zilinsky kraj, zilina",14
51355,0,0,"trnavsky kraj, trnava",0
51433,1,0,"zilinsky kraj, zilina",24
51478,1,0,"zilinsky kraj, cadca",0
51483,1,1,"banskobystricky kraj, velky krtis",0
51509,1,0,"zilinsky kraj, zilina",24
51514,1,0,"zilinsky kraj, namestovo",0
51521,1,0,"zilinsky kraj, cadca",0
51532,1,0,"zahranicie, zahranicie - nemecko",0
51538,1,1,"bratislavsky kraj, bratislava - stare mesto",21
51598,1,0,"banskobystricky kraj, banska bystrica",14
51751,1,0,"zahranicie, zahranicie - ostatne",0
51766,1,1,"zilinsky kraj, zilina",27
51828,1,0,"banskobystricky kraj, lucenec",0
51865,1,0,"zilinsky kraj, cadca",21
51870,1,1,"zilinsky kraj, zilina",0
51953,1,0,"trnavsky kraj, sastin-straze",0
52000,0,0,"presovsky kraj, kezmarok",0
52052,1,1,"zilinsky kraj, zilina",24
52092,1,0,"banskobystricky kraj, detva",0
52123,0,1,"banskobystricky kraj, detva",18
52204,1,0,"presovsky kraj, poprad",0
52222,0,1,"banskobystricky kraj, banska bystrica",21
52399,1,0,"bratislavsky kraj, malacky",21
52436,1,0,"nitriansky kraj, nitra",0
52513,1,0,"zilinsky kraj, cadca",0
52574,0,0,"zilinsky kraj, liptovsky hradok",20
52581,0,0,"zilinsky kraj, zilina",21
52610,1,0,"banskobystricky kraj, brezno",15
52618,0,1,"nitriansky kraj, vrable",0
52623,1,0,"kosicky kraj, michalovce",14
52668,1,1,"zahranicie, zahranicie - ostatne",71
52685,1,0,"zilinsky kraj, namestovo",0
52794,0,0,"zilinsky kraj, cadca",0
52830,0,0,"kosicky kraj, kosice - okolie",0
52866,0,0,"zahranicie, zahranicie - ostatne",25
52879,0,0,"kosicky kraj, michalovce",0
52911,0,0,"zahranicie, zahranicie - francuzsko",0
52916,0,0,"zilinsky kraj, martin",0
52949,1,1,"zilinsky kraj, dolny kubin",0
52959,1,0,"zilinsky kraj, martin",15
52962,1,1,"zilinsky kraj, dolny kubin",0
53007,1,0,"trnavsky kraj, senica",0
53016,0,0,"zilinsky kraj, dolny kubin",0
53124,1,0,"zahranicie, zahranicie - ostatne",16
53172,1,0,"trnavsky kraj, hlohovec",0
53176,0,0,"zahranicie, zahranicie - ostatne",0
53189,0,1,"zahranicie, zahranicie - usa",0
53233,0,0,"trenciansky kraj, dubnica nad vahom",28
53314,1,1,"kosicky kraj, roznava",0
53357,1,0,"banskobystricky kraj, zvolen",12
53421,0,0,"nitriansky kraj, topolcany",0
53467,0,1,"nitriansky kraj, nove zamky",15
53478,1,0,"trenciansky kraj, trencin",0
53498,1,0,"banskobystricky kraj, revuca",0
53558,1,0,"trenciansky kraj, prievidza",0
53576,1,0,"zilinsky kraj, namestovo",19
53588,1,0,"banskobystricky kraj, brezno",0
53599,1,0,"zilinsky kraj, kysucke nove mesto",0
53759,1,1,"zilinsky kraj, ruzomberok",0
53827,0,0,"trenciansky kraj, nemsova",22
53829,1,1,"bratislavsky kraj, bratislava - ruzinov",28
53840,1,1,"zilinsky kraj, zilina",0
53849,1,0,"zilinsky kraj, bytca",0
53868,0,0,"zilinsky kraj, zilina",17
53905,1,0,"kosicky kraj, spisska nova ves",23
53942,0,1,"kosicky kraj, michalovce",19
53997,0,0,"zahranicie, zahranicie - ostatne",0
54041,1,0,"zilinsky kraj, cadca",21
54067,1,0,"trnavsky kraj, galanta",0
54138,0,0,"kosicky kraj, michalovce",0
54140,1,1,"trenciansky kraj, nemsova",19
54149,1,1,"kosicky kraj, michalovce",21
54234,1,0,"zahranicie, zahranicie - australia",19
54263,1,0,"bratislavsky kraj, bratislava - petrzalka",25
54432,0,1,"zilinsky kraj, namestovo",22
54444,0,0,"banskobystricky kraj, banska bystrica",21
54473,1,1,"trenciansky kraj, puchov",20
54540,0,0,"nitriansky kraj, vrable",16
54592,1,1,"zilinsky kraj, cadca",0
54628,1,1,"zahranicie, zahranicie - ostatne",0
54704,1,1,"zilinsky kraj, turzovka",0
54711,0,0,"kosicky kraj, kosice - ostatne",14
54733,1,0,"presovsky kraj, humenne",16
54752,0,0,"trenciansky kraj, myjava",0
54786,0,1,"trenciansky kraj, povazska bystrica",0
54857,1,0,"zahranicie, zahranicie - usa",0
54972,1,1,"presovsky kraj, svit",0
55001,1,0,"zilinsky kraj, dolny kubin",17
55018,1,0,"zilinsky kraj, dolny kubin",18
55108,1,1,"kosicky kraj, michalovce",0
55175,0,0,"kosicky kraj, michalovce",0
55243,1,0,"banskobystricky kraj, banska bystrica",16
55269,0,0,"bratislavsky kraj, bratislava - dubravka",0
55298,1,0,"kosicky kraj, michalovce",0
55353,0,0,"zilinsky kraj, ruzomberok",28
55363,0,0,"kosicky kraj, michalovce",0
55366,1,1,"kosicky kraj, sobrance",19
55380,1,0,"banskobystricky kraj, banska bystrica",0
55501,0,0,"zilinsky kraj, liptovsky mikulas",17
55512,0,0,"zahranicie, zahranicie - usa",0
55520,0,0,"kosicky kraj, spisska nova ves",13
55555,1,0,"kosicky kraj, sobrance",0
55583,1,0,"zahranicie, zahranicie - ostatne",0
55606,0,0,"zilinsky kraj, zilina",15
55609,0,0,"zilinsky kraj, zilina",14
55610,0,0,"presovsky kraj, sabinov",15
55612,1,0,"kosicky kraj, trebisov",9
55628,0,0,"zahranicie, zahranicie - gb",17
55676,1,0,"presovsky kraj, bardejov",16
55788,1,0,"zahranicie, zahranicie - usa",0
55791,0,0,"banskobystricky kraj, detva",0
55812,0,0,"zahranicie, zahranicie - usa",15
55826,1,1,"nitriansky kraj, nitra",0
55877,1,0,"zilinsky kraj, zilina",21
55933,1,1,"zilinsky kraj, kysucke nove mesto",14
56000,0,0,"trenciansky kraj, puchov",0
56005,0,0,"trenciansky kraj, prievidza",18
56049,1,0,"trenciansky kraj, ilava",23
56119,1,1,"zilinsky kraj, zilina",19
56237,0,1,"zilinsky kraj, ruzomberok",0
56248,1,1,"kosicky kraj, michalovce",0
56375,1,0,"trenciansky kraj, prievidza",34
56381,0,0,"trnavsky kraj, holic",0
56395,0,0,"nitriansky kraj, vrable",0
56482,1,0,"zilinsky kraj, namestovo",11
56488,1,0,"zilinsky kraj, zilina",11
56493,0,0,"trenciansky kraj, bojnice",0
56495,0,0,"bratislavsky kraj, bratislava - nove mesto",0
56498,0,0,"zahranicie, zahranicie - usa",0
56513,1,0,"kosicky kraj, kosice - zapad",16
56600,0,0,"zilinsky kraj, namestovo",18
56645,0,1,"zahranicie, zahranicie - australia",13
56830,1,1,"trnavsky kraj, hlohovec",24
56840,1,1,"zilinsky kraj, cadca",0
56938,0,0,"nitriansky kraj, topolcany",0
56995,1,1,"zilinsky kraj, liptovsky mikulas",0
57004,0,0,"zilinsky kraj, liptovsky mikulas",0
57085,0,0,"kosicky kraj, kosice - stare mesto",0
57089,0,1,"presovsky kraj, spisska bela",0
57122,1,0,"zilinsky kraj, zilina",25
57192,1,0,"trnavsky kraj, senica",0
57210,1,1,"kosicky kraj, michalovce",18
57265,0,0,"zilinsky kraj, cadca",15
57338,1,0,"trnavsky kraj, trnava",0
57389,1,1,"kosicky kraj, gelnica",15
57400,1,0,"zahranicie, zahranicie - australia",17
57424,0,1,"trenciansky kraj, nemsova",0
57591,0,0,"trnavsky kraj, trnava",23
57617,0,0,"trnavsky kraj, senica",0
57636,1,0,"banskobystricky kraj, banska bystrica",0
57648,1,0,"kosicky kraj, kosice - saca",0
57651,1,0,"bratislavsky kraj, bratislava - ostatne",0
57718,0,0,"presovsky kraj, hanusovce nad toplou",27
57795,0,0,"zilinsky kraj, kysucke nove mesto",0
57936,1,1,"zahranicie, zahranicie - usa",0
57988,0,0,"zilinsky kraj, zilina",20
58120,1,0,"zilinsky kraj, zilina",22
58125,1,0,"zilinsky kraj, tvrdosin",0
58141,1,1,"banskobystricky kraj, velky krtis",20
58171,1,0,"kosicky kraj, kosice - krasna nad hornadom",0
58187,0,0,"nitriansky kraj, zlate moravce",21
58211,0,1,"kosicky kraj, strazske",20
58344,1,0,"kosicky kraj, michalovce",0
58346,1,1,"zilinsky kraj, zilina",0
58426,0,1,"trenciansky kraj, povazska bystrica",23
58459,0,0,"presovsky kraj, poprad",0
58473,0,0,"kosicky kraj, michalovce",0
58481,0,1,"ceska republika, cz - praha",0
58500,1,0,"kosicky kraj, kosice - sever",0
58614,0,0,"presovsky kraj, poprad",20
58669,1,0,"banskobystricky kraj, lucenec",11
58812,1,0,"kosicky kraj, kosice - stare mesto",22
58861,1,0,"zilinsky kraj, zilina",0
58910,1,0,"bratislavsky kraj, senec",0
58940,1,0,"trenciansky kraj, prievidza",0
58950,0,0,"presovsky kraj, vranov nad toplou",18
59031,0,0,"nitriansky kraj, nove zamky",18
59121,1,0,"trnavsky kraj, sered",27
59124,1,1,"kosicky kraj, gelnica",11
59180,1,0,"zilinsky kraj, liptovsky mikulas",14
59207,1,1,"zahranicie, zahranicie - nemecko",0
59264,1,0,"zilinsky kraj, zilina",0
59265,1,1,"zilinsky kraj, zilina",12
59291,1,1,"zilinsky kraj, zilina",24
59292,1,1,"presovsky kraj, snina",13
59293,1,1,"zilinsky kraj, namestovo",13
59294,0,0,"trnavsky kraj, trnava",21
59342,1,0,"nitriansky kraj, sahy",0
59364,0,0,"trenciansky kraj, nove mesto nad vahom",23
59367,1,0,"zilinsky kraj, namestovo",0
59453,0,0,"zilinsky kraj, trstena",0
59495,0,0,"banskobystricky kraj, nova bana",16
59582,1,0,"banskobystricky kraj, velky krtis",15
59602,1,0,"zilinsky kraj, namestovo",0
59637,1,0,"banskobystricky kraj, filakovo",10
59724,0,0,"zilinsky kraj, namestovo",0
59793,0,1,"zilinsky kraj, bytca",20
59804,0,0,"zilinsky kraj, zilina",0
59841,1,1,"zilinsky kraj, martin",16
59854,1,0,"kosicky kraj, krompachy",0
60077,1,1,"zilinsky kraj, cadca",0
60193,1,0,"trenciansky kraj, povazska bystrica",23
60256,1,0,"presovsky kraj, humenne",15
60269,0,0,"zilinsky kraj, turcianske teplice",0
60282,1,0,"trenciansky kraj, povazska bystrica",20
60367,1,0,"kosicky kraj, michalovce",20
60380,0,0,"zilinsky kraj, tvrdosin",33
60413,1,0,"bratislavsky kraj, malacky",17
60416,0,1,"zilinsky kraj, martin",0
60438,1,0,"trnavsky kraj, dunajska streda",0
60441,1,1,"zilinsky kraj, namestovo",0
60443,1,0,"nitriansky kraj, nitra",14
60449,1,1,"nitriansky kraj, komarno",11
60451,1,0,"trenciansky kraj, prievidza",15
60452,1,1,"presovsky kraj, vranov nad toplou",11
60478,1,0,"zilinsky kraj, zilina",18
60483,1,0,"trenciansky kraj, prievidza",20
60498,1,0,"zahranicie, zahranicie - usa",0
60616,0,0,"zahranicie, zahranicie - ostatne",21
60692,0,0,"kosicky kraj, kosice - okolie",0
60694,0,0,"zahranicie, zahranicie - ostatne",0
60695,1,0,"trenciansky kraj, puchov",0
60743,0,1,"kosicky kraj, michalovce",0
60891,1,1,"zilinsky kraj, namestovo",20
60893,1,0,"trenciansky kraj, prievidza",0
60896,1,0,"zilinsky kraj, namestovo",0
60901,0,1,"bratislavsky kraj, bratislava - petrzalka",15
60907,0,1,"nitriansky kraj, vrable",11
60910,1,0,"banskobystricky kraj, banska bystrica",0
60911,1,0,"kosicky kraj, kosice - okolie",0
61010,0,0,"trenciansky kraj, brezova pod bradlom",0
61023,0,0,"trnavsky kraj, senica",0
61076,1,0,"bratislavsky kraj, bratislava - stare mesto",20
61109,0,0,"kosicky kraj, michalovce",19
61197,0,0,"kosicky kraj, kosice - dargovskych hrdinov",0
61234,1,0,"trnavsky kraj, senica",0
61305,0,0,"trnavsky kraj, sastin-straze",15
61325,1,0,"zilinsky kraj, zilina",0
61347,0,0,"presovsky kraj, levoca",0
61375,0,0,"nitriansky kraj, topolcany",13
61386,0,0,"kosicky kraj, kosice - juh",0
61387,0,0,"presovsky kraj, snina",0
61395,0,0,"trenciansky kraj, nove mesto nad vahom",0
61429,1,1,"zilinsky kraj, cadca",25
61480,1,0,"trnavsky kraj, trnava",0
61526,1,0,"kosicky kraj, michalovce",23
61559,0,1,"zilinsky kraj, zilina",0
61676,1,0,"presovsky kraj, poprad",22
61696,1,0,"trnavsky kraj, trnava",16
61707,1,0,"presovsky kraj, snina",0
61709,1,0,"zilinsky kraj, namestovo",0
61735,0,0,"trnavsky kraj, senica",0
61807,0,0,"banskobystricky kraj, filakovo",0
61835,1,0,"kosicky kraj, michalovce",0
61841,1,1,"bratislavsky kraj, bratislava - vajnory",13
61843,1,1,"trnavsky kraj, piestany",0
61844,1,1,"nitriansky kraj, nitra",0
61849,0,1,"trenciansky kraj, prievidza",0
61850,0,0,"zahranicie, zahranicie - usa",0
61853,1,0,"nitriansky kraj, nove zamky",12
61863,1,0,"trnavsky kraj, trnava",19
61882,0,0,"zahranicie, zahranicie - nemecko",18
61955,1,0,"zahranicie, zahranicie - usa",12
61956,1,1,"kosicky kraj, kosice - okolie",18
61957,1,0,"zahranicie, zahranicie - usa",11
61960,1,0,"banskobystricky kraj, detva",10
61961,1,1,"zahranicie, zahranicie - gb",0
61963,1,0,"trnavsky kraj, trnava",18
61964,1,0,"banskobystricky kraj, hnusta",10
61965,1,0,"kosicky kraj, kosice - sidlisko tahanovce",0
61966,1,1,"kosicky kraj, trebisov",0
61967,1,1,"zilinsky kraj, cadca",11
61968,1,1,"presovsky kraj, humenne",10
61970,0,0,"zahranicie, zahranicie - usa",0
61971,0,1,"trenciansky kraj, ilava",13
61973,0,0,"presovsky kraj, humenne",16
62064,1,0,"presovsky kraj, vranov nad toplou",0
62098,1,0,"trnavsky kraj, vrbove",22
62099,1,1,"zilinsky kraj, zilina",16
62102,1,1,"trenciansky kraj, nove mesto nad vahom",22
62104,1,1,"trenciansky kraj, trencin",21
62105,1,1,"trenciansky kraj, trencin",22
62122,1,1,"kosicky kraj, michalovce",0
62123,1,1,"zilinsky kraj, cadca",0
62125,0,1,"nitriansky kraj, levice",0
62126,1,0,"kosicky kraj, kosice - sever",6
62128,0,1,"zilinsky kraj, zilina",20
62129,1,1,"zahranicie, zahranicie - australia",21
62134,0,1,"kosicky kraj, trebisov",0
62135,0,0,"zilinsky kraj, cadca",12
62136,1,1,"kosicky kraj, moldava nad bodvou",13
62137,1,0,"trenciansky kraj, ilava",0
62138,0,0,"trnavsky kraj, holic",11
62139,1,1,"zilinsky kraj, zilina",0
62140,0,0,"banskobystricky kraj, rimavska sobota",0
62141,1,0,"zahranicie, zahranicie - usa",0
62170,1,1,"trenciansky kraj, trencin",20
62171,1,1,"trenciansky kraj, ilava",22
62173,1,1,"zilinsky kraj, zilina",20
62175,1,1,"zilinsky kraj, zilina",24
62176,1,0,"zilinsky kraj, zilina",21
62228,1,0,"zilinsky kraj, zilina",24
62232,1,0,"zilinsky kraj, zilina",22
62235,1,0,"zilinsky kraj, zilina",0
62250,1,0,"banskobystricky kraj, filakovo",0
62251,1,0,"kosicky kraj, michalovce",13
62253,0,0,"nitriansky kraj, nitra",0
62257,0,1,"ceska republika, cz - praha",18
62259,1,0,"zahranicie, zahranicie - rakusko",19
62260,1,1,"banskobystricky kraj, lucenec",0
62261,1,1,"zilinsky kraj, zilina",16
62263,0,1,"kosicky kraj, kosice - dargovskych hrdinov",17
62265,1,0,"banskobystricky kraj, rimavska sobota",0
62266,1,1,"banskobystricky kraj, lucenec",17
62290,1,1,"zilinsky kraj, zilina",23
62293,1,1,"zilinsky kraj, zilina",23
62300,1,1,"kosicky kraj, michalovce",20
62305,0,0,"nitriansky kraj, komarno",0
62310,0,0,"kosicky kraj, michalovce",0
62313,1,0,"zahranicie, zahranicie - ostatne",18
62332,1,1,"trnavsky kraj, trnava",22
62360,1,0,"trnavsky kraj, senica",0
62370,1,0,"ceska republika, cz - stredni cechy",15
62372,1,0,"presovsky kraj, svit",16
62373,1,1,"banskobystricky kraj, lucenec",15
62374,1,1,"nitriansky kraj, nove zamky",12
62375,1,0,"nitriansky kraj, nove zamky",15
62376,1,1,"zilinsky kraj, dolny kubin",0
62377,0,1,"trenciansky kraj, prievidza",15
62378,1,1,"banskobystricky kraj, rimavska sobota",15
62379,1,1,"banskobystricky kraj, poltar",13
62380,1,1,"presovsky kraj, bardejov",9
62381,1,1,"presovsky kraj, poprad",12
62382,1,1,"banskobystricky kraj, filakovo",16
62384,1,1,"presovsky kraj, humenne",15
62386,1,1,"zilinsky kraj, ruzomberok",14
62388,1,1,"trenciansky kraj, nemsova",12
62391,0,0,"banskobystricky kraj, lucenec",18
62419,1,0,"trenciansky kraj, ilava",14
62420,1,0,"trnavsky kraj, trnava",12
62421,0,0,"zahranicie, zahranicie - gb",0
62423,1,1,"kosicky kraj, spisska nova ves",16
62425,1,1,"kosicky kraj, kosice - okolie",14
62427,1,1,"trenciansky kraj, ilava",20
62429,1,1,"trenciansky kraj, trencin",0
62431,1,1,"presovsky kraj, snina",16
62433,1,0,"zahranicie, zahranicie - ostatne",0
62435,1,1,"zilinsky kraj, cadca",0
62437,1,1,"zilinsky kraj, zilina",0
62439,1,0,"presovsky kraj, humenne",17
62441,1,1,"nitriansky kraj, topolcany",12
62443,1,1,"nitriansky kraj, nitra",0
62445,1,0,"presovsky kraj, giraltovce",0
62446,0,0,"nitriansky kraj, nitra",13
62448,0,0,"banskobystricky kraj, zvolen",0
62461,0,0,"trenciansky kraj, partizanske",11
62464,1,1,"trnavsky kraj, senica",11
62465,1,1,"presovsky kraj, lipany",0
62467,1,1,"zilinsky kraj, dolny kubin",13
62468,1,1,"kosicky kraj, kosice - stare mesto",14
62469,0,1,"nitriansky kraj, sala",15
62470,0,1,"nitriansky kraj, sala",12
62471,1,1,"presovsky kraj, poprad",17
62472,1,1,"nitriansky kraj, levice",11
62473,0,1,"zilinsky kraj, liptovsky mikulas",16
62474,1,1,"nitriansky kraj, nitra",11
62476,1,1,"banskobystricky kraj, lucenec",12
62477,1,1,"zilinsky kraj, zilina",12
62478,1,1,"kosicky kraj, michalovce",10
62479,1,1,"banskobystricky kraj, zvolen",14
62480,0,1,"nitriansky kraj, nove zamky",12
62518,1,1,"presovsky kraj, humenne",0
62607,1,1,"kosicky kraj, michalovce",26
62615,1,0,"presovsky kraj, lipany",0
62634,1,0,"zilinsky kraj, zilina",23
62665,0,1,"nitriansky kraj, levice",12
62666,1,1,"banskobystricky kraj, zvolen",12
62671,0,0,"nitriansky kraj, topolcany",2
62672,1,0,"kosicky kraj, roznava",0
62673,1,1,"presovsky kraj, presov",12
62674,1,1,"banskobystricky kraj, sliac",14
62675,1,0,"kosicky kraj, roznava",0
62676,1,1,"nitriansky kraj, nove zamky",12
62677,1,1,"zilinsky kraj, martin",13
62678,1,0,"nitriansky kraj, vrable",13
62679,0,1,"zilinsky kraj, zilina",13
62680,1,1,"zilinsky kraj, namestovo",12
62681,0,1,"zilinsky kraj, turcianske teplice",0
62682,0,0,"zahranicie, zahranicie - usa",0
62683,0,1,"zilinsky kraj, cadca",14
62684,0,1,"zilinsky kraj, namestovo",10
62685,1,1,"zilinsky kraj, bytca",11
62686,1,0,"presovsky kraj, presov",14
62702,1,0,"banskobystricky kraj, lucenec",17
62737,0,0,"zilinsky kraj, cadca",0
62758,1,0,"kosicky kraj, kosice - okolie",0
62759,0,0,"banskobystricky kraj, velky krtis",0
62760,0,0,"zahranicie, zahranicie - usa",0
62761,1,1,"presovsky kraj, stara lubovna",0
62762,0,0,"zilinsky kraj, tvrdosin",0
62763,0,0,"kosicky kraj, kosice - sidlisko tahanovce",0
62764,1,0,"zilinsky kraj, martin",0
62765,1,1,"zahranicie, zahranicie - gb",0
62766,0,0,"bratislavsky kraj, bratislava - dubravka",14
62767,1,1,"banskobystricky kraj, rimavska sobota",7
62768,1,0,"kosicky kraj, gelnica",18
62769,1,1,"trnavsky kraj, sered",13
62770,1,1,"nitriansky kraj, vrable",16
62771,1,1,"banskobystricky kraj, lucenec",21
62772,1,0,"zilinsky kraj, zilina",0
62773,1,0,"nitriansky kraj, zlate moravce",13
62774,1,0,"trnavsky kraj, sered",12
62776,1,1,"banskobystricky kraj, banska bystrica",0
62779,1,1,"zahranicie, zahranicie - gb",20
62784,1,0,"zilinsky kraj, zilina",21
62811,1,1,"trenciansky kraj, prievidza",19
62812,1,1,"bratislavsky kraj, bratislava - petrzalka",0
62813,1,1,"presovsky kraj, presov",13
62814,1,1,"nitriansky kraj, nitra",0
62815,0,1,"trnavsky kraj, hlohovec",16
62816,1,0,"banskobystricky kraj, detva",16
62817,1,0,"kosicky kraj, kosice - sever",13
62818,1,1,"zilinsky kraj, zilina",0
62819,0,0,"nitriansky kraj, nove zamky",15
62820,1,0,"kosicky kraj, kosice - stare mesto",15
62822,0,0,"trnavsky kraj, gbely",17
62823,1,1,"banskobystricky kraj, filakovo",13
62824,1,1,"banskobystricky kraj, lucenec",14
62825,0,1,"trenciansky kraj, partizanske",0
62826,1,1,"bratislavsky kraj, bratislava - ostatne",12
62827,0,1,"zahranicie, zahranicie - usa",0
62828,1,1,"banskobystricky kraj, rimavska sobota",18
62829,0,1,"banskobystricky kraj, filakovo",16
62830,1,1,"zilinsky kraj, martin",13
62831,1,0,"banskobystricky kraj, filakovo",18
62840,0,0,"trenciansky kraj, prievidza",16
62856,0,1,"banskobystricky kraj, ziar nad hronom",0
62883,1,0,"banskobystricky kraj, banska bystrica",14
62894,0,0,"banskobystricky kraj, rimavska sobota",0
62912,1,0,"zilinsky kraj, zilina",0
62913,1,1,"zilinsky kraj, zilina",24
62944,0,0,"trenciansky kraj, banovce nad bebravou",19
62963,1,0,"zahranicie, zahranicie - ostatne",17
62964,1,1,"trenciansky kraj, nove mesto nad vahom",11
62965,1,1,"kosicky kraj, spisska nova ves",12
62966,1,1,"presovsky kraj, bardejov",11
62967,1,1,"nitriansky kraj, nove zamky",11
62968,1,0,"zilinsky kraj, liptovsky mikulas",10
62969,1,1,"kosicky kraj, kosice - dargovskych hrdinov",10
62970,1,0,"kosicky kraj, kosice - okolie",0
62971,1,0,"zilinsky kraj, cadca",19
62972,1,0,"zilinsky kraj, namestovo",13
62973,0,0,"banskobystricky kraj, velky krtis",0
62974,1,0,"trenciansky kraj, trencin",14
62975,1,0,"nitriansky kraj, nove zamky",0
62976,0,0,"zilinsky kraj, zilina",10
62977,0,0,"presovsky kraj, poprad",0
62979,1,0,"nitriansky kraj, levice",11
62980,1,0,"banskobystricky kraj, velky krtis",0
62982,1,0,"banskobystricky kraj, banska bystrica",0
62983,1,1,"banskobystricky kraj, brezno",0
63024,0,1,"zilinsky kraj, tvrdosin",0
63082,1,0,"zilinsky kraj, cadca",21
63137,1,0,"nitriansky kraj, sala",13
63194,0,0,"zilinsky kraj, dolny kubin",20
63230,1,0,"trnavsky kraj, sered",0
63257,0,1,"presovsky kraj, bardejov",21
63260,0,1,"kosicky kraj, kosice - juh",18
63261,0,0,"zilinsky kraj, liptovsky hradok",0
63262,0,0,"zahranicie, zahranicie - ostatne",19
63263,0,0,"zilinsky kraj, martin",14
63264,1,1,"kosicky kraj, gelnica",0
63265,1,0,"zilinsky kraj, trstena",11
63266,1,1,"trenciansky kraj, povazska bystrica",17
63267,1,0,"presovsky kraj, vranov nad toplou",0
63268,1,0,"kosicky kraj, roznava",0
63269,0,0,"zahranicie, zahranicie - usa",19
63270,0,1,"bratislavsky kraj, bratislava - dubravka",0
63271,1,1,"zahranicie, zahranicie - gb",0
63272,0,0,"zahranicie, zahranicie - usa",18
63273,1,0,"banskobystricky kraj, tornala",11
63274,1,0,"nitriansky kraj, sahy",0
63275,1,0,"banskobystricky kraj, revuca",14
63276,0,0,"banskobystricky kraj, banska bystrica",19
63277,0,0,"kosicky kraj, kosice - dargovskych hrdinov",16
63312,0,0,"zilinsky kraj, zilina",0
63351,0,1,"zilinsky kraj, tvrdosin",23
63378,0,0,"kosicky kraj, moldava nad bodvou",21
63386,1,0,"zilinsky kraj, dolny kubin",23
63395,1,0,"banskobystricky kraj, banska bystrica",18
63409,1,1,"trnavsky kraj, sered",0
63449,1,1,"kosicky kraj, michalovce",0
63450,1,1,"zahranicie, zahranicie - kanada",15
63451,1,0,"nitriansky kraj, nove zamky",0
63452,1,0,"zahranicie, zahranicie - gb",15
63453,1,1,"bratislavsky kraj, bratislava - petrzalka",16
63454,1,0,"kosicky kraj, roznava",11
63455,1,0,"banskobystricky kraj, lucenec",0
63456,1,1,"zilinsky kraj, namestovo",13
63457,1,1,"banskobystricky kraj, zvolen",17
63458,1,0,"kosicky kraj, michalovce",17
63459,0,0,"zilinsky kraj, zilina",12
63460,1,1,"zilinsky kraj, namestovo",0
63462,1,0,"nitriansky kraj, nove zamky",18
63465,1,0,"banskobystricky kraj, lucenec",0
63466,1,0,"presovsky kraj, poprad",0
63468,1,1,"nitriansky kraj, nove zamky",12
63469,0,0,"bratislavsky kraj, bratislava - petrzalka",14
63470,0,1,"trnavsky kraj, trnava",12
63475,1,0,"trnavsky kraj, senica",18
63494,1,0,"zilinsky kraj, turzovka",0
63541,0,0,"zilinsky kraj, cadca",13
63555,0,0,"zilinsky kraj, cadca",16
63631,0,0,"zahranicie, zahranicie - usa",0
63633,0,0,"banskobystricky kraj, lucenec",0
63635,1,1,"zahranicie, zahranicie - gb",22
63637,0,0,"zahranicie, zahranicie - francuzsko",0
63639,0,1,"presovsky kraj, sabinov",0
63641,1,1,"bratislavsky kraj, bratislava - petrzalka",14
63642,0,0,"zilinsky kraj, bytca",12
63644,0,0,"presovsky kraj, poprad",0
63646,1,0,"zilinsky kraj, martin",14
63648,1,1,"zilinsky kraj, namestovo",13
63650,1,0,"zilinsky kraj, martin",15
63651,0,0,"nitriansky kraj, sala",0
63652,1,1,"nitriansky kraj, nitra",12
63653,1,1,"kosicky kraj, trebisov",14
63654,0,0,"trnavsky kraj, senica",0
63655,1,1,"zahranicie, zahranicie - ostatne",0
63656,1,0,"presovsky kraj, poprad",13
63657,0,1,"banskobystricky kraj, velky krtis",0
63658,0,0,"zahranicie, zahranicie - usa",0
63659,1,1,"zilinsky kraj, ruzomberok",12
63716,1,1,"kosicky kraj, kosice - sever",13
63718,0,1,"kosicky kraj, michalovce",20
63721,1,0,"zilinsky kraj, kysucke nove mesto",0
63746,0,0,"zilinsky kraj, kysucke nove mesto",23
63814,1,0,"zilinsky kraj, kysucke nove mesto",0
63835,1,1,"kosicky kraj, michalovce",19
63849,1,1,"ceska republika, cz - praha",0
63899,0,1,"kosicky kraj, kosice - dargovskych hrdinov",26
63900,0,0,"kosicky kraj, kosice - zapad",16
63938,0,0,"trenciansky kraj, ilava",24
63940,1,1,"banskobystricky kraj, lucenec",16
63959,1,0,"zilinsky kraj, cadca",21
63980,1,0,"kosicky kraj, spisska nova ves",15
63981,1,1,"zilinsky kraj, liptovsky mikulas",17
63983,1,0,"nitriansky kraj, sala",10
63984,1,1,"nitriansky kraj, topolcany",0
63986,0,0,"nitriansky kraj, sala",0
63987,0,0,"trenciansky kraj, trencin",20
63988,1,1,"banskobystricky kraj, poltar",13
63989,1,1,"kosicky kraj, kosice - okolie",13
63990,1,0,"kosicky kraj, kosice - okolie",0
63992,1,1,"banskobystricky kraj, zvolen",14
63994,1,1,"zilinsky kraj, ruzomberok",17
63996,1,0,"banskobystricky kraj, zvolen",17
64000,0,0,"trnavsky kraj, holic",10
64002,1,0,"zahranicie, zahranicie - ostatne",0
64004,0,1,"zilinsky kraj, cadca",21
64005,1,1,"trnavsky kraj, trnava",14
64007,1,0,"banskobystricky kraj, banska bystrica",0
64012,1,1,"kosicky kraj, michalovce",19
64028,1,1,"kosicky kraj, kosice - okolie",17
64057,0,1,"presovsky kraj, kezmarok",12
64058,1,1,"zilinsky kraj, tvrdosin",14
64059,0,1,"banskobystricky kraj, filakovo",19
64060,1,0,"trnavsky kraj, holic",16
64061,1,1,"trnavsky kraj, skalica",17
64062,1,1,"banskobystricky kraj, lucenec",13
64063,0,1,"zahranicie, zahranicie - usa",0
64064,0,1,"zahranicie, zahranicie - gb",20
64065,1,1,"banskobystricky kraj, filakovo",20
64066,0,0,"banskobystricky kraj, zvolen",0
64067,1,1,"kosicky kraj, secovce",10
64068,1,1,"banskobystricky kraj, filakovo",20
64069,0,0,"zahranicie, zahranicie - ostatne",19
64070,1,1,"banskobystricky kraj, filakovo",20
64071,0,1,"banskobystricky kraj, lucenec",20
64072,1,1,"banskobystricky kraj, filakovo",0
64073,1,1,"banskobystricky kraj, filakovo",0
64127,1,0,"banskobystricky kraj, filakovo",0
64128,1,0,"banskobystricky kraj, lucenec",19
64129,0,1,"banskobystricky kraj, lucenec",0
64130,1,1,"banskobystricky kraj, lucenec",20
64131,0,1,"banskobystricky kraj, lucenec",20
64132,1,1,"banskobystricky kraj, filakovo",23
64133,0,1,"banskobystricky kraj, filakovo",20
64134,0,1,"banskobystricky kraj, banska bystrica",20
64138,1,0,"bratislavsky kraj, malacky",21
64158,0,1,"kosicky kraj, michalovce",19
64361,1,0,"banskobystricky kraj, zarnovica",21
64414,1,0,"zilinsky kraj, bytca",22
64423,1,1,"nitriansky kraj, nitra",0
64541,1,0,"trnavsky kraj, gbely",0
64564,0,0,"trenciansky kraj, puchov",16
64596,1,1,"kosicky kraj, michalovce",20
64612,0,1,"kosicky kraj, michalovce",14
64660,1,0,"zilinsky kraj, zilina",0
64698,1,0,"kosicky kraj, michalovce",24
64746,1,1,"nitriansky kraj, sala",0
64784,1,0,"zilinsky kraj, zilina",0
64859,0,1,"kosicky kraj, kosice - sidlisko tahanovce",13
64860,0,1,"trenciansky kraj, trencin",15
64861,1,1,"banskobystricky kraj, zarnovica",14
64862,1,1,"presovsky kraj, humenne",13
64863,1,1,"banskobystricky kraj, lucenec",0
64864,1,1,"banskobystricky kraj, banska bystrica",0
64865,1,1,"banskobystricky kraj, lucenec",15
64866,1,0,"zilinsky kraj, ruzomberok",13
64867,1,1,"banskobystricky kraj, hnusta",12
64868,0,1,"banskobystricky kraj, lucenec",12
64869,0,1,"nitriansky kraj, komarno",0
64870,1,1,"presovsky kraj, stara lubovna",13
64892,1,1,"zilinsky kraj, trstena",14
64922,1,1,"nitriansky kraj, sahy",12
64923,1,1,"kosicky kraj, kosice - zapad",13
64925,1,1,"zilinsky kraj, dolny kubin",12
64927,1,1,"banskobystricky kraj, filakovo",14
64929,1,1,"presovsky kraj, poprad",15
64931,1,1,"banskobystricky kraj, velky krtis",9
64933,1,1,"zilinsky kraj, turcianske teplice",0
64935,1,0,"kosicky kraj, kosice - sidlisko tahanovce",0
64936,1,1,"banskobystricky kraj, filakovo",11
64938,0,0,"trnavsky kraj, dunajska streda",20
64940,1,1,"zilinsky kraj, dolny kubin",12
64942,0,1,"presovsky kraj, humenne",0
64944,1,1,"banskobystricky kraj, lucenec",0
64946,0,0,"zahranicie, zahranicie - ostatne",0
64948,1,1,"nitriansky kraj, komarno",15
64950,1,1,"zilinsky kraj, dolny kubin",12
64952,0,1,"zahranicie, zahranicie - ostatne",0
64953,1,0,"banskobystricky kraj, filakovo",16
65016,1,1,"presovsky kraj, stara lubovna",0
65017,1,1,"trenciansky kraj, nove mesto nad vahom",14
65018,0,1,"presovsky kraj, stara lubovna",13
65019,1,0,"presovsky kraj, lipany",12
65020,0,1,"zilinsky kraj, tvrdosin",17
65022,1,1,"trenciansky kraj, handlova",16
65024,1,1,"zilinsky kraj, liptovsky mikulas",27
65025,1,1,"banskobystricky kraj, lucenec",12
65026,1,1,"trnavsky kraj, trnava",13
65027,1,0,"banskobystricky kraj, lucenec",0
65028,1,1,"presovsky kraj, bardejov",17
65029,1,1,"presovsky kraj, lipany",0
65030,0,1,"trenciansky kraj, handlova",11
65031,0,1,"kosicky kraj, kosice - saca",14
65032,1,1,"banskobystricky kraj, detva",11
65033,1,1,"banskobystricky kraj, hrinova",0
65034,1,1,"nitriansky kraj, nitra",12
65035,0,1,"trnavsky kraj, galanta",14
65036,1,1,"presovsky kraj, giraltovce",12
65037,1,1,"kosicky kraj, kosice - saca",16
65086,0,0,"trenciansky kraj, prievidza",16
65118,0,0,"presovsky kraj, humenne",0
65119,1,0,"bratislavsky kraj, bratislava - okolie",15
65120,1,0,"kosicky kraj, sobrance",16
65121,1,1,"bratislavsky kraj, malacky",15
65122,1,1,"zilinsky kraj, ruzomberok",13
65123,0,0,"kosicky kraj, kosice - okolie",0
65124,1,1,"banskobystricky kraj, lucenec",10
65125,0,1,"kosicky kraj, kosice - dargovskych hrdinov",9
65126,0,0,"zahranicie, zahranicie - gb",0
65127,1,0,"trnavsky kraj, dunajska streda",14
65128,1,1,"banskobystricky kraj, banska bystrica",15
65129,1,1,"banskobystricky kraj, filakovo",0
65130,1,1,"bratislavsky kraj, bratislava - petrzalka",16
65131,0,1,"zilinsky kraj, zilina",10
65132,0,0,"zahranicie, zahranicie - gb",13
65133,0,0,"bratislavsky kraj, bratislava - okolie",0
65139,1,1,"zilinsky kraj, zilina",14
65140,1,1,"banskobystricky kraj, filakovo",0
65177,1,0,"trnavsky kraj, trnava",13
65178,1,1,"trnavsky kraj, trnava",15
65179,0,1,"nitriansky kraj, topolcany",15
65180,1,0,"trnavsky kraj, trnava",0
65181,1,1,"kosicky kraj, spisska nova ves",14
65182,1,1,"trnavsky kraj, skalica",12
65183,1,1,"banskobystricky kraj, filakovo",14
65184,1,1,"zilinsky kraj, martin",15
65185,1,1,"kosicky kraj, trebisov",0
65186,0,1,"presovsky kraj, bardejov",14
65187,1,1,"banskobystricky kraj, lucenec",16
65188,1,1,"banskobystricky kraj, filakovo",15
65189,1,1,"banskobystricky kraj, filakovo",0
65190,1,1,"trnavsky kraj, senica",0
65191,1,1,"zilinsky kraj, liptovsky mikulas",12
65192,0,1,"banskobystricky kraj, banska bystrica",17
65193,0,1,"nitriansky kraj, nitra",15
65194,1,1,"zahranicie, zahranicie - gb",0
65195,0,1,"zahranicie, zahranicie - usa",16
65196,1,1,"kosicky kraj, spisska nova ves",0
65233,1,1,"kosicky kraj, kosice - krasna nad hornadom",0
65234,0,0,"kosicky kraj, kosice - okolie",0
65236,1,1,"zahranicie, zahranicie - gb",16
65238,1,1,"banskobystricky kraj, zvolen",11
65239,1,1,"bratislavsky kraj, malacky",0
65240,0,1,"kosicky kraj, kosice - zapad",0
65241,1,1,"kosicky kraj, trebisov",0
65243,0,0,"bratislavsky kraj, bratislava - ostatne",0
65244,1,1,"kosicky kraj, moldava nad bodvou",14
65245,0,0,"presovsky kraj, snina",0
65246,1,1,"kosicky kraj, spisska nova ves",10
65247,1,0,"banskobystricky kraj, tisovec",29
65248,1,0,"zahranicie, zahranicie - ostatne",16
65249,1,1,"bratislavsky kraj, pezinok",91
65250,1,0,"trnavsky kraj, galanta",13
65251,1,1,"presovsky kraj, lipany",19
65252,1,0,"nitriansky kraj, nove zamky",13
65253,1,1,"trnavsky kraj, trnava",15
65254,1,0,"presovsky kraj, vranov nad toplou",14
65255,0,1,"trnavsky kraj, trnava",16
65256,0,1,"zilinsky kraj, zilina",0
65257,1,1,"nitriansky kraj, nitra",0
65258,0,0,"trnavsky kraj, sered",15
65259,0,0,"trenciansky kraj, handlova",17
65260,1,1,"kosicky kraj, dobsina",9
65261,1,1,"presovsky kraj, humenne",8
65262,0,1,"banskobystricky kraj, ziar nad hronom",14
65263,1,1,"zilinsky kraj, zilina",13
65264,1,1,"trenciansky kraj, povazska bystrica",12
65265,1,1,"trenciansky kraj, stara tura",13
65266,1,1,"banskobystricky kraj, filakovo",15
65267,1,1,"nitriansky kraj, levice",14
65268,0,0,"zahranicie, zahranicie - gb",0
65269,1,0,"banskobystricky kraj, filakovo",0
65270,1,1,"presovsky kraj, presov",0
65271,1,0,"bratislavsky kraj, bratislava - okolie",0
65273,0,1,"zahranicie, zahranicie - nemecko",32
65275,1,0,"presovsky kraj, humenne",0
65277,1,1,"trnavsky kraj, holic",14
65289,1,1,"zilinsky kraj, namestovo",19
65335,0,0,"nitriansky kraj, zlate moravce",25
65351,0,0,"nitriansky kraj, sahy",0
65353,1,1,"kosicky kraj, roznava",11
65355,1,1,"zilinsky kraj, zilina",13
65357,1,1,"presovsky kraj, presov",15
65358,1,1,"trenciansky kraj, nemsova",12
65359,0,1,"zilinsky kraj, zilina",0
65360,1,1,"zilinsky kraj, ruzomberok",0
65361,1,0,"presovsky kraj, vranov nad toplou",0
65362,1,1,"kosicky kraj, spisska nova ves",11
65363,1,1,"presovsky kraj, kezmarok",0
65365,1,1,"kosicky kraj, spisska nova ves",12
65367,1,1,"trnavsky kraj, piestany",14
65369,1,1,"trnavsky kraj, senica",0
65370,1,1,"banskobystricky kraj, lucenec",14
65371,0,1,"banskobystricky kraj, lucenec",14
65372,0,1,"nitriansky kraj, sala",11
65374,1,0,"banskobystricky kraj, zvolen",0
65397,1,0,"trnavsky kraj, sered",13
65523,1,0,"kosicky kraj, spisska nova ves",12
65524,0,1,"zilinsky kraj, liptovsky mikulas",0
65525,1,0,"kosicky kraj, kosice - krasna nad hornadom",0
65526,0,0,"zilinsky kraj, ruzomberok",11
65527,1,0,"presovsky kraj, humenne",11
65528,1,0,"zilinsky kraj, cadca",0
65529,1,0,"zahranicie, zahranicie - usa",0
65530,1,0,"banskobystricky kraj, sliac",8
65531,0,0,"kosicky kraj, kosice - barca",16
65532,1,0,"trenciansky kraj, trencin",0
65533,1,0,"zilinsky kraj, zilina",15
65534,1,1,"bratislavsky kraj, bratislava - nove mesto",12
65535,1,0,"zilinsky kraj, zilina",19
65536,1,0,"presovsky kraj, humenne",27
65537,1,0,"trenciansky kraj, nemsova",11
65538,1,0,"kosicky kraj, dobsina",12
65539,1,1,"presovsky kraj, presov",0
65540,0,0,"trenciansky kraj, banovce nad bebravou",12
65541,1,0,"banskobystricky kraj, hnusta",12
65587,1,0,"nitriansky kraj, komarno",15
65617,0,0,"bratislavsky kraj, bratislava - okolie",0
65619,1,0,"presovsky kraj, vranov nad toplou",13
65622,1,1,"banskobystricky kraj, filakovo",13
65624,1,1,"kosicky kraj, strazske",7
65625,0,0,"nitriansky kraj, topolcany",14
65626,1,1,"kosicky kraj, michalovce",17
65627,1,0,"banskobystricky kraj, filakovo",18
65628,0,1,"zilinsky kraj, liptovsky mikulas",19
65629,1,0,"nitriansky kraj, zlate moravce",18
65630,1,1,"bratislavsky kraj, senec",15
65631,1,1,"nitriansky kraj, nitra",9
65632,1,1,"presovsky kraj, presov",16
65633,1,1,"zilinsky kraj, zilina",15
65634,1,1,"presovsky kraj, snina",13
65635,1,0,"trnavsky kraj, trnava",0
65636,1,0,"presovsky kraj, bardejov",0
65646,1,0,"banskobystricky kraj, banska bystrica",0
65651,1,1,"nitriansky kraj, levice",0
65701,1,0,"trnavsky kraj, sered",15
65709,1,0,"zilinsky kraj, bytca",0
65713,0,1,"zilinsky kraj, liptovsky mikulas",0
65714,1,1,"banskobystricky kraj, hnusta",14
65715,0,1,"kosicky kraj, roznava",13
65716,1,1,"presovsky kraj, stara lubovna",14
65717,1,1,"trnavsky kraj, senica",14
65718,1,1,"presovsky kraj, poprad",10
65719,1,1,"presovsky kraj, presov",0
65720,0,0,"banskobystricky kraj, tisovec",17
65721,0,0,"banskobystricky kraj, zvolen",0
65722,1,1,"presovsky kraj, poprad",16
65723,1,1,"bratislavsky kraj, bratislava - okolie",0
65724,1,1,"trenciansky kraj, povazska bystrica",13
65725,1,1,"banskobystricky kraj, banska bystrica",13
65726,0,0,"zahranicie, zahranicie - ostatne",0
65727,0,0,"nitriansky kraj, hurbanovo",0
65728,1,1,"zilinsky kraj, dolny kubin",12
65729,1,1,"zilinsky kraj, cadca",16
65730,1,1,"nitriansky kraj, nitra",14
65731,1,1,"ceska republika, cz - vysocina",18
65732,1,1,"zahranicie, zahranicie - gb",0
65743,0,1,"presovsky kraj, poprad",14
65749,0,1,"zilinsky kraj, ruzomberok",17
65782,0,0,"trnavsky kraj, sered",13
65794,1,1,"presovsky kraj, poprad",14
65795,1,1,"trenciansky kraj, puchov",13
65796,1,0,"nitriansky kraj, levice",0
65797,0,0,"nitriansky kraj, komarno",0
65798,1,1,"banskobystricky kraj, zarnovica",14
65799,0,0,"presovsky kraj, kezmarok",16
65800,0,1,"banskobystricky kraj, velky krtis",0
65801,0,1,"nitriansky kraj, nitra",17
65802,1,1,"zilinsky kraj, turcianske teplice",14
65803,1,1,"kosicky kraj, secovce",0
65804,1,0,"trnavsky kraj, holic",15
65805,1,1,"presovsky kraj, stara lubovna",10
65806,1,1,"zilinsky kraj, zilina",12
65807,1,0,"banskobystricky kraj, lucenec",0
65808,1,1,"presovsky kraj, stropkov",14
65809,1,1,"presovsky kraj, lipany",17
65810,0,1,"presovsky kraj, levoca",15
65811,1,0,"bratislavsky kraj, bratislava - okolie",17
65812,1,0,"kosicky kraj, kralovsky chlmec",0
65813,1,1,"banskobystricky kraj, zvolen",14
65841,1,1,"presovsky kraj, sabinov",12
65843,1,0,"trnavsky kraj, hlohovec",18
65845,0,0,"zilinsky kraj, namestovo",0
65847,0,1,"zahranicie, zahranicie - nemecko",18
65849,1,0,"zilinsky kraj, trstena",0
65851,1,1,"zilinsky kraj, trstena",0
65853,0,0,"trenciansky kraj, dubnica nad vahom",0
65854,1,1,"zilinsky kraj, martin",10
65856,0,0,"trenciansky kraj, povazska bystrica",15
65858,0,0,"zahranicie, zahranicie - ostatne",0
65859,1,0,"nitriansky kraj, nove zamky",12
65861,1,0,"kosicky kraj, dobsina",12
65863,1,1,"nitriansky kraj, nove zamky",0
65864,1,0,"bratislavsky kraj, bratislava - petrzalka",13
65866,1,0,"kosicky kraj, kosice - okolie",0
65867,1,1,"kosicky kraj, kosice - sidlisko tahanovce",14
65868,1,1,"presovsky kraj, humenne",11
65881,1,0,"kosicky kraj, gelnica",8
65882,1,1,"presovsky kraj, poprad",0
65883,1,1,"trenciansky kraj, trencin",15
65884,1,1,"presovsky kraj, lipany",15
65885,0,0,"bratislavsky kraj, bratislava - karlova ves",16
65886,1,0,"presovsky kraj, bardejov",18
65887,1,1,"presovsky kraj, spisska bela",15
65888,1,1,"presovsky kraj, presov",15
65889,1,0,"banskobystricky kraj, filakovo",12
65891,0,1,"banskobystricky kraj, filakovo",15
65892,1,1,"kosicky kraj, kosice - dargovskych hrdinov",13
65893,1,0,"bratislavsky kraj, bratislava - petrzalka",11
65894,1,1,"zilinsky kraj, zilina",14
65895,0,1,"trenciansky kraj, prievidza",19
65896,1,1,"kosicky kraj, spisske vlachy",14
65897,1,1,"trenciansky kraj, prievidza",10
65898,1,1,"zilinsky kraj, liptovsky mikulas",11
65899,0,1,"banskobystricky kraj, lucenec",21
65900,1,1,"zilinsky kraj, namestovo",13
65948,0,0,"presovsky kraj, lipany",10
65949,1,1,"zilinsky kraj, trstena",11
65950,0,0,"zilinsky kraj, krasno nad kysucou",0
65951,1,0,"zahranicie, zahranicie - usa",0
65952,0,0,"banskobystricky kraj, lucenec",16
65953,1,1,"presovsky kraj, snina",17
65954,0,0,"zahranicie, zahranicie - ostatne",0
65955,1,1,"presovsky kraj, humenne",20
65956,0,1,"presovsky kraj, lipany",15
65957,1,0,"ceska republika, cz - ostravsky kraj",16
65958,0,1,"kosicky kraj, spisske vlachy",13
65960,1,0,"banskobystricky kraj, filakovo",0
65962,0,1,"banskobystricky kraj, filakovo",16
65963,0,1,"banskobystricky kraj, lucenec",0
65964,1,1,"nitriansky kraj, nove zamky",11
65965,0,1,"zahranicie, zahranicie - kanada",12
65966,0,1,"nitriansky kraj, nitra",13
65967,1,1,"banskobystricky kraj, banska bystrica",15
65968,1,1,"presovsky kraj, kezmarok",15
66015,0,0,"bratislavsky kraj, bratislava - nove mesto",0
66016,1,0,"nitriansky kraj, nitra",12
66017,0,1,"nitriansky kraj, nove zamky",0
66018,1,1,"nitriansky kraj, nove zamky",0
66019,1,0,"trenciansky kraj, dubnica nad vahom",15
66020,1,1,"trnavsky kraj, skalica",0
66021,1,0,"kosicky kraj, kosice - okolie",16
66022,1,1,"presovsky kraj, vranov nad toplou",0
66023,0,0,"zilinsky kraj, vrutky",0
66024,1,0,"banskobystricky kraj, zvolen",0
66025,1,1,"trenciansky kraj, partizanske",10
66026,1,1,"presovsky kraj, humenne",0
66027,0,0,"presovsky kraj, poprad",0
66028,0,0,"nitriansky kraj, levice",13
66029,1,1,"zilinsky kraj, zilina",20
66030,1,0,"kosicky kraj, kosice - okolie",0
66031,1,1,"presovsky kraj, snina",12
66032,0,0,"zilinsky kraj, cadca",0
66033,1,1,"zahranicie, zahranicie - usa",0
66060,0,0,"presovsky kraj, sabinov",16
66061,0,1,"presovsky kraj, lipany",13
66074,1,0,"kosicky kraj, kosice - zapad",0
66076,1,1,"banskobystricky kraj, lucenec",15
66079,1,1,"presovsky kraj, lipany",15
66080,0,1,"bratislavsky kraj, bratislava - petrzalka",25
66081,0,0,"zilinsky kraj, ruzomberok",15
66082,1,1,"banskobystricky kraj, hrinova",15
66084,1,1,"banskobystricky kraj, lucenec",17
66085,0,1,"presovsky kraj, presov",14
66086,1,1,"bratislavsky kraj, malacky",14
66087,0,1,"trenciansky kraj, partizanske",11
66088,1,1,"banskobystricky kraj, filakovo",20
66089,0,1,"zahranicie, zahranicie - ostatne",0
66090,1,1,"banskobystricky kraj, zvolen",0
66091,0,0,"banskobystricky kraj, ziar nad hronom",0
66092,0,1,"presovsky kraj, humenne",14
66093,0,1,"presovsky kraj, lipany",13
66094,1,1,"presovsky kraj, humenne",15
66095,0,1,"nitriansky kraj, nitra",5
66096,1,1,"zilinsky kraj, turcianske teplice",0
66106,0,0,"zahranicie, zahranicie - australia",0
66143,0,1,"trenciansky kraj, prievidza",17
66144,1,1,"presovsky kraj, bardejov",0
66145,0,0,"presovsky kraj, bardejov",16
66146,1,0,"banskobystricky kraj, filakovo",15
66147,0,0,"trnavsky kraj, hlohovec",0
66148,1,1,"presovsky kraj, lipany",16
66149,1,1,"presovsky kraj, stara lubovna",13
66150,0,1,"banskobystricky kraj, lucenec",17
66151,1,1,"presovsky kraj, presov",17
66152,0,1,"banskobystricky kraj, lucenec",16
66153,1,0,"trenciansky kraj, prievidza",0
66154,1,0,"trenciansky kraj, prievidza",0
66155,0,0,"zilinsky kraj, martin",45
66156,0,0,"banskobystricky kraj, filakovo",0
66157,1,1,"kosicky kraj, kosice - sidlisko tahanovce",0
66158,1,1,"kosicky kraj, spisska nova ves",14
66159,1,1,"presovsky kraj, levoca",11
66160,1,0,"zilinsky kraj, bytca",0
66217,1,0,"banskobystricky kraj, filakovo",0
66218,1,1,"bratislavsky kraj, malacky",18
66219,1,1,"banskobystricky kraj, lucenec",0
66221,1,0,"trenciansky kraj, handlova",12
66224,1,1,"presovsky kraj, lipany",16
66226,1,0,"trenciansky kraj, partizanske",11
66228,1,1,"banskobystricky kraj, hrinova",17
66229,1,0,"zilinsky kraj, martin",17
66230,1,1,"zahranicie, zahranicie - ostatne",0
66231,1,1,"presovsky kraj, humenne",0
66232,1,0,"zilinsky kraj, martin",17
66233,1,0,"banskobystricky kraj, lucenec",0
66234,0,1,"nitriansky kraj, levice",14
66235,1,1,"banskobystricky kraj, zvolen",12
66236,1,1,"banskobystricky kraj, lucenec",13
66237,1,1,"banskobystricky kraj, filakovo",15
66247,0,0,"zilinsky kraj, namestovo",0
66258,1,0,"trnavsky kraj, trnava",15
66259,1,0,"kosicky kraj, kosice - juh",0
66260,1,0,"kosicky kraj, kosice - juh",0
66261,1,1,"zahranicie, zahranicie - gb",12
66262,0,1,"trenciansky kraj, prievidza",15
66263,1,0,"trenciansky kraj, dubnica nad vahom",0
66264,1,0,"bratislavsky kraj, bratislava - dubravka",16
66265,1,0,"banskobystricky kraj, zvolen",12
66266,1,1,"zilinsky kraj, namestovo",14
66267,1,0,"trenciansky kraj, dubnica nad vahom",0
66268,1,0,"kosicky kraj, spisska nova ves",12
66269,0,0,"nitriansky kraj, nitra",19
66270,1,0,"banskobystricky kraj, lucenec",10
66271,1,1,"trenciansky kraj, prievidza",29
66273,1,1,"zilinsky kraj, namestovo",0
66276,0,1,"zilinsky kraj, trstena",14
66277,1,1,"zahranicie, zahranicie - usa",16
66316,0,0,"zilinsky kraj, namestovo",18
66414,0,0,"zilinsky kraj, zilina",0
66421,0,0,"kosicky kraj, michalovce",0
66423,1,1,"zilinsky kraj, zilina",0
66424,1,1,"bratislavsky kraj, bratislava - petrzalka",16
66425,1,0,"zilinsky kraj, ruzomberok",13
66426,1,1,"trnavsky kraj, senica",0
66427,0,0,"zilinsky kraj, dolny kubin",0
66428,0,0,"zilinsky kraj, martin",0
66429,0,0,"zahranicie, zahranicie - australia",0
66430,1,1,"zahranicie, zahranicie - usa",0
66431,1,0,"nitriansky kraj, kolarovo",21
66432,0,0,"banskobystricky kraj, tisovec",0
66433,1,0,"kosicky kraj, trebisov",0
66434,1,0,"presovsky kraj, spisska bela",11
66435,1,0,"banskobystricky kraj, banska bystrica",13
66487,1,1,"trenciansky kraj, prievidza",0
66514,1,0,"kosicky kraj, trebisov",19
66543,0,1,"zahranicie, zahranicie - gb",0
66544,0,1,"trnavsky kraj, senica",0
66545,0,0,"zilinsky kraj, bytca",0
66546,1,0,"presovsky kraj, spisska bela",10
66547,0,1,"trenciansky kraj, puchov",0
66548,0,0,"trnavsky kraj, holic",14
66549,1,0,"kosicky kraj, kosice - krasna nad hornadom",0
66550,1,0,"zilinsky kraj, cadca",14
66551,1,0,"trenciansky kraj, dubnica nad vahom",7
66552,0,1,"bratislavsky kraj, bratislava - petrzalka",23
66554,1,0,"banskobystricky kraj, rimavska sobota",12
66555,1,1,"presovsky kraj, sabinov",0
66556,1,1,"zilinsky kraj, namestovo",0
66558,1,1,"presovsky kraj, bardejov",0
66559,1,0,"zilinsky kraj, bytca",12
66560,1,1,"zilinsky kraj, zilina",14
66561,0,0,"zilinsky kraj, martin",0
66562,1,1,"presovsky kraj, poprad",17
66563,0,0,"zilinsky kraj, namestovo",0
66564,1,1,"kosicky kraj, moldava nad bodvou",14
66565,1,1,"trnavsky kraj, trnava",18
66566,1,0,"banskobystricky kraj, filakovo",16
66567,1,0,"zilinsky kraj, namestovo",0
66568,1,1,"zahranicie, zahranicie - usa",17
66569,1,0,"ceska republika, cz - praha",13
66570,0,1,"zilinsky kraj, turcianske teplice",13
66571,1,0,"banskobystricky kraj, velky krtis",14
66572,0,0,"presovsky kraj, vysoke tatry",0
66573,0,0,"banskobystricky kraj, revuca",13
66574,0,1,"zilinsky kraj, zilina",15
66575,0,1,"zahranicie, zahranicie - usa",0
66576,1,1,"banskobystricky kraj, lucenec",0
66577,0,0,"banskobystricky kraj, lucenec",0
66578,1,1,"nitriansky kraj, hurbanovo",15
66579,0,1,"presovsky kraj, bardejov",0
66580,1,1,"banskobystricky kraj, filakovo",0
66581,1,1,"trnavsky kraj, galanta",0
66582,1,1,"presovsky kraj, bardejov",15
66583,1,0,"banskobystricky kraj, detva",18
66584,1,1,"banskobystricky kraj, filakovo",19
66633,1,0,"trenciansky kraj, partizanske",0
66635,1,1,"zilinsky kraj, ruzomberok",0
66686,1,0,"nitriansky kraj, surany",16
66694,0,0,"nitriansky kraj, nove zamky",16
66703,1,1,"banskobystricky kraj, lucenec",0
66704,1,1,"nitriansky kraj, nove zamky",14
66705,0,1,"banskobystricky kraj, lucenec",0
66706,0,1,"banskobystricky kraj, lucenec",19
66708,0,1,"zilinsky kraj, liptovsky mikulas",20
66709,0,1,"banskobystricky kraj, lucenec",15
66711,0,0,"presovsky kraj, vranov nad toplou",16
66712,1,0,"ceska republika, cz - budejovicky kraj",20
66713,0,0,"kosicky kraj, secovce",17
66715,1,0,"bratislavsky kraj, pezinok",19
66716,0,1,"banskobystricky kraj, lucenec",23
66717,0,0,"bratislavsky kraj, bratislava - ruzinov",37
66719,0,1,"bratislavsky kraj, bratislava - okolie",32
66720,1,0,"banskobystricky kraj, filakovo",0
66721,0,0,"nitriansky kraj, levice",24
66722,1,0,"presovsky kraj, stropkov",20
66723,1,0,"nitriansky kraj, sala",18
66724,0,1,"presovsky kraj, presov",16
66725,1,0,"banskobystricky kraj, lucenec",20
66814,1,1,"presovsky kraj, presov",19
66831,0,1,"banskobystricky kraj, lucenec",20
66832,1,1,"trnavsky kraj, sered",16
66833,1,1,"trenciansky kraj, trencin",0
66834,1,1,"banskobystricky kraj, filakovo",19
66835,1,1,"banskobystricky kraj, banska bystrica",15
66836,1,1,"presovsky kraj, podolinec",15
66837,1,1,"zilinsky kraj, zilina",0
66838,1,0,"banskobystricky kraj, lucenec",20
66839,0,1,"banskobystricky kraj, filakovo",0
66840,0,1,"bratislavsky kraj, bratislava - petrzalka",16
66841,1,1,"presovsky kraj, stara lubovna",18
66842,1,0,"banskobystricky kraj, zvolen",0
66843,1,1,"presovsky kraj, bardejov",13
66844,0,1,"zilinsky kraj, trstena",15
66845,1,1,"presovsky kraj, presov",12
66846,1,0,"trenciansky kraj, partizanske",0
66847,1,0,"nitriansky kraj, zlate moravce",0
66848,0,1,"kosicky kraj, kosice - zapad",16
66909,0,1,"trnavsky kraj, trnava",26
66939,1,1,"zilinsky kraj, cadca",22
66964,0,0,"presovsky kraj, poprad",16
66965,1,1,"zilinsky kraj, turcianske teplice",13
66966,1,0,"nitriansky kraj, topolcany",21
66967,1,0,"kosicky kraj, kosice - sidlisko tahanovce",20
66968,0,1,"trnavsky kraj, galanta",0
66969,1,0,"kosicky kraj, kosice - zapad",15
66970,1,0,"banskobystricky kraj, lucenec",16
66971,1,1,"zilinsky kraj, dolny kubin",14
66972,1,1,"zilinsky kraj, namestovo",15
66973,0,0,"nitriansky kraj, nove zamky",0
66974,0,0,"zahranicie, zahranicie - ostatne",0
66975,0,1,"zahranicie, zahranicie - ostatne",0
66976,1,1,"presovsky kraj, lipany",23
66977,1,0,"zilinsky kraj, liptovsky mikulas",18
66978,1,0,"trnavsky kraj, trnava",17
66979,1,0,"banskobystricky kraj, zvolen",17
66980,1,1,"nitriansky kraj, nove zamky",13
66981,0,1,"kosicky kraj, trebisov",14
66982,1,1,"zilinsky kraj, namestovo",17
66983,0,0,"banskobystricky kraj, filakovo",0
66984,1,0,"trnavsky kraj, trnava",0
66985,1,0,"trenciansky kraj, partizanske",0
66986,1,1,"nitriansky kraj, nove zamky",0
66987,1,0,"zilinsky kraj, zilina",22
66988,0,0,"kosicky kraj, spisska nova ves",0
66989,1,1,"banskobystricky kraj, hnusta",9
66990,0,0,"banskobystricky kraj, hnusta",8
66991,1,0,"kosicky kraj, michalovce",0
66992,1,0,"bratislavsky kraj, bratislava - raca",0
66993,0,0,"trenciansky kraj, banovce nad bebravou",0
66994,0,0,"banskobystricky kraj, detva",19
66995,0,0,"banskobystricky kraj, banska bystrica",0
66996,0,0,"trenciansky kraj, ilava",0
66997,1,1,"kosicky kraj, michalovce",16
66998,1,0,"zilinsky kraj, turcianske teplice",15
66999,1,0,"zahranicie, zahranicie - usa",19
67011,1,1,"kosicky kraj, michalovce",15
67075,0,0,"trnavsky kraj, sered",13
67113,1,0,"kosicky kraj, michalovce",19
67116,1,0,"kosicky kraj, michalovce",0
67141,0,0,"zahranicie, zahranicie - ostatne",21
67144,0,1,"banskobystricky kraj, lucenec",0
67147,1,1,"nitriansky kraj, nitra",18
67150,1,1,"kosicky kraj, spisska nova ves",15
67153,1,0,"zilinsky kraj, ruzomberok",26
67155,1,1,"banskobystricky kraj, lucenec",14
67158,1,1,"zilinsky kraj, zilina",11
67161,1,1,"presovsky kraj, humenne",0
67163,0,0,"kosicky kraj, spisska nova ves",0
67164,0,1,"zilinsky kraj, liptovsky mikulas",0
67167,1,1,"kosicky kraj, spisska nova ves",14
67170,1,1,"presovsky kraj, bardejov",0
67173,1,0,"bratislavsky kraj, bratislava - nove mesto",14
67175,1,0,"banskobystricky kraj, lucenec",18
67176,1,1,"banskobystricky kraj, zvolen",0
67177,1,1,"zilinsky kraj, namestovo",14
67178,1,1,"trnavsky kraj, galanta",0
67179,1,1,"kosicky kraj, michalovce",0
67180,0,1,"banskobystricky kraj, lucenec",0
67204,1,1,"kosicky kraj, sobrance",0
67205,1,1,"banskobystricky kraj, hnusta",10
67206,1,1,"banskobystricky kraj, detva",12
67207,1,1,"trnavsky kraj, samorin",24
67208,1,1,"kosicky kraj, kosice - okolie",12
67209,1,0,"zahranicie, zahranicie - usa",0
67210,0,0,"kosicky kraj, michalovce",17
67211,1,0,"nitriansky kraj, levice",0
67212,1,1,"nitriansky kraj, nove zamky",10
67213,1,0,"kosicky kraj, michalovce",9
67214,1,0,"bratislavsky kraj, modra",14
67215,0,0,"zilinsky kraj, namestovo",0
67216,1,0,"presovsky kraj, lipany",0
67217,1,1,"kosicky kraj, kosice - okolie",14
67218,1,0,"zilinsky kraj, namestovo",0
67219,1,0,"zilinsky kraj, liptovsky mikulas",0
67220,0,0,"ceska republika, cz - praha",19
67221,0,0,"kosicky kraj, kosice - okolie",10
67222,0,1,"zahranicie, zahranicie - ostatne",0
67262,1,1,"kosicky kraj, trebisov",15
67263,1,1,"presovsky kraj, stara lubovna",12
67264,1,1,"trnavsky kraj, piestany",12
67265,1,1,"kosicky kraj, spisska nova ves",0
67266,1,0,"bratislavsky kraj, bratislava - ruzinov",15
67267,1,1,"banskobystricky kraj, lucenec",0
67268,0,0,"zilinsky kraj, namestovo",17
67269,1,0,"presovsky kraj, poprad",0
67270,1,0,"zilinsky kraj, trstena",15
67271,1,1,"kosicky kraj, spisska nova ves",14
67272,1,1,"trenciansky kraj, nove mesto nad vahom",0
67273,0,1,"zilinsky kraj, namestovo",0
67274,1,1,"banskobystricky kraj, filakovo",11
67275,1,1,"trnavsky kraj, galanta",14
67276,1,1,"banskobystricky kraj, filakovo",0
67277,1,1,"banskobystricky kraj, lucenec",0
67285,0,0,"kosicky kraj, michalovce",0
67306,1,1,"kosicky kraj, michalovce",21
67358,1,1,"trenciansky kraj, trencin",11
67359,1,1,"kosicky kraj, medzev",16
67360,1,1,"zahranicie, zahranicie - nemecko",18
67361,0,1,"presovsky kraj, humenne",13
67362,1,1,"nitriansky kraj, nitra",13
67363,1,1,"banskobystricky kraj, velky krtis",14
67364,1,1,"zilinsky kraj, ruzomberok",10
67365,0,0,"banskobystricky kraj, filakovo",17
67366,1,1,"zilinsky kraj, liptovsky hradok",13
67367,1,1,"banskobystricky kraj, lucenec",0
67368,0,1,"presovsky kraj, presov",0
67369,1,1,"presovsky kraj, levoca",13
67370,1,1,"kosicky kraj, kosice - okolie",0
67371,0,1,"presovsky kraj, levoca",16
67372,1,1,"bratislavsky kraj, bratislava - ruzinov",11
67373,1,1,"zilinsky kraj, martin",14
67374,1,1,"presovsky kraj, levoca",21
67375,1,1,"banskobystricky kraj, banska bystrica",14
67407,1,0,"trnavsky kraj, sered",10
67443,1,0,"nitriansky kraj, sala",0
67444,0,0,"trnavsky kraj, sered",0
67448,1,1,"banskobystricky kraj, poltar",11
67449,1,0,"kosicky kraj, michalovce",17
67450,1,1,"kosicky kraj, spisska nova ves",12
67451,1,0,"presovsky kraj, presov",10
67452,1,0,"nitriansky kraj, sala",15
67453,1,0,"banskobystricky kraj, zvolen",12
67454,1,0,"kosicky kraj, kosice - juh",7
67455,1,0,"kosicky kraj, kosice - saca",13
67456,0,0,"nitriansky kraj, levice",13
67457,0,0,"zahranicie, zahranicie - usa",0
67458,0,0,"trenciansky kraj, nove mesto nad vahom",0
67459,1,0,"kosicky kraj, spisska nova ves",14
67460,1,0,"trenciansky kraj, prievidza",0
67461,1,0,"banskobystricky kraj, banska bystrica",14
67462,0,1,"zilinsky kraj, ruzomberok",0
67463,0,0,"zilinsky kraj, zilina",14
67464,1,1,"banskobystricky kraj, filakovo",0
67465,1,1,"zilinsky kraj, liptovsky mikulas",15
67466,0,0,"zahranicie, zahranicie - ostatne",24
67467,0,0,"banskobystricky kraj, zvolen",0
67468,1,1,"presovsky kraj, spisska stara ves",0
67469,0,1,"nitriansky kraj, nitra",0
67470,1,1,"banskobystricky kraj, velky krtis",23
67471,1,1,"trnavsky kraj, samorin",12
67472,1,1,"kosicky kraj, spisska nova ves",14
67473,0,0,"presovsky kraj, presov",17
67474,1,0,"trnavsky kraj, trnava",16
67475,0,1,"nitriansky kraj, nove zamky",32
67477,0,0,"presovsky kraj, vysoke tatry",18
67478,0,0,"banskobystricky kraj, lucenec",41
67480,0,1,"banskobystricky kraj, lucenec",0
67482,1,1,"presovsky kraj, lipany",0
67483,1,1,"trnavsky kraj, senica",19
67484,1,1,"trenciansky kraj, trencin",16
67485,1,1,"presovsky kraj, lipany",13
67486,1,1,"presovsky kraj, kezmarok",16
67501,1,1,"zilinsky kraj, zilina",17
67517,1,1,"kosicky kraj, michalovce",0
67522,0,1,"zilinsky kraj, zilina",20
67539,1,1,"kosicky kraj, spisska nova ves",13
67556,1,1,"nitriansky kraj, nove zamky",12
67557,1,1,"zilinsky kraj, martin",11
67558,1,1,"banskobystricky kraj, lucenec",22
67559,1,0,"kosicky kraj, kosice - zapad",21
67560,1,0,"banskobystricky kraj, lucenec",21
67561,0,0,"zilinsky kraj, namestovo",0
67562,1,1,"trnavsky kraj, piestany",12
67563,1,1,"presovsky kraj, bardejov",0
67564,1,1,"nitriansky kraj, nove zamky",11
67565,1,0,"bratislavsky kraj, bratislava - nove mesto",10
67566,0,0,"nitriansky kraj, nitra",0
67567,0,1,"nitriansky kraj, nove zamky",0
67568,1,1,"presovsky kraj, bardejov",0
67569,0,0,"banskobystricky kraj, lucenec",0
67570,1,1,"banskobystricky kraj, lucenec",13
67571,1,1,"banskobystricky kraj, rimavska sobota",11
67572,1,1,"presovsky kraj, stara lubovna",15
67573,1,0,"presovsky kraj, bardejov",14
67575,1,1,"banskobystricky kraj, krupina",18
67583,0,0,"zilinsky kraj, zilina",18
67607,0,1,"presovsky kraj, kezmarok",16
67608,0,0,"trenciansky kraj, prievidza",16
67609,1,1,"banskobystricky kraj, zvolen",16
67610,0,0,"zahranicie, zahranicie - usa",15
67611,1,1,"banskobystricky kraj, detva",0
67612,0,1,"zahranicie, zahranicie - gb",0
67613,1,1,"trenciansky kraj, trencin",0
67614,1,1,"presovsky kraj, presov",0
67616,0,1,"zilinsky kraj, zilina",13
67618,1,0,"bratislavsky kraj, bratislava - okolie",16
67620,1,1,"presovsky kraj, poprad",11
67622,1,1,"presovsky kraj, snina",12
67623,1,0,"banskobystricky kraj, filakovo",0
67625,1,1,"banskobystricky kraj, ziar nad hronom",15
67627,1,0,"zilinsky kraj, namestovo",0
67629,1,1,"presovsky kraj, humenne",13
67631,0,0,"presovsky kraj, hanusovce nad toplou",16
67673,1,0,"banskobystricky kraj, lucenec",0
67674,0,1,"banskobystricky kraj, lucenec",17
67675,0,0,"trnavsky kraj, trnava",14
67676,0,1,"bratislavsky kraj, bratislava - lamac",0
67677,1,1,"presovsky kraj, stara lubovna",0
67678,0,1,"trenciansky kraj, partizanske",18
67679,0,0,"presovsky kraj, stropkov",0
67680,1,0,"banskobystricky kraj, filakovo",16
67681,0,0,"banskobystricky kraj, lucenec",21
67682,0,1,"zahranicie, zahranicie - ostatne",68
67683,1,1,"nitriansky kraj, komarno",0
67684,0,0,"trnavsky kraj, galanta",18
67685,1,0,"kosicky kraj, kosice - zapad",0
67686,1,1,"trnavsky kraj, hlohovec",11
67687,0,1,"presovsky kraj, lipany",0
67688,0,1,"trnavsky kraj, trnava",16
67689,1,1,"bratislavsky kraj, bratislava - ruzinov",16
67690,1,0,"banskobystricky kraj, zvolen",0
67691,1,1,"banskobystricky kraj, velky krtis",13
67695,1,0,"trnavsky kraj, sered",0
67702,1,0,"trnavsky kraj, sered",0
67728,1,1,"zilinsky kraj, zilina",0
67732,0,0,"trnavsky kraj, sered",0
67799,1,0,"kosicky kraj, michalovce",19
67834,1,1,"zilinsky kraj, zilina",15
68004,1,1,"banskobystricky kraj, hnusta",11
68005,1,0,"kosicky kraj, kosice - okolie",15
68006,1,1,"trenciansky kraj, povazska bystrica",15
68007,1,1,"bratislavsky kraj, bratislava - petrzalka",0
68008,0,0,"trnavsky kraj, trnava",0
68009,1,0,"ceska republika, cz - jihomoravsky kraj",11
68010,1,1,"zilinsky kraj, namestovo",12
68011,1,1,"nitriansky kraj, topolcany",16
68012,0,0,"zahranicie, zahranicie - ostatne",0
68013,0,0,"trenciansky kraj, trencin",0
68014,0,0,"zilinsky kraj, zilina",0
68015,1,1,"presovsky kraj, kezmarok",21
68016,0,0,"kosicky kraj, kosice - barca",0
68017,1,0,"nitriansky kraj, nove zamky",0
68018,0,1,"trenciansky kraj, ilava",0
68040,1,1,"kosicky kraj, trebisov",14
68073,1,0,"banskobystricky kraj, banska stiavnica",0
68090,0,1,"zahranicie, zahranicie - usa",20
68101,1,0,"banskobystricky kraj, brezno",15
68204,0,0,"zilinsky kraj, namestovo",0
68251,0,0,"zahranicie, zahranicie - usa",0
68252,1,1,"trnavsky kraj, senica",15
68253,1,1,"trnavsky kraj, senica",0
68255,1,1,"zilinsky kraj, trstena",16
68257,1,1,"zahranicie, zahranicie - gb",0
68258,0,1,"nitriansky kraj, levice",14
68259,0,1,"banskobystricky kraj, zvolen",0
68260,1,1,"zahranicie, zahranicie - gb",20
68261,1,1,"zilinsky kraj, namestovo",0
68262,0,0,"zahranicie, zahranicie - usa",0
68263,1,0,"presovsky kraj, humenne",0
68265,1,0,"trenciansky kraj, povazska bystrica",14
68267,1,0,"nitriansky kraj, nove zamky",0
68269,1,0,"kosicky kraj, michalovce",15
68271,0,0,"trenciansky kraj, brezova pod bradlom",13
68272,1,1,"zilinsky kraj, ruzomberok",0
68274,1,1,"trnavsky kraj, trnava",0
68275,1,0,"zilinsky kraj, dolny kubin",0
68276,1,1,"banskobystricky kraj, banska bystrica",23
68277,1,1,"kosicky kraj, moldava nad bodvou",13
68319,1,1,"zilinsky kraj, zilina",17
68322,1,0,"zilinsky kraj, zilina",16
68323,1,0,"bratislavsky kraj, modra",0
68348,1,0,"ceska republika, cz - praha",0
68350,1,1,"zilinsky kraj, zilina",0
68351,1,0,"zilinsky kraj, zilina",0
68419,1,1,"zilinsky kraj, zilina",0
68429,0,1,"zilinsky kraj, namestovo",14
68430,0,0,"bratislavsky kraj, senec",12
68431,1,0,"zilinsky kraj, liptovsky mikulas",0
68432,0,0,"banskobystricky kraj, banska bystrica",0
68433,1,1,"presovsky kraj, sabinov",0
68434,1,1,"presovsky kraj, vranov nad toplou",0
68435,0,0,"kosicky kraj, michalovce",0
68436,0,1,"kosicky kraj, michalovce",0
68437,1,0,"zahranicie, zahranicie - francuzsko",0
68438,1,1,"kosicky kraj, kosice - okolie",13
68439,1,1,"banskobystricky kraj, rimavska sobota",11
68440,0,1,"trnavsky kraj, holic",9
68441,1,0,"banskobystricky kraj, banska bystrica",0
68443,1,1,"banskobystricky kraj, lucenec",16
68444,1,1,"zilinsky kraj, martin",12
68445,1,1,"zilinsky kraj, zilina",0
68447,1,1,"zahranicie, zahranicie - gb",0
68448,1,0,"zilinsky kraj, cadca",0
68449,1,1,"presovsky kraj, lipany",0
68474,1,1,"zahranicie, zahranicie - nemecko",0
68497,1,0,"zilinsky kraj, zilina",0
68500,1,1,"zilinsky kraj, zilina",23
68549,0,0,"zahranicie, zahranicie - usa",0
68566,1,0,"zahranicie, zahranicie - usa",16
68568,1,1,"zilinsky kraj, zilina",0
68569,1,1,"kosicky kraj, kosice - okolie",0
68575,1,0,"zilinsky kraj, zilina",0
68578,0,1,"zilinsky kraj, zilina",0
68579,1,1,"zilinsky kraj, zilina",0
68581,1,1,"zilinsky kraj, zilina",0
68643,1,1,"zilinsky kraj, zilina",0
68644,1,1,"zilinsky kraj, liptovsky mikulas",0
68645,0,0,"zahranicie, zahranicie - ostatne",23
68646,0,0,"zilinsky kraj, zilina",0
68652,1,1,"zilinsky kraj, zilina",0
68703,0,1,"zahranicie, zahranicie - usa",20
68704,1,1,"zahranicie, zahranicie - kanada",21
68787,1,1,"zilinsky kraj, cadca",0
68850,1,0,"trnavsky kraj, sered",0
68851,1,0,"zahranicie, zahranicie - gb",25
68910,0,1,"zilinsky kraj, kysucke nove mesto",0
69051,1,0,"zilinsky kraj, zilina",21
69079,1,1,"zilinsky kraj, kysucke nove mesto",22
69118,0,0,"trnavsky kraj, skalica",0
69149,1,1,"trnavsky kraj, trnava",20
69172,0,1,"nitriansky kraj, nitra",16
69174,1,1,"trnavsky kraj, sered",0
69180,1,0,"zilinsky kraj, namestovo",9
69334,0,1,"zilinsky kraj, zilina",0
69422,0,0,"trenciansky kraj, banovce nad bebravou",14
69479,1,1,"zilinsky kraj, cadca",14
69497,1,1,"presovsky kraj, presov",0
69618,0,0,"zahranicie, zahranicie - gb",17
69619,0,0,"zilinsky kraj, rajecke teplice",0
69620,1,1,"nitriansky kraj, levice",16
69621,1,1,"zahranicie, zahranicie - kanada",0
69622,1,0,"trenciansky kraj, handlova",0
69623,1,1,"trenciansky kraj, banovce nad bebravou",14
69624,1,1,"kosicky kraj, spisska nova ves",0
69625,1,0,"nitriansky kraj, nitra",0
69626,1,1,"banskobystricky kraj, zvolen",18
69627,1,0,"kosicky kraj, kosice - dargovskych hrdinov",0
69628,0,1,"presovsky kraj, poprad",15
69629,1,0,"trenciansky kraj, banovce nad bebravou",0
69630,1,0,"banskobystricky kraj, revuca",14
69631,1,1,"trnavsky kraj, senica",11
69632,1,0,"banskobystricky kraj, lucenec",0
69634,1,0,"banskobystricky kraj, lucenec",0
69636,1,1,"presovsky kraj, presov",0
69637,1,1,"zilinsky kraj, namestovo",112
69639,1,0,"bratislavsky kraj, malacky",0
69666,0,0,"zilinsky kraj, rajec",19
69788,1,0,"kosicky kraj, sobrance",0
69802,1,0,"zahranicie, zahranicie - usa",15
69803,0,0,"zahranicie, zahranicie - usa",0
69804,1,0,"zahranicie, zahranicie - usa",17
69805,1,1,"trenciansky kraj, partizanske",0
69806,1,1,"kosicky kraj, kosice - okolie",12
69807,0,0,"kosicky kraj, kosice - okolie",0
69808,1,0,"trnavsky kraj, senica",0
69809,0,1,"trenciansky kraj, partizanske",0
69810,1,0,"trnavsky kraj, senica",15
69812,1,1,"zilinsky kraj, cadca",11
69813,1,1,"zilinsky kraj, namestovo",16
69815,0,0,"kosicky kraj, kosice - okolie",0
69817,1,0,"banskobystricky kraj, detva",9
69818,1,0,"presovsky kraj, presov",11
69820,1,1,"presovsky kraj, svidnik",0
69822,1,0,"zilinsky kraj, dolny kubin",0
69823,0,0,"trenciansky kraj, povazska bystrica",15
69824,1,0,"kosicky kraj, kosice - ostatne",0
69922,1,1,"kosicky kraj, trebisov",12
69923,1,0,"trenciansky kraj, dubnica nad vahom",11
69924,0,0,"kosicky kraj, michalovce",0
69925,1,1,"presovsky kraj, poprad",16
69926,0,1,"nitriansky kraj, nitra",14
69927,1,0,"trenciansky kraj, banovce nad bebravou",14
69928,1,0,"kosicky kraj, gelnica",0
69929,0,1,"banskobystricky kraj, lucenec",0
69930,0,0,"zahranicie, zahranicie - francuzsko",14
69931,1,1,"nitriansky kraj, nitra",13
69932,1,1,"zilinsky kraj, namestovo",0
69933,1,1,"presovsky kraj, bardejov",0
69934,0,0,"nitriansky kraj, vrable",0
69935,0,0,"zahranicie, zahranicie - nemecko",0
69936,1,0,"presovsky kraj, bardejov",12
69937,1,0,"bratislavsky kraj, senec",0
70023,1,1,"presovsky kraj, poprad",19
70024,1,0,"zilinsky kraj, namestovo",14
70025,1,0,"zahranicie, zahranicie - gb",12
70026,1,0,"trenciansky kraj, prievidza",0
70027,1,1,"kosicky kraj, kosice - okolie",0
70028,1,0,"trnavsky kraj, trnava",11
70029,0,0,"kosicky kraj, kosice - okolie",12
70030,0,0,"kosicky kraj, kosice - okolie",0
70031,1,1,"zahranicie, zahranicie - usa",0
70032,1,0,"trenciansky kraj, banovce nad bebravou",16
70033,1,1,"banskobystricky kraj, lucenec",17
70034,0,0,"nitriansky kraj, nove zamky",0
70035,1,1,"presovsky kraj, presov",0
70036,1,1,"zilinsky kraj, martin",0
70037,0,1,"trnavsky kraj, sered",0
70038,1,1,"presovsky kraj, snina",17
70039,1,1,"banskobystricky kraj, lucenec",16
70045,0,0,"zilinsky kraj, zilina",0
70079,1,0,"trenciansky kraj, ilava",0
70099,1,0,"kosicky kraj, kosice - stare mesto",13
70100,1,0,"trenciansky kraj, nove mesto nad vahom",0
70101,0,1,"kosicky kraj, kosice - krasna nad hornadom",12
70102,1,1,"banskobystricky kraj, brezno",12
70103,1,1,"zilinsky kraj, zilina",16
70104,1,0,"kosicky kraj, michalovce",19
70105,1,1,"kosicky kraj, michalovce",10
70106,1,1,"zahranicie, zahranicie - australia",11
70108,1,1,"zilinsky kraj, dolny kubin",13
70110,1,0,"bratislavsky kraj, malacky",0
70112,1,1,"trenciansky kraj, ilava",0
70113,1,0,"presovsky kraj, lipany",0
70115,0,1,"zilinsky kraj, zilina",0
70117,1,0,"kosicky kraj, kosice - okolie",0
70119,1,1,"zilinsky kraj, cadca",31
70120,1,1,"presovsky kraj, stropkov",15
70130,0,1,"zilinsky kraj, zilina",0
70185,0,1,"banskobystricky kraj, zvolen",15
70198,1,1,"zilinsky kraj, zilina",14
70237,1,1,"zilinsky kraj, namestovo",22
70238,1,1,"zahranicie, zahranicie - australia",14
70239,1,0,"banskobystricky kraj, zvolen",0
70240,1,1,"trenciansky kraj, banovce nad bebravou",17
70241,1,0,"trnavsky kraj, trnava",0
70242,1,0,"presovsky kraj, poprad",21
70243,1,1,"zilinsky kraj, cadca",0
70244,0,0,"zilinsky kraj, namestovo",15
70245,1,0,"kosicky kraj, spisske vlachy",0
70246,1,1,"banskobystricky kraj, lucenec",15
70247,1,0,"nitriansky kraj, levice",0
70248,1,0,"nitriansky kraj, topolcany",11
70249,0,0,"zilinsky kraj, bytca",0
70250,0,1,"zahranicie, zahranicie - usa",0
70251,1,0,"trnavsky kraj, sered",15
70252,1,1,"zilinsky kraj, martin",11
70253,0,0,"presovsky kraj, vysoke tatry",0
70254,1,0,"banskobystricky kraj, detva",0
70255,0,0,"presovsky kraj, stara lubovna",0
70338,0,0,"zahranicie, zahranicie - usa",0
70479,1,1,"zilinsky kraj, bytca",14
70480,0,1,"trenciansky kraj, prievidza",12
70481,1,1,"bratislavsky kraj, bratislava - petrzalka",13
70482,1,1,"bratislavsky kraj, bratislava - petrzalka",17
70483,1,1,"trenciansky kraj, prievidza",0
70484,1,0,"trnavsky kraj, trnava",16
70487,1,0,"nitriansky kraj, nove zamky",13
70491,1,1,"presovsky kraj, vranov nad toplou",13
70492,1,1,"nitriansky kraj, nove zamky",10
70493,1,1,"banskobystricky kraj, banska bystrica",15
70494,1,1,"kosicky kraj, kosice - ostatne",0
70495,1,1,"zilinsky kraj, namestovo",16
70496,0,0,"kosicky kraj, kosice - zapad",0
70497,0,1,"kosicky kraj, michalovce",0
70498,1,1,"zilinsky kraj, dolny kubin",13
70499,1,0,"zilinsky kraj, cadca",15
70500,0,0,"zahranicie, zahranicie - usa",12
70572,0,1,"banskobystricky kraj, banska bystrica",0
70638,0,0,"kosicky kraj, kosice - juh",23
70649,1,0,"kosicky kraj, kosice - sidlisko tahanovce",21
70686,0,1,"zahranicie, zahranicie - ostatne",0
70690,0,1,"trnavsky kraj, sered",16
70759,1,1,"banskobystricky kraj, banska bystrica",18
70796,0,1,"bratislavsky kraj, bratislava - dubravka",0
70800,1,0,"trnavsky kraj, piestany",13
70824,1,1,"nitriansky kraj, nove zamky",12
70825,0,1,"banskobystricky kraj, detva",0
70826,1,1,"zahranicie, zahranicie - ostatne",0
70827,1,0,"banskobystricky kraj, velky krtis",0
70828,0,0,"kosicky kraj, kosice - okolie",15
70829,0,0,"kosicky kraj, trebisov",16
70830,1,1,"presovsky kraj, svidnik",17
70831,1,0,"trenciansky kraj, nove mesto nad vahom",17
70832,1,1,"kosicky kraj, kosice - okolie",0
70833,1,0,"kosicky kraj, trebisov",11
70834,0,0,"zilinsky kraj, martin",0
70835,0,0,"zilinsky kraj, zilina",13
70836,1,0,"trenciansky kraj, prievidza",0
70837,1,1,"banskobystricky kraj, krupina",11
70838,0,0,"nitriansky kraj, sala",0
70839,1,1,"nitriansky kraj, nove zamky",13
70840,1,0,"trenciansky kraj, trencin",15
70841,1,0,"zilinsky kraj, tvrdosin",0
70842,0,0,"trnavsky kraj, senica",0
70968,1,1,"zilinsky kraj, namestovo",0
70969,1,1,"nitriansky kraj, topolcany",14
70970,0,0,"zilinsky kraj, bytca",0
70971,0,1,"ceska republika, cz - praha",0
70972,0,1,"nitriansky kraj, nitra",0
70973,0,1,"trenciansky kraj, ilava",0
70974,1,1,"kosicky kraj, michalovce",0
70975,0,0,"zahranicie, zahranicie - ostatne",0
70976,1,1,"nitriansky kraj, nitra",0
70977,0,1,"nitriansky kraj, vrable",16
70978,1,0,"kosicky kraj, spisska nova ves",0
70980,0,0,"zilinsky kraj, namestovo",15
70981,0,1,"nitriansky kraj, komarno",0
70983,0,0,"zahranicie, zahranicie - francuzsko",14
70984,1,0,"trenciansky kraj, trencin",0
70985,0,1,"kosicky kraj, kosice - okolie",0
70986,0,0,"trnavsky kraj, senica",22
70987,1,1,"zilinsky kraj, martin",0
70988,1,0,"nitriansky kraj, nove zamky",11
70989,1,0,"kosicky kraj, kosice - sidlisko tahanovce",21
71076,1,0,"banskobystricky kraj, lucenec",18
71168,1,0,"trenciansky kraj, prievidza",0
71190,1,0,"zahranicie, zahranicie - usa",0
71191,1,1,"trenciansky kraj, prievidza",14
71192,1,1,"zilinsky kraj, namestovo",26
71193,1,0,"zilinsky kraj, martin",0
71194,1,0,"zilinsky kraj, ruzomberok",9
71195,1,0,"banskobystricky kraj, krupina",0
71196,1,1,"zilinsky kraj, trstena",16
71197,0,0,"presovsky kraj, poprad",0
71198,1,0,"trnavsky kraj, hlohovec",0
71199,1,0,"nitriansky kraj, zlate moravce",0
71200,1,0,"trenciansky kraj, bojnice",0
71201,1,1,"trnavsky kraj, holic",12
71202,1,0,"zilinsky kraj, martin",0
71203,1,0,"kosicky kraj, moldava nad bodvou",0
71204,1,0,"presovsky kraj, levoca",15
71205,0,0,"kosicky kraj, kosice - okolie",0
71206,1,1,"zilinsky kraj, martin",14
71207,1,0,"trenciansky kraj, partizanske",14
71208,1,1,"zilinsky kraj, namestovo",14
71373,1,0,"kosicky kraj, michalovce",12
71374,1,1,"nitriansky kraj, hurbanovo",17
71375,0,1,"zahranicie, zahranicie - gb",17
71376,1,0,"trnavsky kraj, piestany",0
71377,0,0,"banskobystricky kraj, banska bystrica",0
71378,1,0,"zahranicie, zahranicie - nemecko",0
71379,1,0,"banskobystricky kraj, brezno",14
71380,0,0,"trenciansky kraj, prievidza",15
71381,1,0,"presovsky kraj, stara lubovna",0
71382,0,0,"banskobystricky kraj, zvolen",0
71383,1,1,"kosicky kraj, kosice - okolie",0
71384,1,1,"zilinsky kraj, zilina",20
71385,1,0,"banskobystricky kraj, hnusta",10
71386,0,1,"zilinsky kraj, martin",15
71387,1,0,"nitriansky kraj, tlmace",13
71388,1,0,"zilinsky kraj, dolny kubin",21
71389,1,0,"banskobystricky kraj, detva",0
71390,1,1,"presovsky kraj, poprad",0
71498,0,0,"trnavsky kraj, trnava",16
71501,1,0,"trnavsky kraj, hlohovec",0
71506,1,1,"trnavsky kraj, trnava",0
71508,1,0,"zilinsky kraj, ruzomberok",16
71510,1,1,"nitriansky kraj, sala",13
71512,1,0,"nitriansky kraj, topolcany",0
71514,1,0,"nitriansky kraj, nove zamky",0
71515,0,0,"zilinsky kraj, zilina",17
71516,1,0,"trnavsky kraj, trnava",16
71518,1,0,"nitriansky kraj, levice",0
71520,1,0,"trnavsky kraj, piestany",0
71522,0,0,"zahranicie, zahranicie - ostatne",0
71524,1,1,"kosicky kraj, kosice - juh",0
71526,1,0,"bratislavsky kraj, bratislava - raca",0
71528,0,1,"zilinsky kraj, namestovo",0
71530,0,0,"banskobystricky kraj, banska bystrica",0
71532,0,1,"trnavsky kraj, trnava",0
71533,1,0,"trenciansky kraj, dubnica nad vahom",0
71534,1,1,"nitriansky kraj, topolcany",14
71536,1,1,"trnavsky kraj, trnava",0
71538,1,0,"kosicky kraj, krompachy",11
71540,1,1,"zahranicie, zahranicie - kanada",11
71629,1,0,"trnavsky kraj, trnava",0
71630,1,1,"trnavsky kraj, trnava",18
71696,0,0,"zahranicie, zahranicie - ostatne",0
71731,0,0,"zilinsky kraj, trstena",0
71733,1,1,"zilinsky kraj, namestovo",7
71734,1,1,"presovsky kraj, lipany",0
71735,0,1,"bratislavsky kraj, bratislava - ostatne",18
71737,1,1,"presovsky kraj, lipany",0
71738,0,0,"presovsky kraj, stropkov",0
71739,0,0,"zilinsky kraj, martin",0
71740,1,1,"presovsky kraj, presov",0
71743,1,0,"zilinsky kraj, trstena",0
71744,1,0,"trenciansky kraj, myjava",0
71745,0,1,"zilinsky kraj, cadca",16
71747,1,1,"kosicky kraj, michalovce",0
71748,1,1,"kosicky kraj, trebisov",0
71749,1,0,"nitriansky kraj, vrable",0
71750,1,0,"kosicky kraj, kosice - okolie",0
71751,1,0,"zahranicie, zahranicie - usa",0
71752,1,1,"trenciansky kraj, prievidza",0
71753,0,0,"trnavsky kraj, senica",15
71754,1,1,"presovsky kraj, svidnik",19
71782,1,1,"zilinsky kraj, zilina",17
71824,0,0,"zahranicie, zahranicie - usa",0
71830,0,0,"trnavsky kraj, sered",0
71832,0,1,"trnavsky kraj, sered",0
71839,1,1,"zilinsky kraj, dolny kubin",15
71899,1,0,"kosicky kraj, trebisov",10
71901,1,1,"presovsky kraj, bardejov",14
71902,1,1,"zilinsky kraj, tvrdosin",0
71903,0,0,"banskobystricky kraj, zvolen",14
71904,0,1,"presovsky kraj, presov",0
71905,1,0,"zilinsky kraj, namestovo",15
71906,0,0,"zahranicie, zahranicie - ostatne",15
71907,1,1,"nitriansky kraj, tlmace",0
71908,0,1,"presovsky kraj, bardejov",0
71909,1,0,"ceska republika, cz - praha",0
71910,1,0,"banskobystricky kraj, tornala",0
71911,1,1,"kosicky kraj, krompachy",20
71912,1,0,"banskobystricky kraj, revuca",0
71913,0,1,"zilinsky kraj, ruzomberok",22
71914,0,1,"bratislavsky kraj, bratislava - stare mesto",18
71916,0,0,"trenciansky kraj, banovce nad bebravou",11
71978,0,1,"zilinsky kraj, rajec",0
72005,0,0,"zahranicie, zahranicie - ostatne",0
72006,1,0,"trnavsky kraj, trnava",13
72007,1,1,"kosicky kraj, kosice - okolie",20
72008,0,0,"kosicky kraj, kosice - dargovskych hrdinov",15
72009,0,0,"banskobystricky kraj, zvolen",16
72010,1,1,"zilinsky kraj, liptovsky mikulas",21
72011,0,1,"banskobystricky kraj, brezno",0
72012,0,0,"kosicky kraj, strazske",0
72013,1,0,"trenciansky kraj, puchov",0
72014,0,0,"zahranicie, zahranicie - gb",19
72015,1,1,"trenciansky kraj, stara tura",13
72016,1,0,"zilinsky kraj, liptovsky mikulas",19
72017,1,1,"kosicky kraj, kosice - okolie",0
72018,1,0,"nitriansky kraj, zlate moravce",15
72019,1,0,"banskobystricky kraj, lucenec",11
72020,1,0,"presovsky kraj, humenne",0
72022,0,0,"zahranicie, zahranicie - usa",0
72023,1,1,"trenciansky kraj, trencianske teplice",19
72038,1,0,"zilinsky kraj, zilina",0
72042,1,0,"trnavsky kraj, sered",15
72051,1,1,"banskobystricky kraj, banska bystrica",13
72058,0,0,"kosicky kraj, kosice - okolie",93
72075,0,0,"zahranicie, zahranicie - francuzsko",15
72076,1,0,"presovsky kraj, levoca",0
72108,0,1,"zilinsky kraj, zilina",0
72109,1,0,"zilinsky kraj, zilina",0
72141,1,0,"zilinsky kraj, zilina",0
72142,0,1,"presovsky kraj, presov",0
72143,0,1,"presovsky kraj, giraltovce",21
72144,1,0,"zilinsky kraj, tvrdosin",15
72145,1,0,"kosicky kraj, spisska nova ves",0
72146,1,1,"nitriansky kraj, zlate moravce",0
72147,0,0,"trenciansky kraj, povazska bystrica",15
72148,0,0,"zahranicie, zahranicie - usa",15
72149,1,1,"zahranicie, zahranicie - usa",21
72151,1,1,"trenciansky kraj, handlova",0
72152,1,1,"kosicky kraj, moldava nad bodvou",13
72153,1,0,"zahranicie, zahranicie - usa",0
72155,1,1,"kosicky kraj, roznava",0
72156,0,0,"kosicky kraj, kosice - stare mesto",0
72157,1,0,"zilinsky kraj, dolny kubin",0
72158,0,0,"zahranicie, zahranicie - ostatne",0
72159,0,1,"kosicky kraj, spisska nova ves",0
72160,1,0,"presovsky kraj, vranov nad toplou",18
72247,1,1,"trnavsky kraj, hlohovec",17
72254,1,0,"trnavsky kraj, hlohovec",17
72256,0,0,"banskobystricky kraj, brezno",21
72342,1,1,"presovsky kraj, humenne",20
72344,0,0,"zilinsky kraj, liptovsky hradok",16
72401,1,0,"zilinsky kraj, bytca",16
72421,1,0,"banskobystricky kraj, zvolen",12
72423,1,0,"nitriansky kraj, vrable",0
72428,1,1,"kosicky kraj, kosice - okolie",0
72430,1,0,"zilinsky kraj, ruzomberok",17
72432,1,0,"zilinsky kraj, namestovo",0
72434,0,0,"nitriansky kraj, surany",0
72435,1,1,"kosicky kraj, michalovce",0
72436,1,0,"trenciansky kraj, banovce nad bebravou",0
72438,1,0,"nitriansky kraj, topolcany",0
72439,1,1,"presovsky kraj, poprad",12
72440,1,0,"banskobystricky kraj, filakovo",0
72441,1,0,"banskobystricky kraj, rimavska sobota",13
72442,1,0,"kosicky kraj, spisska nova ves",13
72443,0,0,"bratislavsky kraj, malacky",0
72444,0,0,"zahranicie, zahranicie - usa",0
72445,1,0,"banskobystricky kraj, zvolen",13
72446,1,0,"zilinsky kraj, namestovo",0
72447,1,1,"nitriansky kraj, komarno",23
72565,1,1,"zahranicie, zahranicie - ostatne",0
72625,0,0,"banskobystricky kraj, zvolen",0
72635,1,1,"presovsky kraj, humenne",0
72636,1,0,"banskobystricky kraj, banska bystrica",0
72637,1,0,"trnavsky kraj, sered",15
72638,0,0,"presovsky kraj, poprad",0
72639,1,1,"zilinsky kraj, ruzomberok",12
72640,1,0,"zilinsky kraj, namestovo",13
72641,1,0,"zilinsky kraj, zilina",0
72643,1,0,"zilinsky kraj, zilina",0
72644,0,0,"banskobystricky kraj, ziar nad hronom",0
72645,1,0,"nitriansky kraj, komarno",13
72647,1,1,"banskobystricky kraj, zvolen",0
72648,1,1,"trenciansky kraj, banovce nad bebravou",15
72649,0,1,"trnavsky kraj, galanta",0
72650,1,0,"kosicky kraj, kosice - dargovskych hrdinov",0
72651,1,1,"zahranicie, zahranicie - kanada",0
72652,1,0,"zilinsky kraj, zilina",0
72653,1,0,"banskobystricky kraj, hrinova",0
72654,1,0,"trenciansky kraj, partizanske",12
72655,1,0,"zahranicie, zahranicie - francuzsko",14
72656,1,0,"kosicky kraj, kosice - okolie",15
72657,0,0,"zahranicie, zahranicie - ostatne",0
72673,0,0,"banskobystricky kraj, zvolen",15
72675,0,1,"banskobystricky kraj, zvolen",14
72685,0,1,"banskobystricky kraj, zvolen",14
72711,1,1,"banskobystricky kraj, zvolen",0
72726,1,1,"zilinsky kraj, rajec",19
72787,1,0,"trnavsky kraj, hlohovec",18
72790,1,1,"trnavsky kraj, trnava",16
72813,0,0,"zilinsky kraj, zilina",0
72866,1,0,"kosicky kraj, spisske vlachy",0
72874,1,0,"zilinsky kraj, zilina",14
72876,1,1,"ceska republika, cz - praha",0
72877,0,0,"zilinsky kraj, cadca",0
72879,0,0,"banskobystricky kraj, velky krtis",0
72880,1,0,"trenciansky kraj, partizanske",0
72881,1,0,"presovsky kraj, stropkov",0
72882,1,1,"presovsky kraj, bardejov",12
72883,0,0,"zahranicie, zahranicie - usa",0
72884,1,1,"zilinsky kraj, namestovo",18
72885,1,1,"zilinsky kraj, cadca",13
72886,0,0,"nitriansky kraj, topolcany",0
72887,1,1,"kosicky kraj, kosice - okolie",0
72888,0,1,"trnavsky kraj, trnava",0
72889,1,0,"presovsky kraj, vranov nad toplou",0
72890,1,1,"kosicky kraj, kosice - okolie",21
72891,1,1,"trenciansky kraj, trencin",12
72892,1,0,"presovsky kraj, bardejov",17
72893,1,0,"zilinsky kraj, kysucke nove mesto",0
72908,1,1,"zilinsky kraj, cadca",0
72910,0,0,"nitriansky kraj, vrable",21
72946,1,0,"bratislavsky kraj, bratislava - dubravka",24
72999,1,1,"zilinsky kraj, zilina",0
73050,1,0,"trenciansky kraj, stara tura",14
73051,1,0,"ceska republika, cz - ostravsky kraj",17
73052,0,0,"kosicky kraj, kosice - zapad",13
73053,0,1,"zahranicie, zahranicie - kanada",13
73054,0,0,"zahranicie, zahranicie - nemecko",0
73055,1,0,"banskobystricky kraj, banska bystrica",13
73056,1,0,"zahranicie, zahranicie - usa",14
73057,1,0,"kosicky kraj, trebisov",15
73058,0,0,"trnavsky kraj, skalica",15
73059,0,0,"zahranicie, zahranicie - usa",0
73060,1,1,"zilinsky kraj, dolny kubin",0
73061,1,0,"presovsky kraj, humenne",0
73062,1,0,"presovsky kraj, presov",11
73063,1,0,"trnavsky kraj, hlohovec",12
73064,1,0,"banskobystricky kraj, velky krtis",15
73065,1,0,"presovsky kraj, snina",0
73066,1,0,"presovsky kraj, levoca",0
73104,1,1,"zilinsky kraj, zilina",19
73215,1,0,"presovsky kraj, presov",15
73278,1,0,"presovsky kraj, levoca",15
73279,1,0,"trenciansky kraj, prievidza",0
73280,0,1,"kosicky kraj, michalovce",19
73281,0,0,"kosicky kraj, moldava nad bodvou",0
73282,1,1,"zilinsky kraj, cadca",13
73283,0,1,"trenciansky kraj, nove mesto nad vahom",0
73284,1,0,"trnavsky kraj, hlohovec",13
73285,1,1,"zilinsky kraj, zilina",0
73286,1,1,"zilinsky kraj, namestovo",13
73287,0,1,"kosicky kraj, moldava nad bodvou",0
73288,1,0,"ceska republika, cz - praha",14
73289,1,1,"presovsky kraj, lipany",0
73290,1,0,"banskobystricky kraj, banska bystrica",0
73291,0,0,"zilinsky kraj, zilina",0
73292,0,1,"zilinsky kraj, trstena",0
73293,1,0,"zilinsky kraj, bytca",0
73313,1,1,"trenciansky kraj, stara tura",0
73342,0,0,"zilinsky kraj, cadca",0
73369,1,1,"zilinsky kraj, zilina",17
73393,1,0,"trenciansky kraj, banovce nad bebravou",9
73394,1,1,"nitriansky kraj, levice",14
73395,0,0,"nitriansky kraj, nitra",0
73396,0,0,"zilinsky kraj, namestovo",10
73397,0,0,"banskobystricky kraj, sliac",0
73398,0,0,"zilinsky kraj, namestovo",0
73399,1,1,"kosicky kraj, gelnica",0
73400,0,0,"banskobystricky kraj, hnusta",0
73401,1,1,"nitriansky kraj, nove zamky",18
73402,1,1,"nitriansky kraj, nove zamky",14
73403,1,0,"zilinsky kraj, trstena",11
73404,1,0,"trenciansky kraj, prievidza",0
73405,0,0,"nitriansky kraj, tlmace",0
73406,0,0,"bratislavsky kraj, modra",0
73407,1,1,"trenciansky kraj, partizanske",0
73408,1,0,"trnavsky kraj, trnava",0
73409,1,0,"kosicky kraj, spisske vlachy",0
73445,1,1,"presovsky kraj, presov",16
73509,1,0,"bratislavsky kraj, bratislava - ruzinov",18
73570,1,1,"trenciansky kraj, trencin",22
73580,0,0,"zilinsky kraj, cadca",11
73581,1,0,"presovsky kraj, poprad",0
73582,1,1,"kosicky kraj, trebisov",18
73583,0,0,"nitriansky kraj, nove zamky",11
73584,1,1,"nitriansky kraj, nitra",8
73585,1,0,"nitriansky kraj, levice",19
73586,0,0,"zilinsky kraj, namestovo",0
73587,0,0,"kosicky kraj, spisska nova ves",14
73588,1,1,"trenciansky kraj, prievidza",0
73589,1,1,"zilinsky kraj, dolny kubin",16
73590,1,0,"nitriansky kraj, nove zamky",16
73591,1,0,"zahranicie, zahranicie - usa",19
73592,1,0,"banskobystricky kraj, banska bystrica",0
73593,1,0,"nitriansky kraj, komarno",12
73594,0,1,"zahranicie, zahranicie - usa",17
73595,0,0,"zahranicie, zahranicie - nemecko",0
73596,0,0,"banskobystricky kraj, lucenec",0
73647,0,0,"zilinsky kraj, namestovo",18
73742,0,0,"nitriansky kraj, nitra",0
73764,0,0,"zahranicie, zahranicie - usa",0
73765,1,0,"nitriansky kraj, nove zamky",0
73766,0,0,"trenciansky kraj, povazska bystrica",15
73767,1,0,"kosicky kraj, kosice - krasna nad hornadom",0
73768,0,0,"zahranicie, zahranicie - usa",11
73770,1,0,"banskobystricky kraj, detva",13
73772,1,1,"nitriansky kraj, nitra",0
73773,0,0,"zilinsky kraj, tvrdosin",0
73775,0,0,"trenciansky kraj, prievidza",16
73782,1,1,"banskobystricky kraj, detva",0
73791,0,1,"zilinsky kraj, ruzomberok",0
73792,1,1,"presovsky kraj, levoca",0
73793,0,1,"trnavsky kraj, senica",0
73794,1,1,"banskobystricky kraj, zvolen",0
73795,1,0,"zilinsky kraj, dolny kubin",15
73796,0,0,"trenciansky kraj, nemsova",0
73797,1,0,"presovsky kraj, sabinov",10
73798,1,0,"zilinsky kraj, zilina",0
73799,1,0,"banskobystricky kraj, revuca",0
73800,1,1,"zilinsky kraj, cadca",0
73821,1,0,"trenciansky kraj, nova dubnica",0
73896,1,1,"zilinsky kraj, namestovo",0
73903,1,0,"zilinsky kraj, liptovsky hradok",0
73904,0,0,"banskobystricky kraj, rimavska sobota",0
73905,1,1,"zahranicie, zahranicie - kanada",16
73906,1,0,"nitriansky kraj, nove zamky",0
73907,0,1,"bratislavsky kraj, malacky",0
73908,0,0,"zilinsky kraj, zilina",0
73909,1,1,"kosicky kraj, krompachy",15
73910,0,1,"trenciansky kraj, partizanske",19
73911,0,1,"presovsky kraj, sabinov",13
73912,0,1,"kosicky kraj, spisska nova ves",0
73913,1,0,"trnavsky kraj, trnava",0
73914,1,0,"nitriansky kraj, zlate moravce",15
73915,1,0,"banskobystricky kraj, detva",0
73916,1,0,"trenciansky kraj, puchov",11
73917,1,1,"bratislavsky kraj, bratislava - podunaj. biskupice",0
73920,1,1,"zilinsky kraj, trstena",14
73921,0,0,"banskobystricky kraj, ziar nad hronom",17
73922,0,0,"zahranicie, zahranicie - kanada",0
73924,1,0,"banskobystricky kraj, banska bystrica",18
73941,0,0,"zilinsky kraj, zilina",21
73949,1,1,"presovsky kraj, stara lubovna",11
73950,0,0,"zahranicie, zahranicie - usa",0
73990,1,0,"banskobystricky kraj, brezno",17
73994,1,0,"zilinsky kraj, cadca",20
73997,0,0,"zilinsky kraj, namestovo",0
74008,1,1,"trenciansky kraj, nove mesto nad vahom",20
74041,1,0,"banskobystricky kraj, zvolen",12
74063,1,1,"zilinsky kraj, namestovo",0
74064,1,0,"trenciansky kraj, nove mesto nad vahom",14
74065,1,0,"zahranicie, zahranicie - gb",13
74066,1,0,"kosicky kraj, kosice - zapad",0
74067,0,0,"nitriansky kraj, sala",15
74068,0,0,"zilinsky kraj, ruzomberok",16
74069,0,0,"trenciansky kraj, prievidza",0
74070,1,0,"trenciansky kraj, povazska bystrica",12
74071,0,1,"bratislavsky kraj, bratislava - petrzalka",0
74073,0,1,"banskobystricky kraj, banska bystrica",0
74075,1,0,"banskobystricky kraj, revuca",11
74077,1,1,"banskobystricky kraj, hnusta",0
74079,1,1,"banskobystricky kraj, zvolen",14
74082,1,0,"kosicky kraj, moldava nad bodvou",0
74107,0,0,"trnavsky kraj, hlohovec",0
74137,1,1,"zilinsky kraj, zilina",18
74176,0,0,"zilinsky kraj, cadca",0
74200,1,1,"zilinsky kraj, martin",9
74201,1,0,"trnavsky kraj, trnava",0
74202,1,0,"presovsky kraj, poprad",0
74203,1,0,"zilinsky kraj, tvrdosin",17
74204,0,0,"kosicky kraj, kosice - stare mesto",0
74205,1,1,"zilinsky kraj, bytca",12
74206,0,1,"banskobystricky kraj, banska bystrica",0
74207,1,0,"ceska republika, cz - praha",14
74208,1,1,"kosicky kraj, krompachy",19
74209,1,0,"zilinsky kraj, dolny kubin",14
74210,0,0,"kosicky kraj, secovce",0
74211,1,1,"nitriansky kraj, komarno",0
74212,1,0,"banskobystricky kraj, hrinova",13
74213,0,0,"banskobystricky kraj, lucenec",16
74214,1,1,"kosicky kraj, kosice - sidlisko tahanovce",0
74215,1,0,"kosicky kraj, spisska nova ves",0
74216,0,0,"trenciansky kraj, prievidza",0
74272,1,1,"zahranicie, zahranicie - ostatne",19
74329,0,0,"banskobystricky kraj, zvolen",0
74372,0,0,"zilinsky kraj, zilina",0
74405,0,0,"banskobystricky kraj, detva",14
74406,1,0,"zahranicie, zahranicie - kanada",12
74407,1,1,"kosicky kraj, kosice - sidlisko tahanovce",12
74408,0,0,"zahranicie, zahranicie - australia",0
74409,0,0,"zilinsky kraj, kysucke nove mesto",13
74410,1,1,"presovsky kraj, presov",13
74411,0,1,"presovsky kraj, bardejov",16
74456,1,0,"zahranicie, zahranicie - ostatne",0
74462,1,0,"kosicky kraj, roznava",13
74465,1,1,"banskobystricky kraj, banska bystrica",0
74468,1,0,"banskobystricky kraj, poltar",14
74471,0,0,"trnavsky kraj, holic",13
74474,0,0,"kosicky kraj, michalovce",0
74476,1,0,"presovsky kraj, stara lubovna",11
74478,0,0,"nitriansky kraj, nove zamky",0
74481,1,0,"nitriansky kraj, nove zamky",0
74482,1,1,"kosicky kraj, roznava",16
74483,1,0,"trnavsky kraj, hlohovec",0
74486,1,1,"banskobystricky kraj, velky krtis",29
74501,1,1,"zilinsky kraj, kysucke nove mesto",13
74535,1,0,"banskobystricky kraj, brezno",21
74560,0,1,"zahranicie, zahranicie - usa",0
74570,1,0,"zilinsky kraj, zilina",19
74572,1,1,"zilinsky kraj, kysucke nove mesto",0
74590,1,1,"banskobystricky kraj, banska bystrica",0
74604,1,1,"zilinsky kraj, zilina",0
74615,1,0,"trenciansky kraj, myjava",0
74630,0,0,"zahranicie, zahranicie - kanada",0
74654,0,0,"trenciansky kraj, partizanske",0
74686,0,1,"zahranicie, zahranicie - gb",0
74697,1,0,"bratislavsky kraj, senec",0
74698,1,1,"zilinsky kraj, liptovsky hradok",0
74699,1,0,"nitriansky kraj, kolarovo",18
74700,1,0,"trenciansky kraj, handlova",0
74701,1,0,"nitriansky kraj, levice",10
74702,1,0,"zilinsky kraj, namestovo",14
74703,1,1,"zilinsky kraj, liptovsky mikulas",10
74704,1,1,"banskobystricky kraj, velky krtis",0
74705,1,1,"nitriansky kraj, sala",0
74706,1,1,"trenciansky kraj, trencin",0
74707,1,0,"nitriansky kraj, nitra",0
74708,1,0,"zilinsky kraj, namestovo",0
74709,1,0,"nitriansky kraj, zeliezovce",0
74710,0,0,"trenciansky kraj, handlova",0
74711,1,0,"zahranicie, zahranicie - usa",19
74715,0,1,"zilinsky kraj, zilina",0
74719,1,1,"bratislavsky kraj, malacky",0
74770,1,1,"zilinsky kraj, zilina",0
74783,1,1,"banskobystricky kraj, detva",0
74799,1,0,"banskobystricky kraj, brezno",0
74814,1,0,"banskobystricky kraj, brezno",19
74823,1,0,"banskobystricky kraj, poltar",12
74825,1,0,"presovsky kraj, poprad",12
74827,1,0,"kosicky kraj, kosice - sidlisko tahanovce",15
74828,0,1,"presovsky kraj, poprad",17
74830,0,0,"trnavsky kraj, senica",13
74832,1,0,"zilinsky kraj, rajec",15
74834,0,0,"zahranicie, zahranicie - usa",18
74836,0,0,"banskobystricky kraj, lucenec",0
74837,1,0,"presovsky kraj, presov",0
74838,1,1,"kosicky kraj, krompachy",0
74840,1,0,"kosicky kraj, kosice - sever",11
74842,0,0,"zahranicie, zahranicie - usa",0
74844,0,1,"nitriansky kraj, vrable",1
74845,1,0,"kosicky kraj, spisska nova ves",0
74847,1,1,"presovsky kraj, poprad",14
74849,1,1,"kosicky kraj, trebisov",0
74850,1,0,"banskobystricky kraj, revuca",15
74851,0,1,"kosicky kraj, kosice - barca",0
74852,1,0,"zilinsky kraj, zilina",0
74853,0,0,"trenciansky kraj, trencin",0
74855,0,1,"kosicky kraj, kosice - zapad",0
74858,1,1,"kosicky kraj, spisska nova ves",14
74883,1,1,"zilinsky kraj, kysucke nove mesto",13
74888,1,0,"zilinsky kraj, turcianske teplice",0
74891,0,0,"trenciansky kraj, trencin",0
74900,1,1,"zilinsky kraj, zilina",0
74906,0,0,"zilinsky kraj, zilina",35
74920,0,1,"nitriansky kraj, nitra",17
74921,1,1,"banskobystricky kraj, banska bystrica",0
74943,1,0,"banskobystricky kraj, brezno",19
74969,1,0,"trnavsky kraj, trnava",19
75005,0,0,"zilinsky kraj, rajecke teplice",20
75017,1,1,"banskobystricky kraj, banska bystrica",0
75022,0,0,"zahranicie, zahranicie - rakusko",0
75025,1,0,"zilinsky kraj, zilina",0
75030,1,1,"bratislavsky kraj, bratislava - raca",18
75032,1,1,"presovsky kraj, stara lubovna",10
75041,1,1,"zilinsky kraj, kysucke nove mesto",0
75046,1,1,"banskobystricky kraj, banska bystrica",18
75066,0,0,"zilinsky kraj, zilina",21
75167,1,1,"banskobystricky kraj, banska bystrica",18
75202,1,1,"banskobystricky kraj, banska bystrica",20
75334,0,1,"zilinsky kraj, martin",16
75359,1,0,"zilinsky kraj, cadca",22
75449,0,0,"zilinsky kraj, martin",21
75493,1,1,"banskobystricky kraj, banska bystrica",20
75562,0,0,"zilinsky kraj, liptovsky mikulas",17
75580,1,1,"zilinsky kraj, zilina",0
75599,1,1,"kosicky kraj, michalovce",18
75666,1,0,"trenciansky kraj, novaky",14
75667,1,0,"trenciansky kraj, povazska bystrica",12
75669,1,1,"trenciansky kraj, puchov",0
75670,1,1,"kosicky kraj, kosice - zapad",0
75671,1,0,"zilinsky kraj, zilina",0
75672,1,1,"trnavsky kraj, sastin-straze",0
75673,0,0,"zilinsky kraj, turcianske teplice",15
75675,1,0,"zahranicie, zahranicie - usa",0
75676,1,0,"trenciansky kraj, trencin",0
75677,0,1,"trenciansky kraj, partizanske",0
75679,1,1,"zilinsky kraj, cadca",12
75680,0,0,"nitriansky kraj, nove zamky",13
75681,1,1,"kosicky kraj, trebisov",14
75682,1,0,"zilinsky kraj, turzovka",13
75683,0,1,"bratislavsky kraj, malacky",0
75684,0,0,"trenciansky kraj, banovce nad bebravou",15
75685,0,0,"zilinsky kraj, liptovsky mikulas",14
75686,0,1,"nitriansky kraj, levice",13
75687,0,1,"banskobystricky kraj, detva",0
75735,1,1,"banskobystricky kraj, banska bystrica",20
75834,1,0,"zilinsky kraj, zilina",0
75841,1,1,"nitriansky kraj, surany",0
75847,0,1,"bratislavsky kraj, bratislava - petrzalka",0
75883,0,0,"banskobystricky kraj, lucenec",16
75884,1,1,"kosicky kraj, sobrance",16
75885,0,0,"kosicky kraj, kosice - okolie",17
75886,1,1,"banskobystricky kraj, zvolen",0
75887,1,1,"bratislavsky kraj, senec",0
75888,1,0,"zahranicie, zahranicie - ostatne",20
75889,0,1,"presovsky kraj, sabinov",18
75890,0,0,"kosicky kraj, kosice - barca",0
75891,1,0,"nitriansky kraj, sahy",9
75892,1,1,"trnavsky kraj, piestany",12
75893,1,0,"presovsky kraj, presov",14
75894,1,1,"nitriansky kraj, vrable",14
75895,1,0,"trenciansky kraj, banovce nad bebravou",13
75896,1,1,"zilinsky kraj, zilina",0
75897,0,1,"presovsky kraj, presov",0
75898,1,1,"kosicky kraj, velke kapusany",0
75899,1,1,"zilinsky kraj, martin",0
75900,1,1,"presovsky kraj, bardejov",11
75901,1,0,"nitriansky kraj, nitra",13
75952,1,1,"banskobystricky kraj, banska bystrica",19
75963,1,1,"trenciansky kraj, nove mesto nad vahom",0
75973,0,1,"presovsky kraj, kezmarok",0
76005,1,0,"banskobystricky kraj, banska bystrica",0
76096,1,0,"zahranicie, zahranicie - ostatne",17
76097,0,0,"banskobystricky kraj, lucenec",0
76098,0,0,"zilinsky kraj, kysucke nove mesto",13
76099,1,0,"banskobystricky kraj, zvolen",14
76100,0,0,"banskobystricky kraj, zvolen",0
76101,1,0,"zilinsky kraj, cadca",13
76102,0,0,"zilinsky kraj, cadca",14
76103,1,1,"kosicky kraj, michalovce",15
76104,0,0,"presovsky kraj, kezmarok",0
76105,1,0,"trnavsky kraj, sladkovicovo",0
76106,1,1,"kosicky kraj, michalovce",14
76107,1,1,"kosicky kraj, gelnica",12
76108,1,0,"banskobystricky kraj, rimavska sobota",11
76109,1,0,"nitriansky kraj, nove zamky",0
76110,0,0,"zilinsky kraj, vrutky",0
76111,1,0,"trenciansky kraj, puchov",0
76112,0,0,"kosicky kraj, kosice - sidlisko tahanovce",18
76113,0,0,"nitriansky kraj, surany",0
76114,1,1,"kosicky kraj, michalovce",26
76197,0,1,"zilinsky kraj, turzovka",0
76241,1,0,"presovsky kraj, presov",0
76356,0,1,"trenciansky kraj, puchov",0
76564,1,0,"kosicky kraj, trebisov",0
76565,1,1,"banskobystricky kraj, banska bystrica",0
76566,1,0,"kosicky kraj, michalovce",12
76567,1,1,"banskobystricky kraj, sliac",0
76568,1,0,"trenciansky kraj, puchov",14
76569,0,0,"presovsky kraj, vranov nad toplou",14
76570,1,1,"trnavsky kraj, skalica",0
76571,1,1,"presovsky kraj, giraltovce",17
76572,1,0,"nitriansky kraj, sala",16
76573,1,0,"zilinsky kraj, martin",10
76574,1,0,"kosicky kraj, kosice - okolie",0
76575,1,1,"presovsky kraj, giraltovce",16
76576,0,0,"zilinsky kraj, ruzomberok",0
76577,1,1,"trenciansky kraj, banovce nad bebravou",0
76578,1,0,"banskobystricky kraj, banska bystrica",15
76583,1,0,"kosicky kraj, kosice - ostatne",0
76584,1,1,"zilinsky kraj, martin",13
76585,0,0,"nitriansky kraj, nitra",13
76586,0,1,"trenciansky kraj, myjava",0
76611,1,1,"zilinsky kraj, cadca",21
76612,1,1,"zilinsky kraj, cadca",18
76616,1,1,"zilinsky kraj, cadca",20
76627,1,1,"kosicky kraj, michalovce",14
76662,1,1,"zilinsky kraj, cadca",15
76696,0,0,"banskobystricky kraj, brezno",21
76713,1,0,"trenciansky kraj, puchov",0
76726,1,0,"trnavsky kraj, galanta",20
76727,0,0,"trnavsky kraj, galanta",0
76750,0,0,"banskobystricky kraj, brezno",23
76757,1,0,"banskobystricky kraj, brezno",18
76760,1,0,"banskobystricky kraj, brezno",19
76761,0,0,"banskobystricky kraj, brezno",0
76769,1,0,"zilinsky kraj, rajec",0
76783,0,1,"trenciansky kraj, stara tura",0
76793,1,0,"banskobystricky kraj, brezno",20
76813,1,1,"banskobystricky kraj, velky krtis",19
76859,1,0,"nitriansky kraj, levice",15
76912,1,1,"nitriansky kraj, levice",14
76931,1,1,"ceska republika, cz - zlinsky kraj",23
76984,1,0,"kosicky kraj, spisska nova ves",0
76985,1,0,"zilinsky kraj, martin",0
76986,1,0,"presovsky kraj, presov",13
76987,0,1,"trenciansky kraj, dubnica nad vahom",0
76988,1,0,"zilinsky kraj, namestovo",11
76989,1,0,"presovsky kraj, stara lubovna",0
76990,1,1,"kosicky kraj, kosice - okolie",0
76991,1,0,"zilinsky kraj, martin",25
76992,0,0,"banskobystricky kraj, zvolen",0
76993,0,1,"trnavsky kraj, trnava",13
76994,1,1,"trnavsky kraj, galanta",14
76995,1,0,"bratislavsky kraj, bratislava - raca",25
76996,1,0,"kosicky kraj, roznava",0
76997,1,0,"trenciansky kraj, prievidza",9
76998,1,1,"zilinsky kraj, ruzomberok",13
76999,0,0,"zahranicie, zahranicie - ostatne",0
77000,1,0,"presovsky kraj, presov",0
77001,0,0,"zilinsky kraj, zilina",0
77003,1,0,"ceska republika, cz - jihomoravsky kraj",17
77013,1,1,"banskobystricky kraj, banska bystrica",19
77017,0,1,"banskobystricky kraj, banska bystrica",19
77052,1,1,"banskobystricky kraj, banska bystrica",17
77054,1,1,"nitriansky kraj, vrable",20
77124,1,0,"zilinsky kraj, namestovo",0
77125,0,0,"kosicky kraj, trebisov",0
77127,1,1,"zilinsky kraj, ruzomberok",13
77129,1,1,"zilinsky kraj, martin",12
77130,1,0,"trnavsky kraj, dunajska streda",0
77132,1,0,"kosicky kraj, kosice - sidlisko tahanovce",12
77133,1,1,"ceska republika, cz - jihomoravsky kraj",19
77134,0,0,"banskobystricky kraj, banska bystrica",16
77135,1,0,"trenciansky kraj, prievidza",15
77137,1,1,"presovsky kraj, stara lubovna",0
77138,1,0,"presovsky kraj, humenne",0
77139,1,0,"zahranicie, zahranicie - nemecko",15
77140,1,1,"zahranicie, zahranicie - ostatne",0
77141,0,0,"kosicky kraj, kosice - krasna nad hornadom",0
77142,1,0,"banskobystricky kraj, dudince",15
77143,0,0,"bratislavsky kraj, senec",0
77144,1,0,"kosicky kraj, gelnica",0
77145,0,0,"zahranicie, zahranicie - usa",0
77146,1,0,"trnavsky kraj, senica",13
77207,1,0,"nitriansky kraj, topolcany",0
77223,0,1,"banskobystricky kraj, banska bystrica",18
77288,1,0,"zilinsky kraj, cadca",22
77342,1,0,"presovsky kraj, presov",14
77344,1,0,"kosicky kraj, michalovce",6
77345,1,0,"bratislavsky kraj, bratislava - devinska nova ves",0
77347,1,1,"kosicky kraj, kosice - barca",22
77349,0,0,"kosicky kraj, strazske",20
77350,1,0,"bratislavsky kraj, bratislava - ostatne",0
77351,1,1,"banskobystricky kraj, banska bystrica",12
77352,1,0,"zilinsky kraj, turzovka",10
77353,1,1,"zilinsky kraj, martin",0
77354,1,1,"zilinsky kraj, turcianske teplice",12
77355,0,0,"kosicky kraj, kosice - zapad",0
77356,1,1,"zilinsky kraj, dolny kubin",0
77357,0,1,"kosicky kraj, michalovce",14
77358,1,0,"banskobystricky kraj, filakovo",11
77359,0,1,"nitriansky kraj, nitra",31
77360,0,0,"nitriansky kraj, nitra",0
77361,1,0,"zilinsky kraj, dolny kubin",0
77362,0,0,"bratislavsky kraj, senec",0
77363,1,1,"trnavsky kraj, trnava",0
77383,1,1,"banskobystricky kraj, ziar nad hronom",20
77390,0,0,"bratislavsky kraj, bratislava - petrzalka",0
77412,1,1,"banskobystricky kraj, poltar",0
77463,1,1,"banskobystricky kraj, poltar",14
77510,1,1,"trenciansky kraj, prievidza",9
77522,0,0,"trnavsky kraj, sered",0
77576,0,0,"zahranicie, zahranicie - usa",0
77577,1,0,"nitriansky kraj, levice",0
77578,1,0,"banskobystricky kraj, banska bystrica",12
77579,1,0,"zilinsky kraj, martin",0
77580,0,0,"kosicky kraj, kosice - okolie",0
77581,1,1,"zilinsky kraj, ruzomberok",0
77582,1,0,"presovsky kraj, presov",13
77583,1,1,"trnavsky kraj, leopoldov",0
77584,1,0,"banskobystricky kraj, detva",0
77585,1,0,"banskobystricky kraj, detva",0
77586,0,0,"bratislavsky kraj, bratislava - okolie",18
77587,0,0,"nitriansky kraj, komarno",0
77588,0,1,"nitriansky kraj, nitra",20
77589,1,1,"trenciansky kraj, povazska bystrica",17
77590,1,1,"banskobystricky kraj, banska bystrica",14
77591,0,0,"presovsky kraj, stara lubovna",0
77592,0,0,"trenciansky kraj, ilava",14
77593,1,1,"kosicky kraj, kosice - zapad",0
77598,0,1,"zahranicie, zahranicie - francuzsko",19
77642,0,0,"trnavsky kraj, piestany",0
77691,0,0,"bratislavsky kraj, bratislava - okolie",9
77692,1,1,"presovsky kraj, lipany",0
77693,0,0,"nitriansky kraj, komarno",0
77694,0,1,"presovsky kraj, stara lubovna",0
77695,1,0,"trenciansky kraj, handlova",12
77697,0,0,"nitriansky kraj, nove zamky",0
77698,1,0,"trenciansky kraj, bojnice",14
77700,0,1,"trenciansky kraj, povazska bystrica",13
77704,0,1,"trnavsky kraj, piestany",13
77707,0,0,"nitriansky kraj, nove zamky",0
77709,0,1,"trnavsky kraj, piestany",16
77711,1,0,"zahranicie, zahranicie - ostatne",0
77714,1,0,"trnavsky kraj, trnava",0
77715,0,0,"bratislavsky kraj, bratislava - ostatne",19
77716,1,0,"trnavsky kraj, trnava",18
77717,1,1,"banskobystricky kraj, krupina",0
77736,1,1,"zilinsky kraj, martin",0
77737,1,0,"nitriansky kraj, nove zamky",19
77739,1,1,"banskobystricky kraj, brezno",24
77762,1,0,"banskobystricky kraj, brezno",21
77772,0,1,"zahranicie, zahranicie - ostatne",23
77788,1,1,"trenciansky kraj, banovce nad bebravou",16
77842,1,1,"banskobystricky kraj, revuca",17
77918,1,0,"banskobystricky kraj, detva",0
77923,1,1,"banskobystricky kraj, banska bystrica",20
77925,0,1,"banskobystricky kraj, banska bystrica",0
77934,0,1,"banskobystricky kraj, banska bystrica",0
77945,0,1,"zilinsky kraj, martin",14
77946,0,0,"nitriansky kraj, surany",16
77947,1,0,"nitriansky kraj, sturovo",21
77948,1,0,"banskobystricky kraj, lucenec",17
77949,1,1,"kosicky kraj, kosice - barca",13
77950,1,0,"banskobystricky kraj, banska bystrica",9
77952,0,0,"nitriansky kraj, topolcany",0
77954,0,0,"kosicky kraj, kosice - okolie",0
77956,0,1,"zahranicie, zahranicie - kanada",0
77958,0,1,"kosicky kraj, roznava",0
77960,0,1,"kosicky kraj, kosice - zapad",15
77962,1,0,"kosicky kraj, krompachy",0
77963,0,1,"nitriansky kraj, surany",17
77964,1,1,"presovsky kraj, poprad",12
77966,1,0,"nitriansky kraj, topolcany",0
77968,0,1,"trnavsky kraj, senica",0
77970,1,0,"zilinsky kraj, zilina",13
77972,0,0,"banskobystricky kraj, lucenec",0
77974,1,0,"presovsky kraj, vysoke tatry",11
77976,1,0,"trenciansky kraj, dubnica nad vahom",0
78056,1,1,"presovsky kraj, svidnik",0
78061,0,1,"presovsky kraj, svidnik",0
78072,0,0,"trenciansky kraj, prievidza",16
78170,0,1,"nitriansky kraj, levice",14
78171,1,0,"bratislavsky kraj, senec",0
78172,1,1,"nitriansky kraj, nitra",12
78173,0,0,"zahranicie, zahranicie - usa",16
78174,1,1,"trenciansky kraj, trencin",17
78175,1,1,"bratislavsky kraj, bratislava - petrzalka",14
78176,1,1,"banskobystricky kraj, detva",16
78177,1,0,"trnavsky kraj, trnava",0
78178,1,0,"zilinsky kraj, martin",0
78179,0,0,"nitriansky kraj, nove zamky",0
78180,0,1,"nitriansky kraj, komarno",0
78182,1,0,"nitriansky kraj, hurbanovo",12
78184,0,0,"ceska republika, cz - praha",0
78185,1,0,"banskobystricky kraj, revuca",10
78186,0,1,"zahranicie, zahranicie - kanada",0
78187,0,0,"trnavsky kraj, senica",14
78269,1,1,"zilinsky kraj, cadca",21
78327,1,0,"zilinsky kraj, cadca",18
78355,0,0,"zilinsky kraj, cadca",8
78356,0,1,"zilinsky kraj, cadca",12
78357,1,1,"trenciansky kraj, partizanske",0
78358,1,1,"kosicky kraj, kosice - okolie",0
78359,0,0,"nitriansky kraj, nove zamky",15
78360,1,0,"kosicky kraj, trebisov",14
78361,1,1,"zahranicie, zahranicie - francuzsko",0
78362,1,0,"banskobystricky kraj, brezno",11
78363,0,0,"nitriansky kraj, levice",15
78364,0,1,"nitriansky kraj, nove zamky",18
78365,0,0,"zilinsky kraj, namestovo",0
78366,1,1,"trenciansky kraj, prievidza",15
78367,1,1,"nitriansky kraj, vrable",12
78368,0,0,"nitriansky kraj, nove zamky",0
78369,1,0,"presovsky kraj, vranov nad toplou",14
78370,0,1,"zilinsky kraj, ruzomberok",0
78371,1,1,"banskobystricky kraj, zarnovica",12
78372,0,0,"banskobystricky kraj, brezno",0
78373,1,1,"presovsky kraj, vranov nad toplou",0
78382,1,1,"zilinsky kraj, martin",0
78414,1,1,"banskobystricky kraj, banska bystrica",20
78535,1,0,"zilinsky kraj, martin",15
78540,0,0,"trenciansky kraj, prievidza",12
78541,1,1,"presovsky kraj, vranov nad toplou",12
78542,1,0,"kosicky kraj, michalovce",15
78543,1,0,"banskobystricky kraj, detva",12
78544,1,1,"bratislavsky kraj, bratislava - ruzinov",12
78545,1,1,"zilinsky kraj, zilina",0
78546,0,0,"presovsky kraj, bardejov",0
78547,1,1,"bratislavsky kraj, malacky",0
78548,1,0,"trenciansky kraj, prievidza",17
78549,1,1,"kosicky kraj, spisska nova ves",0
78550,0,0,"zilinsky kraj, cadca",0
78551,0,1,"zilinsky kraj, vrutky",31
78552,1,1,"presovsky kraj, bardejov",14
78553,1,1,"kosicky kraj, kosice - okolie",12
78554,1,0,"presovsky kraj, sabinov",15
78555,1,1,"kosicky kraj, kosice - okolie",14
78556,0,0,"trenciansky kraj, banovce nad bebravou",0
78569,1,1,"banskobystricky kraj, brezno",18
78573,0,0,"banskobystricky kraj, banska bystrica",18
78587,0,1,"zahranicie, zahranicie - usa",19
78722,1,0,"nitriansky kraj, surany",15
78752,0,0,"kosicky kraj, michalovce",26
78753,0,0,"zahranicie, zahranicie - usa",15
78754,0,1,"banskobystricky kraj, hrinova",11
78755,1,1,"bratislavsky kraj, senec",16
78756,1,1,"kosicky kraj, spisska nova ves",0
78757,1,0,"banskobystricky kraj, brezno",14
78758,0,1,"trnavsky kraj, senica",0
78759,0,0,"kosicky kraj, kosice - okolie",16
78760,1,1,"zahranicie, zahranicie - francuzsko",0
78761,1,0,"presovsky kraj, poprad",0
78762,1,0,"nitriansky kraj, nitra",14
78763,0,0,"kosicky kraj, kosice - dargovskych hrdinov",14
78764,1,1,"trenciansky kraj, stara tura",14
78765,0,0,"zilinsky kraj, namestovo",17
78766,0,0,"kosicky kraj, spisska nova ves",0
78767,1,1,"kosicky kraj, velke kapusany",13
78768,1,1,"trenciansky kraj, prievidza",0
78769,0,0,"zahranicie, zahranicie - usa",15
78770,1,0,"kosicky kraj, michalovce",12
78777,1,1,"nitriansky kraj, nove zamky",13
78846,1,0,"trenciansky kraj, novaky",0
78854,1,0,"banskobystricky kraj, brezno",19
78911,0,1,"zahranicie, zahranicie - ostatne",19
78920,1,0,"kosicky kraj, kosice - juh",0
78921,1,0,"trenciansky kraj, prievidza",0
78922,1,0,"banskobystricky kraj, rimavska sobota",16
78923,0,1,"nitriansky kraj, nitra",0
78924,1,1,"zahranicie, zahranicie - usa",0
78925,1,0,"trenciansky kraj, nova dubnica",0
78926,1,1,"presovsky kraj, snina",12
78927,1,1,"trenciansky kraj, prievidza",16
78928,1,0,"kosicky kraj, kosice - okolie",11
78930,1,0,"presovsky kraj, snina",0
78931,1,1,"nitriansky kraj, nitra",15
78932,1,0,"trenciansky kraj, povazska bystrica",0
78933,0,0,"zahranicie, zahranicie - ostatne",0
78934,0,0,"zilinsky kraj, rajec",17
78935,1,1,"zilinsky kraj, namestovo",17
78936,1,1,"bratislavsky kraj, malacky",22
78937,1,0,"trenciansky kraj, povazska bystrica",12
78938,0,0,"kosicky kraj, krompachy",0
78939,1,1,"presovsky kraj, kezmarok",14
79097,1,0,"presovsky kraj, poprad",19
79098,0,1,"zahranicie, zahranicie - gb",0
79099,0,0,"zilinsky kraj, trstena",16
79100,1,0,"banskobystricky kraj, zvolen",11
79101,1,1,"zilinsky kraj, turzovka",9
79103,1,0,"nitriansky kraj, nove zamky",0
79105,1,0,"trenciansky kraj, prievidza",12
79107,1,1,"nitriansky kraj, hurbanovo",20
79109,1,0,"bratislavsky kraj, malacky",16
79111,1,1,"bratislavsky kraj, senec",22
79113,0,0,"presovsky kraj, spisska bela",0
79115,1,0,"banskobystricky kraj, tornala",11
79116,1,0,"banskobystricky kraj, brezno",10
79118,0,1,"kosicky kraj, kosice - sidlisko tahanovce",0
79119,0,0,"presovsky kraj, poprad",14
79121,0,0,"bratislavsky kraj, modra",10
79147,1,1,"bratislavsky kraj, bratislava - okolie",0
79148,1,1,"banskobystricky kraj, detva",17
79149,0,0,"banskobystricky kraj, detva",14
79150,1,1,"nitriansky kraj, zlate moravce",16
79204,1,0,"kosicky kraj, trebisov",17
79233,1,0,"zilinsky kraj, martin",16
79246,0,0,"kosicky kraj, roznava",18
79251,0,0,"zilinsky kraj, zilina",19
79297,0,0,"kosicky kraj, roznava",0
79334,0,1,"zahranicie, zahranicie - usa",0
79353,1,0,"banskobystricky kraj, zvolen",0
79354,0,0,"presovsky kraj, kezmarok",14
79355,1,0,"zahranicie, zahranicie - nemecko",0
79356,1,1,"presovsky kraj, humenne",14
79357,1,1,"kosicky kraj, kosice - juh",0
79358,0,0,"banskobystricky kraj, zvolen",14
79359,1,0,"bratislavsky kraj, bratislava - petrzalka",0
79360,1,0,"presovsky kraj, presov",0
79361,1,0,"zahranicie, zahranicie - ostatne",0
79362,1,0,"zilinsky kraj, cadca",0
79363,1,0,"presovsky kraj, presov",0
79364,1,1,"banskobystricky kraj, ziar nad hronom",17
79366,1,1,"zahranicie, zahranicie - ostatne",17
79368,1,1,"zilinsky kraj, bytca",0
79369,1,1,"trenciansky kraj, partizanske",0
79371,1,0,"nitriansky kraj, zlate moravce",0
79373,1,1,"banskobystricky kraj, rimavska sobota",16
79380,0,1,"presovsky kraj, kezmarok",15
79394,0,0,"kosicky kraj, roznava",16
79397,1,1,"kosicky kraj, roznava",21
79436,0,0,"presovsky kraj, presov",0
79503,0,0,"zilinsky kraj, liptovsky mikulas",22
79515,1,0,"kosicky kraj, spisska nova ves",10
79516,1,0,"nitriansky kraj, levice",0
79517,1,0,"banskobystricky kraj, zvolen",0
79518,1,1,"presovsky kraj, sabinov",0
79519,0,1,"kosicky kraj, kosice - juh",12
79520,0,0,"trenciansky kraj, bojnice",18
79521,1,1,"zahranicie, zahranicie - nemecko",0
79522,0,1,"zahranicie, zahranicie - usa",0
79527,0,0,"nitriansky kraj, topolcany",0
79528,1,1,"bratislavsky kraj, bratislava - petrzalka",16
79529,0,1,"zahranicie, zahranicie - usa",0
79530,0,0,"presovsky kraj, poprad",0
79531,1,1,"trenciansky kraj, ilava",0
79532,1,0,"trenciansky kraj, bojnice",0
79533,1,1,"kosicky kraj, spisska nova ves",0
79534,1,0,"kosicky kraj, kosice - juh",0
79535,1,1,"zilinsky kraj, bytca",0
79536,1,1,"banskobystricky kraj, banska bystrica",0
79579,0,0,"zahranicie, zahranicie - ostatne",0
79586,0,0,"nitriansky kraj, nitra",0
79605,0,1,"banskobystricky kraj, lucenec",19
79640,1,1,"bratislavsky kraj, bratislava - ruzinov",0
79641,0,1,"banskobystricky kraj, nova bana",24
79642,1,0,"bratislavsky kraj, bratislava - ostatne",35
79643,1,1,"trenciansky kraj, partizanske",20
79644,1,1,"bratislavsky kraj, bratislava - petrzalka",17
79667,1,0,"zilinsky kraj, zilina",15
79668,1,0,"nitriansky kraj, hurbanovo",11
79669,0,1,"banskobystricky kraj, revuca",0
79670,0,1,"zilinsky kraj, zilina",0
79671,0,0,"banskobystricky kraj, velky krtis",0
79672,1,0,"zilinsky kraj, bytca",0
79673,1,1,"kosicky kraj, kosice - juh",13
79674,0,0,"trenciansky kraj, trencin",11
79675,1,0,"zilinsky kraj, dolny kubin",0
79676,1,1,"banskobystricky kraj, rimavska sobota",11
79677,1,1,"zilinsky kraj, zilina",0
79678,1,0,"kosicky kraj, kosice - okolie",16
79679,1,0,"nitriansky kraj, nove zamky",0
79680,1,0,"kosicky kraj, kosice - ostatne",0
79681,0,0,"trenciansky kraj, nove mesto nad vahom",0
79682,1,0,"nitriansky kraj, nove zamky",0
79683,1,1,"zilinsky kraj, cadca",0
79684,1,0,"nitriansky kraj, vrable",0
79685,0,0,"trenciansky kraj, trencin",0
79722,1,1,"zilinsky kraj, zilina",0
79754,1,1,"bratislavsky kraj, bratislava - petrzalka",0
79804,1,0,"zilinsky kraj, zilina",23
79840,0,1,"zahranicie, zahranicie - gb",0
79846,1,0,"kosicky kraj, kosice - stare mesto",17
79847,1,1,"zahranicie, zahranicie - kanada",0
79848,1,0,"nitriansky kraj, hurbanovo",17
79849,1,0,"bratislavsky kraj, malacky",0
79850,1,0,"nitriansky kraj, kolarovo",0
79851,1,0,"presovsky kraj, bardejov",12
79852,1,1,"zahranicie, zahranicie - gb",0
79853,1,1,"kosicky kraj, kosice - ostatne",0
79854,0,0,"zahranicie, zahranicie - ostatne",15
79855,1,0,"zilinsky kraj, turzovka",11
79856,0,0,"zahranicie, zahranicie - usa",0
79857,1,1,"nitriansky kraj, nitra",0
79858,1,1,"zilinsky kraj, cadca",0
79859,0,0,"zilinsky kraj, bytca",0
79860,0,1,"banskobystricky kraj, hnusta",11
79861,1,1,"banskobystricky kraj, banska bystrica",0
79862,0,1,"nitriansky kraj, sala",0
79863,1,0,"ceska republika, cz - pardubicky kraj",17
79864,1,0,"bratislavsky kraj, bratislava - petrzalka",20
80022,1,0,"zahranicie, zahranicie - usa",0
80023,0,1,"nitriansky kraj, nitra",17
80024,1,1,"banskobystricky kraj, brezno",13
80025,0,0,"zahranicie, zahranicie - ostatne",0
80026,1,0,"banskobystricky kraj, banska bystrica",0
80027,0,0,"banskobystricky kraj, brezno",0
80028,0,1,"presovsky kraj, sabinov",0
80029,1,0,"zilinsky kraj, zilina",0
80030,1,0,"kosicky kraj, kosice - krasna nad hornadom",0
80031,1,0,"banskobystricky kraj, lucenec",0
80032,0,1,"presovsky kraj, humenne",0
80034,0,0,"presovsky kraj, svit",0
80036,1,0,"trenciansky kraj, nova dubnica",0
80037,0,0,"zahranicie, zahranicie - ostatne",0
80038,1,0,"bratislavsky kraj, senec",15
80039,1,1,"kosicky kraj, kosice - okolie",0
80040,1,1,"bratislavsky kraj, bratislava - nove mesto",0
80041,1,0,"zilinsky kraj, namestovo",11
80042,0,0,"nitriansky kraj, sala",17
80043,1,0,"presovsky kraj, levoca",0
80051,1,0,"zilinsky kraj, zilina",23
80182,1,0,"banskobystricky kraj, brezno",19
80189,0,0,"bratislavsky kraj, bratislava - lamac",0
80192,1,0,"presovsky kraj, kezmarok",0
80224,0,1,"zahranicie, zahranicie - ostatne",0
80236,1,1,"trenciansky kraj, prievidza",15
80237,0,0,"banskobystricky kraj, detva",0
80238,1,0,"presovsky kraj, presov",0
80239,1,1,"presovsky kraj, humenne",0
80240,1,1,"trenciansky kraj, puchov",0
80241,0,0,"presovsky kraj, presov",0
80242,1,1,"trenciansky kraj, prievidza",13
80243,1,0,"zilinsky kraj, cadca",0
80244,1,0,"banskobystricky kraj, banska bystrica",0
80245,1,1,"trenciansky kraj, prievidza",13
80246,1,0,"trnavsky kraj, sered",0
80247,1,1,"zilinsky kraj, ruzomberok",20
80248,1,0,"bratislavsky kraj, pezinok",17
80249,0,0,"zilinsky kraj, cadca",0
80250,1,0,"kosicky kraj, spisska nova ves",0
80251,0,1,"nitriansky kraj, nitra",14
80252,1,0,"zilinsky kraj, dolny kubin",13
80253,0,1,"nitriansky kraj, nitra",0
80254,1,0,"presovsky kraj, snina",0
80356,0,1,"nitriansky kraj, komarno",18
80383,1,1,"bratislavsky kraj, malacky",18
80384,0,1,"zahranicie, zahranicie - kanada",0
80385,1,1,"kosicky kraj, krompachy",11
80386,1,1,"zilinsky kraj, martin",12
80387,1,0,"presovsky kraj, snina",0
80388,1,0,"zahranicie, zahranicie - usa",0
80389,0,0,"banskobystricky kraj, banska stiavnica",10
80390,1,1,"zahranicie, zahranicie - usa",0
80391,1,1,"zahranicie, zahranicie - kanada",0
80392,1,1,"kosicky kraj, michalovce",0
80393,1,1,"zilinsky kraj, cadca",0
80394,1,1,"presovsky kraj, presov",0
80395,1,0,"presovsky kraj, presov",14
80396,1,1,"zahranicie, zahranicie - gb",0
80397,1,1,"zahranicie, zahranicie - kanada",0
80401,0,0,"zilinsky kraj, bytca",0
80543,0,1,"trenciansky kraj, myjava",0
80585,0,0,"zilinsky kraj, namestovo",0
80630,0,1,"trnavsky kraj, trnava",0
80631,0,0,"banskobystricky kraj, banska bystrica",0
80632,1,1,"trenciansky kraj, nove mesto nad vahom",13
80633,1,1,"zilinsky kraj, martin",13
80634,1,1,"presovsky kraj, presov",0
80635,1,0,"trenciansky kraj, puchov",0
80636,1,0,"kosicky kraj, kosice - okolie",0
80637,0,1,"trenciansky kraj, dubnica nad vahom",12
80638,1,0,"zilinsky kraj, martin",0
80639,1,0,"zahranicie, zahranicie - usa",0
80640,1,1,"presovsky kraj, poprad",0
80641,1,1,"kosicky kraj, spisska nova ves",0
80642,1,0,"kosicky kraj, michalovce",12
80643,1,0,"trnavsky kraj, senica",13
80644,1,0,"kosicky kraj, michalovce",0
80645,1,0,"trnavsky kraj, trnava",0
80646,1,0,"presovsky kraj, lipany",0
80647,1,1,"banskobystricky kraj, detva",13
80680,0,0,"zahranicie, zahranicie - kanada",16
80688,1,0,"trenciansky kraj, prievidza",0
80690,0,0,"trenciansky kraj, prievidza",0
80703,0,0,"trenciansky kraj, prievidza",0
80794,0,0,"zilinsky kraj, martin",13
80795,1,1,"zilinsky kraj, cadca",0
80796,0,0,"presovsky kraj, poprad",0
80797,1,1,"zilinsky kraj, cadca",0
80798,1,1,"zahranicie, zahranicie - usa",0
80799,0,0,"banskobystricky kraj, banska bystrica",0
80800,0,0,"zilinsky kraj, namestovo",0
80801,1,1,"bratislavsky kraj, bratislava - petrzalka",0
80802,0,1,"trenciansky kraj, partizanske",0
80803,1,0,"kosicky kraj, michalovce",0
80804,1,0,"trnavsky kraj, holic",0
80805,1,0,"trenciansky kraj, banovce nad bebravou",15
80807,1,1,"presovsky kraj, snina",0
80808,1,0,"zilinsky kraj, zilina",0
80809,1,1,"kosicky kraj, sobrance",0
80810,1,0,"zahranicie, zahranicie - usa",12
80811,1,1,"kosicky kraj, kosice - okolie",0
80812,1,1,"nitriansky kraj, nove zamky",12
80997,1,1,"banskobystricky kraj, revuca",13
80998,1,0,"zahranicie, zahranicie - ostatne",0
80999,1,1,"trnavsky kraj, galanta",9
81000,0,0,"zilinsky kraj, martin",12
81001,1,1,"bratislavsky kraj, bratislava - okolie",0
81002,0,0,"nitriansky kraj, nitra",0
81003,1,0,"trenciansky kraj, trencin",0
81004,1,1,"zilinsky kraj, ruzomberok",0
81005,1,0,"trnavsky kraj, holic",13
81006,1,1,"zilinsky kraj, ruzomberok",0
81007,1,1,"zilinsky kraj, ruzomberok",0
81008,0,0,"nitriansky kraj, nove zamky",0
81009,1,1,"banskobystricky kraj, lucenec",29
81010,1,0,"trenciansky kraj, trencin",11
81031,0,1,"trenciansky kraj, prievidza",0
81034,0,0,"zahranicie, zahranicie - usa",15
81069,0,0,"trnavsky kraj, galanta",0
81077,1,1,"trnavsky kraj, senica",18
81094,1,1,"banskobystricky kraj, revuca",18
81106,1,0,"kosicky kraj, kosice - zapad",14
81153,1,0,"banskobystricky kraj, brezno",17
81189,1,0,"banskobystricky kraj, banska bystrica",20
81191,1,1,"banskobystricky kraj, brezno",21
81256,0,1,"banskobystricky kraj, brezno",18
81258,0,0,"banskobystricky kraj, brezno",16
81284,1,1,"kosicky kraj, sobrance",0
81286,0,1,"banskobystricky kraj, rimavska sobota",17
81288,1,0,"kosicky kraj, krompachy",12
81290,0,1,"banskobystricky kraj, zvolen",14
81292,0,0,"trenciansky kraj, prievidza",14
81293,1,0,"banskobystricky kraj, detva",9
81294,1,0,"presovsky kraj, spisske podhradie",0
81295,1,1,"zilinsky kraj, dolny kubin",0
81297,1,1,"nitriansky kraj, tlmace",0
81298,0,0,"banskobystricky kraj, ziar nad hronom",15
81299,1,0,"banskobystricky kraj, hnusta",13
81300,1,0,"kosicky kraj, kosice - okolie",14
81301,1,0,"bratislavsky kraj, bratislava - okolie",19
81302,1,1,"kosicky kraj, trebisov",13
81303,1,0,"trnavsky kraj, piestany",18
81304,0,1,"kosicky kraj, kosice - okolie",0
81305,1,0,"kosicky kraj, kosice - okolie",15
81306,1,1,"kosicky kraj, kosice - zapad",18
81307,0,0,"presovsky kraj, presov",0
81326,0,0,"trnavsky kraj, senica",0
81338,1,0,"trnavsky kraj, trnava",17
81342,0,1,"trnavsky kraj, senica",16
81444,0,0,"trnavsky kraj, senica",17
81518,1,1,"banskobystricky kraj, brezno",16
81520,1,0,"banskobystricky kraj, brezno",16
81521,1,0,"banskobystricky kraj, brezno",0
81523,1,0,"banskobystricky kraj, brezno",15
81532,0,1,"zilinsky kraj, cadca",0
81533,1,1,"bratislavsky kraj, bratislava - devinska nova ves",16
81534,1,0,"trenciansky kraj, prievidza",0
81535,1,1,"zilinsky kraj, namestovo",12
81536,0,1,"banskobystricky kraj, lucenec",13
81537,0,0,"zahranicie, zahranicie - usa",13
81538,1,1,"kosicky kraj, kosice - juh",108
81539,1,1,"trenciansky kraj, partizanske",0
81540,0,0,"trenciansky kraj, puchov",0
81541,1,1,"zilinsky kraj, liptovsky hradok",12
81543,1,1,"trnavsky kraj, hlohovec",15
81545,1,0,"trenciansky kraj, banovce nad bebravou",12
81546,0,0,"banskobystricky kraj, zvolen",0
81547,1,1,"kosicky kraj, dobsina",11
81549,0,0,"zilinsky kraj, zilina",0
81550,1,1,"zilinsky kraj, dolny kubin",0
81551,1,1,"nitriansky kraj, nove zamky",0
81552,0,0,"presovsky kraj, sabinov",0
81554,1,0,"presovsky kraj, spisska bela",0
81582,1,0,"presovsky kraj, kezmarok",0
81612,1,1,"nitriansky kraj, surany",19
81638,0,1,"presovsky kraj, svidnik",23
81653,1,1,"banskobystricky kraj, brezno",16
81661,1,0,"banskobystricky kraj, brezno",0
81747,1,0,"kosicky kraj, michalovce",0
81748,1,1,"zilinsky kraj, trstena",0
81749,1,1,"presovsky kraj, spisska bela",0
81750,1,0,"banskobystricky kraj, zarnovica",0
81751,0,0,"bratislavsky kraj, malacky",0
81752,1,0,"trenciansky kraj, povazska bystrica",0
81753,1,1,"zahranicie, zahranicie - usa",12
81754,0,1,"zilinsky kraj, ruzomberok",13
81755,1,1,"zilinsky kraj, dolny kubin",0
81756,1,1,"presovsky kraj, poprad",14
81757,1,1,"banskobystricky kraj, zvolen",12
81758,0,1,"zilinsky kraj, zilina",0
81759,1,0,"presovsky kraj, kezmarok",0
81760,1,1,"presovsky kraj, presov",0
81761,1,0,"zilinsky kraj, martin",13
81778,1,0,"banskobystricky kraj, brezno",0
81783,1,1,"banskobystricky kraj, brezno",18
81790,0,0,"banskobystricky kraj, banska bystrica",0
81793,1,0,"banskobystricky kraj, brezno",0
81796,1,1,"banskobystricky kraj, brezno",17
81870,0,0,"trnavsky kraj, holic",23
81907,0,1,"zilinsky kraj, zilina",0
82030,1,1,"kosicky kraj, spisska nova ves",10
82032,1,0,"zahranicie, zahranicie - usa",0
82034,1,1,"kosicky kraj, kosice - zapad",16
82036,1,1,"nitriansky kraj, levice",0
82038,0,0,"presovsky kraj, presov",0
82039,0,1,"trenciansky kraj, prievidza",0
82040,1,0,"banskobystricky kraj, ziar nad hronom",0
82041,1,0,"kosicky kraj, kosice - okolie",0
82042,1,0,"banskobystricky kraj, brezno",0
82043,0,1,"trnavsky kraj, hlohovec",0
82044,1,0,"trenciansky kraj, dubnica nad vahom",0
82045,1,1,"bratislavsky kraj, bratislava - okolie",0
82046,1,1,"presovsky kraj, stropkov",16
82047,0,0,"presovsky kraj, poprad",0
82048,0,1,"trenciansky kraj, prievidza",0
82049,1,0,"zilinsky kraj, namestovo",16
82050,0,0,"trenciansky kraj, handlova",0
82051,0,1,"nitriansky kraj, zeliezovce",23
82052,1,0,"nitriansky kraj, sala",0
82053,1,0,"zahranicie, zahranicie - kanada",0
82057,1,1,"banskobystricky kraj, filakovo",0
82061,1,1,"zilinsky kraj, zilina",16
82215,1,1,"zilinsky kraj, zilina",13
82220,1,1,"trenciansky kraj, nove mesto nad vahom",12
82240,1,0,"trnavsky kraj, trnava",19
82259,0,0,"nitriansky kraj, nitra",15
82260,1,1,"bratislavsky kraj, malacky",10
82261,1,0,"banskobystricky kraj, krupina",1
82262,1,1,"presovsky kraj, humenne",14
82263,1,0,"trenciansky kraj, banovce nad bebravou",0
82264,1,1,"nitriansky kraj, levice",0
82265,1,1,"zilinsky kraj, martin",15
82266,1,0,"kosicky kraj, spisska nova ves",0
82267,0,0,"kosicky kraj, kosice - okolie",0
82268,1,0,"bratislavsky kraj, bratislava - raca",13
82269,0,0,"kosicky kraj, trebisov",13
82270,1,1,"bratislavsky kraj, bratislava - dubravka",0
82271,1,0,"banskobystricky kraj, rimavska sobota",0
82272,1,0,"trenciansky kraj, prievidza",12
82273,1,0,"banskobystricky kraj, sliac",15
82274,0,0,"zahranicie, zahranicie - ostatne",16
82321,1,1,"zilinsky kraj, zilina",13
82372,1,1,"zilinsky kraj, zilina",13
82391,0,1,"zahranicie, zahranicie - nemecko",0
82396,0,0,"trenciansky kraj, trencin",0
82397,1,0,"kosicky kraj, kosice - sever",14
82398,1,1,"zilinsky kraj, trstena",0
82399,1,0,"zilinsky kraj, ruzomberok",14
82400,1,1,"zilinsky kraj, martin",13
82401,1,1,"bratislavsky kraj, bratislava - okolie",0
82402,0,0,"trenciansky kraj, trencin",13
82403,0,0,"zilinsky kraj, martin",0
82404,1,0,"presovsky kraj, presov",0
82405,1,1,"kosicky kraj, kosice - krasna nad hornadom",0
82406,0,0,"zilinsky kraj, trstena",0
82407,1,0,"presovsky kraj, svidnik",15
82408,0,1,"nitriansky kraj, sturovo",0
82409,1,0,"nitriansky kraj, surany",16
82410,1,0,"kosicky kraj, kosice - okolie",0
82411,1,0,"presovsky kraj, bardejov",12
82412,1,1,"banskobystricky kraj, detva",0
82413,1,0,"kosicky kraj, michalovce",0
82461,0,0,"kosicky kraj, kosice - ostatne",0
82473,0,1,"zilinsky kraj, cadca",15
82527,1,0,"nitriansky kraj, komarno",17
82528,1,0,"presovsky kraj, spisske podhradie",15
82529,1,1,"bratislavsky kraj, bratislava - devinska nova ves",12
82530,1,0,"presovsky kraj, poprad",0
82531,1,0,"kosicky kraj, michalovce",15
82532,1,1,"kosicky kraj, medzev",0
82533,0,1,"kosicky kraj, kosice - krasna nad hornadom",0
82534,1,1,"nitriansky kraj, nove zamky",12
82535,0,1,"zilinsky kraj, bytca",13
82536,0,1,"nitriansky kraj, levice",0
82537,1,1,"presovsky kraj, stara lubovna",12
82538,1,0,"zahranicie, zahranicie - ostatne",22
82539,1,0,"zilinsky kraj, namestovo",12
82540,0,0,"zilinsky kraj, namestovo",11
82541,1,1,"nitriansky kraj, levice",12
82542,1,0,"presovsky kraj, humenne",0
82543,0,0,"presovsky kraj, vranov nad toplou",17
82544,1,0,"nitriansky kraj, nove zamky",16
82548,0,0,"zahranicie, zahranicie - australia",14
82553,1,1,"zilinsky kraj, cadca",0
82618,1,1,"presovsky kraj, vranov nad toplou",18
82619,1,0,"kosicky kraj, michalovce",0
82620,1,1,"trnavsky kraj, trnava",0
82621,1,0,"banskobystricky kraj, rimavska sobota",0
82622,1,0,"trenciansky kraj, puchov",11
82624,1,1,"banskobystricky kraj, sliac",14
82625,0,0,"banskobystricky kraj, brezno",0
82627,1,1,"bratislavsky kraj, bratislava - petrzalka",18
82629,0,1,"kosicky kraj, michalovce",0
82631,0,1,"kosicky kraj, roznava",0
82633,1,1,"nitriansky kraj, nitra",18
82635,1,1,"zilinsky kraj, martin",20
82643,1,0,"banskobystricky kraj, lucenec",35
82647,1,0,"presovsky kraj, bardejov",0
82648,1,1,"presovsky kraj, snina",0
82657,1,1,"zilinsky kraj, dolny kubin",17
82658,1,0,"zilinsky kraj, namestovo",16
82674,0,0,"zilinsky kraj, zilina",22
82716,1,1,"banskobystricky kraj, brezno",16
82729,1,0,"zilinsky kraj, trstena",18
82758,1,1,"zilinsky kraj, cadca",0
82790,0,1,"banskobystricky kraj, banska bystrica",0
82822,1,0,"zilinsky kraj, dolny kubin",16
82854,0,0,"presovsky kraj, presov",15
82954,0,0,"zilinsky kraj, namestovo",0
82973,1,1,"trenciansky kraj, banovce nad bebravou",0
82974,1,1,"banskobystricky kraj, brezno",14
82975,1,1,"trnavsky kraj, senica",10
82976,1,0,"nitriansky kraj, hurbanovo",0
82977,1,0,"trenciansky kraj, prievidza",0
82978,0,1,"trnavsky kraj, senica",0
82979,1,1,"zilinsky kraj, tvrdosin",0
82980,1,1,"zilinsky kraj, zilina",14
82981,0,0,"presovsky kraj, presov",0
82982,1,0,"nitriansky kraj, topolcany",0
82983,0,0,"presovsky kraj, presov",0
82984,0,1,"zahranicie, zahranicie - ostatne",13
82985,0,1,"nitriansky kraj, nove zamky",0
82986,1,1,"trenciansky kraj, nove mesto nad vahom",15
82987,0,1,"bratislavsky kraj, bratislava - petrzalka",0
82988,1,1,"presovsky kraj, hanusovce nad toplou",14
82989,1,0,"kosicky kraj, kosice - dargovskych hrdinov",0
82990,0,1,"zahranicie, zahranicie - kanada",0
82991,0,0,"trenciansky kraj, ilava",0
83005,0,1,"ceska republika, cz - plzensky kraj",0
83035,1,1,"zahranicie, zahranicie - usa",16
83138,1,0,"zilinsky kraj, cadca",15
83154,0,0,"zilinsky kraj, cadca",0
83167,1,0,"trnavsky kraj, trnava",12
83168,1,0,"kosicky kraj, kosice - dargovskych hrdinov",17
83169,1,1,"trnavsky kraj, hlohovec",0
83170,1,0,"kosicky kraj, kosice - okolie",0
83171,1,0,"trnavsky kraj, galanta",0
83172,1,0,"kosicky kraj, kosice - sever",0
83173,1,1,"banskobystricky kraj, detva",0
83174,1,0,"trenciansky kraj, puchov",12
83175,0,0,"zilinsky kraj, dolny kubin",0
83176,0,0,"nitriansky kraj, topolcany",14
83177,0,0,"zilinsky kraj, kysucke nove mesto",0
83178,0,1,"kosicky kraj, kosice - juh",20
83179,1,1,"zahranicie, zahranicie - francuzsko",0
83180,1,0,"zahranicie, zahranicie - ostatne",0
83181,1,1,"trenciansky kraj, ilava",12
83182,0,1,"banskobystricky kraj, detva",0
83183,1,1,"zahranicie, zahranicie - gb",0
83184,1,0,"bratislavsky kraj, bratislava - karlova ves",22
83185,0,0,"zahranicie, zahranicie - ostatne",0
83186,0,1,"kosicky kraj, michalovce",17
83253,0,0,"zilinsky kraj, cadca",0
83260,1,0,"zilinsky kraj, martin",14
83289,0,0,"kosicky kraj, michalovce",0
83290,0,0,"zahranicie, zahranicie - usa",0
83291,1,0,"zilinsky kraj, martin",0
83292,1,1,"kosicky kraj, kosice - juh",0
83293,1,1,"bratislavsky kraj, bratislava - ruzinov",27
83294,1,0,"zilinsky kraj, tvrdosin",12
83295,1,1,"banskobystricky kraj, rimavska sobota",0
83296,0,1,"trnavsky kraj, senica",0
83297,1,0,"bratislavsky kraj, malacky",0
83298,1,1,"kosicky kraj, kosice - stare mesto",0
83299,1,0,"nitriansky kraj, zlate moravce",0
83300,0,1,"nitriansky kraj, nove zamky",18
83301,1,1,"nitriansky kraj, zeliezovce",14
83302,0,0,"presovsky kraj, poprad",0
83303,1,1,"presovsky kraj, levoca",15
83304,1,0,"zahranicie, zahranicie - usa",0
83305,0,1,"presovsky kraj, snina",0
83306,1,1,"kosicky kraj, secovce",12
83307,1,1,"bratislavsky kraj, bratislava - podunaj. biskupice",16
83308,0,1,"trnavsky kraj, senica",0
83309,1,1,"ceska republika, cz - kralovehradecky kraj",0
83314,1,1,"zilinsky kraj, kysucke nove mesto",15
83320,0,1,"zilinsky kraj, namestovo",20
83342,0,0,"banskobystricky kraj, brezno",19
83355,1,1,"zahranicie, zahranicie - ostatne",0
83409,1,1,"nitriansky kraj, nitra",13
83410,1,0,"banskobystricky kraj, brezno",0
83411,1,1,"trnavsky kraj, hlohovec",22
83412,1,1,"ceska republika, cz - pardubicky kraj",0
83413,1,1,"kosicky kraj, strazske",0
83414,1,1,"banskobystricky kraj, detva",0
83415,1,0,"zahranicie, zahranicie - rakusko",0
83416,1,1,"presovsky kraj, vranov nad toplou",15
83417,0,1,"banskobystricky kraj, lucenec",16
83418,1,0,"banskobystricky kraj, banska bystrica",0
83419,0,1,"nitriansky kraj, nitra",0
83420,1,0,"banskobystricky kraj, hnusta",0
83421,0,1,"trenciansky kraj, prievidza",0
83422,1,1,"zilinsky kraj, martin",13
83423,1,0,"nitriansky kraj, nitra",0
83424,0,1,"banskobystricky kraj, banska bystrica",0
83425,1,1,"nitriansky kraj, surany",13
83426,1,1,"bratislavsky kraj, bratislava - okolie",13
83427,1,1,"banskobystricky kraj, poltar",17
83474,0,0,"zilinsky kraj, namestovo",0
83525,0,1,"zahranicie, zahranicie - usa",19
83565,1,0,"bratislavsky kraj, bratislava - okolie",0
83566,0,0,"presovsky kraj, kezmarok",19
83568,1,0,"banskobystricky kraj, hnusta",0
83569,0,0,"trenciansky kraj, prievidza",0
83572,0,0,"presovsky kraj, poprad",0
83591,0,1,"presovsky kraj, snina",18
83592,0,0,"trenciansky kraj, nemsova",0
83593,0,1,"kosicky kraj, kosice - stare mesto",0
83594,0,0,"nitriansky kraj, surany",0
83595,1,1,"trenciansky kraj, partizanske",22
83596,1,0,"zilinsky kraj, martin",0
83597,1,0,"zilinsky kraj, martin",0
83598,1,1,"zahranicie, zahranicie - ostatne",21
83599,0,1,"kosicky kraj, kosice - juh",0
83600,0,0,"trnavsky kraj, galanta",0
83601,0,0,"zahranicie, zahranicie - kanada",0
83602,1,0,"trnavsky kraj, samorin",0
83603,0,0,"banskobystricky kraj, banska bystrica",0
83604,0,0,"trnavsky kraj, dunajska streda",0
83605,0,0,"nitriansky kraj, nitra",15
83607,1,0,"kosicky kraj, michalovce",0
83609,1,1,"kosicky kraj, kosice - zapad",18
83610,0,1,"presovsky kraj, levoca",0
83612,1,1,"zahranicie, zahranicie - ostatne",0
83671,0,0,"zilinsky kraj, cadca",0
83673,1,0,"zilinsky kraj, liptovsky mikulas",0
83733,1,0,"zahranicie, zahranicie - ostatne",21
83741,0,0,"kosicky kraj, trebisov",22
83742,1,1,"zilinsky kraj, zilina",29
83805,0,1,"nitriansky kraj, nove zamky",15
83831,1,1,"presovsky kraj, presov",19
83833,0,0,"nitriansky kraj, zlate moravce",23
83849,1,0,"zilinsky kraj, zilina",20
83905,1,0,"zilinsky kraj, kysucke nove mesto",0
83923,0,0,"kosicky kraj, michalovce",0
83924,0,1,"presovsky kraj, svidnik",18
83925,1,1,"kosicky kraj, kosice - okolie",0
83926,1,1,"presovsky kraj, vranov nad toplou",17
83927,1,0,"bratislavsky kraj, bratislava - petrzalka",0
83928,0,1,"trenciansky kraj, nove mesto nad vahom",0
83929,1,0,"trenciansky kraj, prievidza",18
83930,1,1,"zilinsky kraj, ruzomberok",17
83931,1,0,"trenciansky kraj, handlova",0
83932,0,0,"ceska republika, cz - praha",0
83933,0,0,"kosicky kraj, kosice - okolie",0
83934,1,0,"trnavsky kraj, piestany",0
83935,0,0,"zahranicie, zahranicie - gb",0
83936,1,1,"presovsky kraj, presov",0
83937,1,0,"zilinsky kraj, zilina",0
83938,1,0,"trenciansky kraj, prievidza",11
83939,1,1,"kosicky kraj, kosice - okolie",0
83946,1,1,"trnavsky kraj, sered",0
83951,0,0,"banskobystricky kraj, brezno",20
84036,1,1,"kosicky kraj, kosice - juh",18
84083,1,0,"trenciansky kraj, prievidza",20
84199,0,0,"nitriansky kraj, levice",21
84200,1,0,"trnavsky kraj, trnava",0
84201,1,0,"trnavsky kraj, trnava",18
84209,0,0,"bratislavsky kraj, bratislava - ruzinov",0
84214,1,1,"kosicky kraj, kosice - okolie",0
84217,1,1,"trenciansky kraj, nove mesto nad vahom",17
84221,1,1,"trenciansky kraj, nove mesto nad vahom",24
84224,1,1,"trenciansky kraj, nove mesto nad vahom",0
84226,1,1,"trenciansky kraj, nove mesto nad vahom",24
84229,1,1,"trenciansky kraj, nove mesto nad vahom",20
84248,0,0,"kosicky kraj, kosice - zapad",14
84258,1,0,"trenciansky kraj, nove mesto nad vahom",11
84262,1,0,"trenciansky kraj, nove mesto nad vahom",0
84264,1,0,"trenciansky kraj, nove mesto nad vahom",0
84266,1,0,"trenciansky kraj, nove mesto nad vahom",0
84267,1,0,"trenciansky kraj, nove mesto nad vahom",13
84269,1,1,"trnavsky kraj, piestany",0
84272,1,0,"trenciansky kraj, nove mesto nad vahom",0
84401,0,0,"banskobystricky kraj, brezno",21
84402,1,1,"trenciansky kraj, nove mesto nad vahom",0
84403,1,1,"trenciansky kraj, nove mesto nad vahom",0
84405,1,1,"trenciansky kraj, nove mesto nad vahom",27
84406,1,0,"trenciansky kraj, nove mesto nad vahom",0
84407,1,0,"trenciansky kraj, nove mesto nad vahom",0
84409,1,0,"trenciansky kraj, nove mesto nad vahom",15
84410,1,1,"trenciansky kraj, nove mesto nad vahom",19
84412,1,0,"trenciansky kraj, nove mesto nad vahom",0
84413,1,1,"trenciansky kraj, brezova pod bradlom",0
84416,1,1,"trenciansky kraj, nove mesto nad vahom",15
84433,1,0,"banskobystricky kraj, brezno",17
84449,0,0,"banskobystricky kraj, brezno",24
84466,1,0,"nitriansky kraj, nove zamky",21
84468,1,1,"zilinsky kraj, cadca",34
84483,1,1,"trenciansky kraj, nove mesto nad vahom",16
84484,1,1,"trenciansky kraj, myjava",19
84490,1,1,"banskobystricky kraj, banska bystrica",18
84492,1,1,"trenciansky kraj, nove mesto nad vahom",16
84496,1,1,"trenciansky kraj, nove mesto nad vahom",16
84543,1,0,"zilinsky kraj, turcianske teplice",24
84544,1,0,"trenciansky kraj, nove mesto nad vahom",15
84554,1,0,"trenciansky kraj, nove mesto nad vahom",12
84555,1,1,"ceska republika, cz - ustecky kraj",14
84557,1,1,"trenciansky kraj, nove mesto nad vahom",16
84566,1,1,"banskobystricky kraj, rimavska sobota",16
84567,0,1,"nitriansky kraj, levice",21
84568,1,0,"kosicky kraj, kosice - zapad",0
84569,1,0,"kosicky kraj, michalovce",0
84570,0,1,"trenciansky kraj, nove mesto nad vahom",13
84571,1,0,"trenciansky kraj, povazska bystrica",11
84572,1,0,"bratislavsky kraj, bratislava - ostatne",24
84573,1,0,"zahranicie, zahranicie - usa",0
84574,1,1,"banskobystricky kraj, banska bystrica",20
84575,0,1,"presovsky kraj, snina",0
84576,1,0,"trnavsky kraj, sladkovicovo",0
84577,1,0,"presovsky kraj, kezmarok",0
84578,0,1,"zahranicie, zahranicie - ostatne",0
84579,0,1,"kosicky kraj, kosice - juh",0
84580,1,1,"trnavsky kraj, sered",0
84581,1,0,"kosicky kraj, roznava",0
84582,1,0,"kosicky kraj, michalovce",0
84583,0,0,"trnavsky kraj, dunajska streda",14
84584,1,0,"banskobystricky kraj, lucenec",0
84666,0,0,"bratislavsky kraj, bratislava - petrzalka",0
84668,1,1,"trenciansky kraj, nove mesto nad vahom",0
84676,1,0,"nitriansky kraj, hurbanovo",0
84677,1,0,"zahranicie, zahranicie - gb",17
84678,1,1,"trnavsky kraj, trnava",18
84690,1,0,"zilinsky kraj, zilina",21
84691,0,1,"presovsky kraj, presov",0
84692,0,0,"presovsky kraj, presov",0
84693,1,0,"zilinsky kraj, zilina",16
84712,1,0,"zahranicie, zahranicie - ostatne",16
84713,1,0,"zilinsky kraj, cadca",28
84715,1,1,"trenciansky kraj, nove mesto nad vahom",19
84716,1,1,"trenciansky kraj, nove mesto nad vahom",17
84717,1,1,"trenciansky kraj, nove mesto nad vahom",12
84720,1,0,"trenciansky kraj, nove mesto nad vahom",0
84721,1,1,"trenciansky kraj, nove mesto nad vahom",0
84722,1,0,"trenciansky kraj, nove mesto nad vahom",14
84723,1,1,"trenciansky kraj, nove mesto nad vahom",0
84724,0,0,"trenciansky kraj, nove mesto nad vahom",0
84725,1,0,"trenciansky kraj, nove mesto nad vahom",16
84750,0,0,"trnavsky kraj, trnava",17
84757,1,1,"zahranicie, zahranicie - usa",18
84759,0,0,"zilinsky kraj, zilina",25
84762,1,0,"zilinsky kraj, martin",0
84763,0,1,"nitriansky kraj, tlmace",29
84766,0,0,"presovsky kraj, stara lubovna",14
84807,0,0,"trenciansky kraj, nove mesto nad vahom",16
84809,1,0,"trenciansky kraj, nove mesto nad vahom",26
84816,1,1,"nitriansky kraj, topolcany",0
84819,1,0,"trenciansky kraj, nove mesto nad vahom",0
84830,1,0,"trenciansky kraj, nove mesto nad vahom",0
84831,1,0,"trenciansky kraj, trencin",15
84833,1,0,"trenciansky kraj, nove mesto nad vahom",0
84840,0,0,"nitriansky kraj, sala",0
84841,1,1,"trnavsky kraj, piestany",14
84842,0,1,"trenciansky kraj, dubnica nad vahom",0
84843,1,0,"trenciansky kraj, prievidza",0
84844,1,0,"banskobystricky kraj, nova bana",0
84845,0,1,"bratislavsky kraj, bratislava - podunaj. biskupice",0
84846,0,1,"zahranicie, zahranicie - ostatne",0
84847,0,1,"kosicky kraj, cierna nad tisou",20
84848,1,1,"zilinsky kraj, kysucke nove mesto",0
84849,1,1,"kosicky kraj, kosice - juh",0
84850,0,0,"kosicky kraj, kosice - okolie",0
84851,1,0,"zahranicie, zahranicie - usa",0
84852,0,1,"banskobystricky kraj, lucenec",0
84915,0,1,"kosicky kraj, kosice - stare mesto",0
84916,0,1,"presovsky kraj, stara lubovna",0
84942,1,1,"banskobystricky kraj, banska bystrica",18
84944,0,0,"banskobystricky kraj, brezno",16
84948,1,0,"nitriansky kraj, sala",14
84949,1,1,"trenciansky kraj, trencin",20
84953,1,0,"trenciansky kraj, nove mesto nad vahom",33
84955,0,1,"trenciansky kraj, nove mesto nad vahom",0
84959,1,0,"trenciansky kraj, nove mesto nad vahom",0
85039,0,1,"trenciansky kraj, ilava",18
85092,0,0,"presovsky kraj, sabinov",0
85108,1,1,"zahranicie, zahranicie - ostatne",0
85133,0,1,"trnavsky kraj, sered",0
85192,1,1,"trenciansky kraj, nove mesto nad vahom",19
85220,1,0,"nitriansky kraj, levice",13
85221,1,0,"presovsky kraj, presov",17
85222,0,0,"kosicky kraj, kosice - okolie",0
85223,1,1,"zilinsky kraj, zilina",0
85224,1,1,"nitriansky kraj, zlate moravce",0
85226,1,1,"zilinsky kraj, zilina",0
85227,1,0,"zilinsky kraj, ruzomberok",0
85229,1,0,"trenciansky kraj, banovce nad bebravou",14
85230,1,1,"presovsky kraj, presov",0
85231,0,0,"trenciansky kraj, prievidza",0
85232,1,0,"banskobystricky kraj, zvolen",0
85234,0,0,"zahranicie, zahranicie - ostatne",0
85236,1,0,"banskobystricky kraj, zvolen",22
85238,0,1,"bratislavsky kraj, bratislava - vrakuna",23
85241,1,1,"banskobystricky kraj, zarnovica",22
85243,1,1,"nitriansky kraj, levice",0
85246,0,1,"presovsky kraj, bardejov",0
85247,0,1,"presovsky kraj, presov",16
85248,1,1,"kosicky kraj, roznava",15
85249,1,1,"trenciansky kraj, partizanske",0
85265,1,1,"banskobystricky kraj, banska bystrica",18
85286,1,1,"banskobystricky kraj, banska bystrica",16
85314,0,1,"banskobystricky kraj, brezno",0
85323,0,0,"banskobystricky kraj, revuca",0
85417,0,1,"bratislavsky kraj, bratislava - raca",24
85418,1,0,"ceska republika, cz - budejovicky kraj",0
85419,0,0,"presovsky kraj, poprad",27
85420,0,1,"kosicky kraj, kosice - okolie",0
85421,1,1,"trnavsky kraj, hlohovec",31
85422,1,1,"zilinsky kraj, martin",0
85423,1,0,"trenciansky kraj, bojnice",13
85424,1,0,"trenciansky kraj, nove mesto nad vahom",10
85425,1,0,"banskobystricky kraj, sliac",12
85426,0,1,"kosicky kraj, kosice - saca",23
85427,1,1,"kosicky kraj, kosice - saca",0
85428,0,1,"banskobystricky kraj, zvolen",0
85429,1,1,"ceska republika, cz - praha",18
85430,0,1,"kosicky kraj, kosice - okolie",12
85431,1,1,"zahranicie, zahranicie - usa",16
85433,0,1,"bratislavsky kraj, malacky",13
85434,0,1,"presovsky kraj, presov",27
85451,0,0,"banskobystricky kraj, brezno",0
85519,1,0,"presovsky kraj, bardejov",0
85559,1,0,"banskobystricky kraj, brezno",0
85566,0,1,"kosicky kraj, spisska nova ves",0
85571,1,1,"banskobystricky kraj, brezno",19
85639,1,0,"presovsky kraj, bardejov",17
85668,1,0,"banskobystricky kraj, banska bystrica",0
85694,0,0,"banskobystricky kraj, brezno",0
85700,0,0,"zilinsky kraj, namestovo",19
85709,1,1,"kosicky kraj, kosice - stare mesto",22
85721,0,0,"nitriansky kraj, zlate moravce",0
85794,0,0,"banskobystricky kraj, brezno",17
85795,1,1,"banskobystricky kraj, brezno",17
85797,1,1,"banskobystricky kraj, brezno",19
85837,0,0,"bratislavsky kraj, pezinok",0
85842,0,0,"banskobystricky kraj, brezno",0
85850,1,0,"banskobystricky kraj, brezno",18
85851,1,1,"zahranicie, zahranicie - gb",0
85898,0,0,"nitriansky kraj, nove zamky",17
85932,1,0,"zahranicie, zahranicie - gb",14
85969,0,0,"zilinsky kraj, zilina",15
86050,0,0,"kosicky kraj, kosice - juh",17
86067,1,0,"banskobystricky kraj, banska bystrica",18
86076,0,0,"banskobystricky kraj, brezno",20
86212,1,1,"trenciansky kraj, trencin",20
86231,0,0,"kosicky kraj, kosice - zapad",15
86306,1,1,"kosicky kraj, kosice - zapad",25
86341,0,1,"nitriansky kraj, sala",17
86361,0,1,"kosicky kraj, kosice - stare mesto",0
86362,1,0,"nitriansky kraj, sala",16
86428,0,0,"nitriansky kraj, nitra",18
86429,0,0,"trenciansky kraj, nove mesto nad vahom",15
86479,1,0,"trnavsky kraj, samorin",18
86608,1,0,"banskobystricky kraj, detva",0
86635,1,0,"presovsky kraj, presov",0
86708,1,1,"trnavsky kraj, trnava",0
86764,1,1,"zilinsky kraj, turzovka",0
86765,1,1,"trenciansky kraj, partizanske",14
86766,1,0,"kosicky kraj, trebisov",0
86767,1,1,"kosicky kraj, michalovce",20
86768,0,1,"trenciansky kraj, prievidza",20
86769,0,0,"zilinsky kraj, bytca",16
86770,1,0,"kosicky kraj, secovce",0
86771,1,0,"banskobystricky kraj, banska bystrica",14
86772,0,1,"zilinsky kraj, zilina",16
86773,1,0,"nitriansky kraj, nitra",0
86774,0,0,"kosicky kraj, kosice - zapad",0
86775,1,0,"nitriansky kraj, nitra",14
86776,0,0,"trenciansky kraj, puchov",0
86777,1,0,"zilinsky kraj, ruzomberok",0
86778,1,0,"zilinsky kraj, namestovo",16
86779,0,0,"bratislavsky kraj, bratislava - ostatne",0
86780,1,0,"zilinsky kraj, namestovo",16
86840,1,1,"banskobystricky kraj, brezno",21
86888,1,0,"trnavsky kraj, trnava",15
87216,1,0,"trnavsky kraj, trnava",0
87284,1,0,"presovsky kraj, bardejov",0
87285,0,0,"kosicky kraj, kosice - zapad",0
87289,1,0,"trnavsky kraj, piestany",19
87495,1,1,"bratislavsky kraj, bratislava - raca",19
87521,1,0,"trnavsky kraj, trnava",19
87574,1,1,"trenciansky kraj, nove mesto nad vahom",27
87740,1,1,"presovsky kraj, humenne",0
87742,0,1,"trenciansky kraj, trencin",0
87744,1,1,"presovsky kraj, snina",18
87745,0,0,"banskobystricky kraj, filakovo",11
87746,1,0,"presovsky kraj, presov",16
87747,0,1,"presovsky kraj, bardejov",20
87748,1,1,"zahranicie, zahranicie - gb",0
87749,1,1,"trenciansky kraj, myjava",13
87750,0,1,"zahranicie, zahranicie - usa",0
87751,1,0,"trenciansky kraj, puchov",18
87752,1,0,"kosicky kraj, roznava",0
87754,1,0,"zilinsky kraj, trstena",0
87756,1,0,"presovsky kraj, humenne",0
87757,0,1,"zahranicie, zahranicie - gb",0
87760,1,0,"banskobystricky kraj, sliac",0
87762,0,0,"trenciansky kraj, trencin",0
87764,0,0,"zahranicie, zahranicie - usa",0
87766,0,0,"trnavsky kraj, piestany",0
87768,0,1,"kosicky kraj, kosice - zapad",20
87784,0,0,"presovsky kraj, bardejov",11
87785,1,0,"presovsky kraj, bardejov",0
87786,1,0,"presovsky kraj, bardejov",25
87787,1,0,"presovsky kraj, bardejov",11
87788,0,0,"kosicky kraj, kosice - zapad",16
87789,1,0,"presovsky kraj, bardejov",13
87790,1,0,"presovsky kraj, bardejov",13
87791,1,1,"presovsky kraj, bardejov",10
87792,1,1,"presovsky kraj, bardejov",11
87793,0,0,"presovsky kraj, bardejov",21
87794,1,0,"kosicky kraj, michalovce",0
87972,0,1,"presovsky kraj, bardejov",16
87973,1,0,"presovsky kraj, bardejov",15
87974,0,0,"presovsky kraj, bardejov",17
87997,0,0,"nitriansky kraj, nitra",0
87998,1,0,"bratislavsky kraj, pezinok",15
88000,1,0,"banskobystricky kraj, velky krtis",0
88001,1,0,"banskobystricky kraj, banska bystrica",0
88002,1,1,"nitriansky kraj, nitra",0
88003,1,0,"zahranicie, zahranicie - ostatne",0
88004,1,1,"kosicky kraj, michalovce",14
88005,1,0,"presovsky kraj, spisska bela",10
88006,1,0,"trenciansky kraj, puchov",10
88008,1,1,"presovsky kraj, lipany",0
88009,0,1,"banskobystricky kraj, ziar nad hronom",0
88010,1,1,"nitriansky kraj, nove zamky",0
88011,0,0,"trnavsky kraj, hlohovec",14
88012,1,1,"trnavsky kraj, holic",20
88013,1,0,"kosicky kraj, kosice - okolie",0
88014,0,0,"trenciansky kraj, novaky",12
88015,1,0,"presovsky kraj, humenne",0
88016,0,0,"kosicky kraj, kosice - okolie",0
88017,1,0,"banskobystricky kraj, banska bystrica",0
88018,1,1,"trnavsky kraj, galanta",0
88023,1,1,"banskobystricky kraj, brezno",0
88054,1,0,"presovsky kraj, lipany",23
88055,0,1,"presovsky kraj, bardejov",16
88056,1,0,"zahranicie, zahranicie - ostatne",19
88057,1,0,"banskobystricky kraj, revuca",0
88058,0,0,"presovsky kraj, bardejov",17
88059,0,0,"zahranicie, zahranicie - australia",16
88060,1,0,"presovsky kraj, bardejov",17
88061,1,1,"presovsky kraj, bardejov",35
88062,1,0,"presovsky kraj, bardejov",0
88063,1,0,"zahranicie, zahranicie - gb",37
88064,0,0,"zahranicie, zahranicie - usa",0
88065,0,0,"zahranicie, zahranicie - gb",22
88066,1,0,"presovsky kraj, bardejov",11
88067,1,1,"presovsky kraj, bardejov",0
88068,0,1,"zahranicie, zahranicie - usa",0
88069,0,0,"presovsky kraj, bardejov",0
88070,0,0,"presovsky kraj, bardejov",18
88071,1,1,"presovsky kraj, bardejov",16
88072,1,1,"presovsky kraj, bardejov",0
88132,1,1,"banskobystricky kraj, brezno",18
88133,0,1,"banskobystricky kraj, brezno",0
88146,0,0,"presovsky kraj, bardejov",0
88147,1,0,"presovsky kraj, bardejov",0
88148,1,0,"presovsky kraj, bardejov",17
88149,1,0,"presovsky kraj, bardejov",17
88150,1,0,"presovsky kraj, bardejov",21
88151,1,0,"presovsky kraj, bardejov",17
88153,1,0,"presovsky kraj, bardejov",0
88154,0,0,"presovsky kraj, bardejov",31
88155,0,0,"presovsky kraj, bardejov",0
88156,0,0,"presovsky kraj, bardejov",17
88158,1,0,"presovsky kraj, bardejov",0
88159,1,0,"presovsky kraj, bardejov",21
88160,1,1,"presovsky kraj, bardejov",21
88161,1,0,"presovsky kraj, bardejov",23
88162,1,0,"bratislavsky kraj, bratislava - stare mesto",0
88163,1,1,"presovsky kraj, bardejov",19
88176,0,1,"ceska republika, cz - ostravsky kraj",0
88177,1,1,"banskobystricky kraj, brezno",16
88200,0,0,"zilinsky kraj, namestovo",17
88218,1,1,"zilinsky kraj, namestovo",0
88231,0,1,"kosicky kraj, kosice - sidlisko tahanovce",13
88232,1,0,"kosicky kraj, kosice - stare mesto",12
88233,1,1,"presovsky kraj, spisska bela",13
88234,1,0,"kosicky kraj, michalovce",0
88235,1,0,"zahranicie, zahranicie - ostatne",0
88236,1,0,"banskobystricky kraj, ziar nad hronom",12
88237,1,0,"kosicky kraj, kosice - dargovskych hrdinov",0
88238,1,0,"bratislavsky kraj, bratislava - raca",21
88239,1,0,"kosicky kraj, spisska nova ves",0
88240,0,0,"presovsky kraj, poprad",14
88241,1,0,"banskobystricky kraj, ziar nad hronom",12
88242,0,1,"presovsky kraj, presov",13
88243,1,1,"presovsky kraj, vranov nad toplou",0
88244,1,0,"trenciansky kraj, nove mesto nad vahom",15
88245,1,1,"trnavsky kraj, trnava",0
88246,1,1,"trenciansky kraj, dubnica nad vahom",19
88247,1,0,"kosicky kraj, michalovce",0
88248,1,1,"trenciansky kraj, partizanske",0
88339,1,0,"presovsky kraj, bardejov",21
88340,1,0,"presovsky kraj, bardejov",18
88342,1,0,"presovsky kraj, bardejov",23
88344,1,1,"presovsky kraj, bardejov",17
88345,1,1,"zahranicie, zahranicie - ostatne",25
88346,1,0,"presovsky kraj, bardejov",42
88347,1,0,"presovsky kraj, bardejov",0
88348,1,1,"presovsky kraj, vranov nad toplou",21
88349,1,0,"presovsky kraj, bardejov",17
88350,0,0,"presovsky kraj, bardejov",14
88351,0,0,"presovsky kraj, bardejov",18
88468,1,0,"zilinsky kraj, zilina",0
88520,1,1,"trnavsky kraj, skalica",0
88568,1,0,"bratislavsky kraj, senec",18
88633,1,1,"zilinsky kraj, cadca",17
88634,1,0,"zilinsky kraj, kysucke nove mesto",11
88679,0,1,"banskobystricky kraj, brezno",34
88681,0,1,"kosicky kraj, kosice - dargovskych hrdinov",13
88682,0,1,"bratislavsky kraj, bratislava - dubravka",0
88683,1,0,"presovsky kraj, presov",0
88684,0,0,"kosicky kraj, roznava",15
88685,1,0,"trnavsky kraj, galanta",0
88686,1,0,"zilinsky kraj, zilina",0
88687,1,1,"presovsky kraj, vranov nad toplou",0
88688,1,0,"kosicky kraj, trebisov",14
88689,1,1,"trenciansky kraj, puchov",0
88690,0,0,"trnavsky kraj, trnava",0
88691,1,1,"presovsky kraj, humenne",14
88692,1,1,"banskobystricky kraj, rimavska sobota",0
88693,1,1,"trenciansky kraj, prievidza",12
88694,1,1,"nitriansky kraj, zlate moravce",0
88695,1,1,"zilinsky kraj, martin",16
88696,1,0,"trnavsky kraj, trnava",0
88697,1,0,"zahranicie, zahranicie - ostatne",16
88708,1,1,"trnavsky kraj, piestany",21
88853,1,1,"zahranicie, zahranicie - gb",0
88881,1,1,"bratislavsky kraj, bratislava - petrzalka",17
88882,1,1,"trenciansky kraj, trencin",22
88883,1,0,"nitriansky kraj, levice",0
88884,1,0,"trenciansky kraj, dubnica nad vahom",13
88885,0,0,"zilinsky kraj, zilina",0
88886,1,1,"zilinsky kraj, martin",0
88887,0,1,"kosicky kraj, kosice - saca",16
88888,0,1,"trenciansky kraj, partizanske",0
88889,0,0,"kosicky kraj, kosice - sidlisko tahanovce",0
88890,0,0,"banskobystricky kraj, lucenec",0
88891,1,0,"trnavsky kraj, vrbove",16
88892,1,0,"presovsky kraj, poprad",13
88893,0,0,"nitriansky kraj, nove zamky",14
88895,0,0,"trenciansky kraj, povazska bystrica",0
88896,1,0,"zahranicie, zahranicie - ostatne",0
88897,1,0,"banskobystricky kraj, detva",11
88898,1,1,"kosicky kraj, kosice - okolie",0
88899,0,0,"zahranicie, zahranicie - usa",0
88953,1,1,"presovsky kraj, humenne",16
88967,0,1,"presovsky kraj, humenne",12
89032,0,0,"nitriansky kraj, nitra",18
89067,1,1,"banskobystricky kraj, detva",18
89083,0,0,"nitriansky kraj, zeliezovce",0
89084,1,0,"bratislavsky kraj, bratislava - nove mesto",13
89085,0,0,"zilinsky kraj, dolny kubin",17
89086,1,0,"zilinsky kraj, rajec",0
89087,1,1,"kosicky kraj, roznava",0
89088,0,0,"zahranicie, zahranicie - gb",17
89089,0,0,"presovsky kraj, humenne",0
89090,1,1,"nitriansky kraj, komarno",15
89091,0,1,"zahranicie, zahranicie - usa",0
89092,1,1,"kosicky kraj, spisska nova ves",0
89093,1,0,"zahranicie, zahranicie - usa",0
89094,1,0,"presovsky kraj, presov",16
89095,0,1,"kosicky kraj, kosice - okolie",0
89096,1,1,"presovsky kraj, vranov nad toplou",0
89097,1,0,"trenciansky kraj, trencin",13
89098,1,1,"presovsky kraj, poprad",0
89339,0,0,"zilinsky kraj, zilina",0
89341,0,1,"zilinsky kraj, namestovo",19
89342,0,0,"kosicky kraj, kosice - sever",0
89343,1,0,"zilinsky kraj, namestovo",13
89344,1,0,"bratislavsky kraj, bratislava - dubravka",13
89345,1,0,"banskobystricky kraj, banska stiavnica",0
89346,1,0,"kosicky kraj, kosice - okolie",15
89347,0,0,"presovsky kraj, humenne",0
89349,1,0,"trenciansky kraj, trencin",0
89350,1,0,"presovsky kraj, humenne",13
89351,1,0,"nitriansky kraj, komarno",0
89352,1,1,"zilinsky kraj, martin",15
89354,0,1,"presovsky kraj, vranov nad toplou",0
89355,1,1,"presovsky kraj, presov",18
89356,1,0,"banskobystricky kraj, banska bystrica",0
89357,1,0,"zilinsky kraj, liptovsky hradok",0
89358,0,1,"trenciansky kraj, povazska bystrica",0
89374,1,0,"trenciansky kraj, banovce nad bebravou",8
89408,1,0,"zilinsky kraj, martin",0
89433,0,1,"zilinsky kraj, dolny kubin",21
89434,0,0,"zilinsky kraj, martin",17
89447,1,0,"bratislavsky kraj, bratislava - nove mesto",23
89514,1,1,"banskobystricky kraj, brezno",21
89518,0,1,"kosicky kraj, kosice - zapad",22
89655,1,0,"nitriansky kraj, zlate moravce",12
89656,1,1,"trnavsky kraj, trnava",0
89657,0,1,"trenciansky kraj, nove mesto nad vahom",0
89658,1,1,"trnavsky kraj, trnava",13
89659,0,1,"kosicky kraj, spisska nova ves",0
89660,1,0,"kosicky kraj, kosice - dargovskych hrdinov",15
89662,1,1,"presovsky kraj, hanusovce nad toplou",0
89664,1,0,"presovsky kraj, presov",19
89666,1,1,"trnavsky kraj, trnava",12
89667,0,0,"zilinsky kraj, martin",0
89668,1,0,"kosicky kraj, kosice - okolie",14
89670,1,0,"banskobystricky kraj, tornala",16
89672,0,0,"zilinsky kraj, zilina",13
89673,1,1,"trnavsky kraj, trnava",13
89675,1,0,"zilinsky kraj, dolny kubin",0
89677,1,0,"kosicky kraj, kosice - zapad",14
89679,1,1,"banskobystricky kraj, brezno",14
89746,0,0,"zilinsky kraj, turzovka",15
89772,0,0,"zilinsky kraj, zilina",0
89773,1,1,"zahranicie, zahranicie - usa",0
89774,0,0,"trnavsky kraj, sered",0
89775,1,0,"presovsky kraj, presov",14
89776,0,0,"trenciansky kraj, dubnica nad vahom",0
89777,1,0,"kosicky kraj, kosice - zapad",0
89778,1,0,"zilinsky kraj, liptovsky hradok",15
89780,1,1,"kosicky kraj, michalovce",0
89781,1,0,"bratislavsky kraj, bratislava - okolie",15
89782,1,0,"presovsky kraj, poprad",15
89783,1,0,"zilinsky kraj, tvrdosin",0
89785,1,1,"kosicky kraj, kosice - stare mesto",0
89787,0,0,"presovsky kraj, bardejov",0
89788,0,0,"trnavsky kraj, trnava",11
89790,1,1,"presovsky kraj, poprad",0
89870,1,1,"trenciansky kraj, prievidza",18
89871,1,1,"zilinsky kraj, namestovo",19
89875,1,0,"zilinsky kraj, namestovo",0
89882,0,0,"zilinsky kraj, namestovo",19
89884,1,1,"zilinsky kraj, ruzomberok",0
89902,1,0,"trnavsky kraj, trnava",0
89934,1,0,"trnavsky kraj, galanta",0
89945,1,0,"zilinsky kraj, namestovo",0
89971,1,1,"kosicky kraj, kosice - okolie",0
89972,1,0,"banskobystricky kraj, velky krtis",11
89973,1,0,"kosicky kraj, kosice - okolie",0
89974,1,1,"trnavsky kraj, vrbove",0
89975,1,0,"nitriansky kraj, nitra",8
89976,0,0,"nitriansky kraj, levice",0
89977,0,1,"zilinsky kraj, trstena",0
89978,0,1,"presovsky kraj, kezmarok",15
89979,1,0,"trnavsky kraj, senica",0
89980,1,0,"kosicky kraj, kosice - okolie",0
89981,0,0,"trnavsky kraj, galanta",0
89982,1,0,"kosicky kraj, kosice - okolie",0
89983,1,1,"presovsky kraj, medzilaborce",0
89984,1,1,"trenciansky kraj, handlova",14
89985,0,0,"presovsky kraj, levoca",15
89986,0,1,"trenciansky kraj, nove mesto nad vahom",15
89987,1,0,"bratislavsky kraj, bratislava - petrzalka",13
90108,1,1,"zilinsky kraj, namestovo",19
90109,1,0,"zilinsky kraj, namestovo",18
90111,1,1,"zilinsky kraj, namestovo",0
90115,1,1,"zilinsky kraj, namestovo",21
90116,1,0,"zilinsky kraj, namestovo",0
90163,1,0,"banskobystricky kraj, velky krtis",0
90200,0,0,"nitriansky kraj, surany",0
90220,0,0,"trnavsky kraj, piestany",0
90249,1,1,"banskobystricky kraj, lucenec",14
90275,1,0,"zilinsky kraj, namestovo",18
90279,1,0,"zilinsky kraj, namestovo",0
90280,1,0,"nitriansky kraj, komarno",20
90281,1,1,"zilinsky kraj, namestovo",0
90312,1,0,"banskobystricky kraj, detva",11
90313,1,1,"zilinsky kraj, ruzomberok",0
90314,1,0,"trenciansky kraj, prievidza",0
90315,0,0,"zahranicie, zahranicie - usa",0
90316,1,0,"zahranicie, zahranicie - usa",0
90317,1,1,"trnavsky kraj, piestany",0
90318,1,0,"trnavsky kraj, holic",0
90319,1,1,"trnavsky kraj, trnava",0
90320,1,0,"trenciansky kraj, prievidza",14
90321,1,1,"kosicky kraj, kosice - zapad",14
90322,1,0,"presovsky kraj, humenne",0
90323,1,1,"banskobystricky kraj, krupina",0
90324,1,1,"kosicky kraj, kosice - okolie",0
90325,0,0,"banskobystricky kraj, banska bystrica",0
90326,0,1,"kosicky kraj, kosice - zapad",0
90327,1,0,"banskobystricky kraj, poltar",0
90328,0,0,"zahranicie, zahranicie - usa",13
90329,1,1,"trenciansky kraj, povazska bystrica",13
90330,0,0,"trnavsky kraj, sered",0
90413,0,0,"nitriansky kraj, surany",14
90424,1,1,"zilinsky kraj, namestovo",19
90429,1,1,"zilinsky kraj, namestovo",0
90437,1,1,"zilinsky kraj, namestovo",20
90462,1,1,"zilinsky kraj, cadca",24
90479,1,0,"trnavsky kraj, trnava",0
90492,1,1,"trnavsky kraj, trnava",0
90493,0,1,"trenciansky kraj, handlova",26
90494,0,0,"kosicky kraj, kosice - zapad",0
90495,1,1,"trnavsky kraj, trnava",12
90496,1,1,"trenciansky kraj, handlova",0
90497,1,1,"trenciansky kraj, prievidza",0
90498,1,1,"banskobystricky kraj, zvolen",15
90499,0,0,"presovsky kraj, stara lubovna",16
90500,1,1,"banskobystricky kraj, banska bystrica",15
90501,1,0,"zilinsky kraj, bytca",14
90502,0,0,"kosicky kraj, kosice - dargovskych hrdinov",16
90503,0,0,"presovsky kraj, humenne",0
90504,0,0,"presovsky kraj, humenne",0
90506,0,1,"presovsky kraj, presov",0
90508,0,1,"ceska republika, cz - praha",0
90510,1,1,"banskobystricky kraj, rimavska sobota",12
90511,1,0,"bratislavsky kraj, bratislava - devinska nova ves",15
90513,1,0,"zilinsky kraj, dolny kubin",0
90515,0,0,"presovsky kraj, humenne",0
90516,1,1,"kosicky kraj, sobrance",0
90603,0,0,"trenciansky kraj, nove mesto nad vahom",0
90641,1,1,"zilinsky kraj, rajecke teplice",19
90644,0,1,"zilinsky kraj, dolny kubin",20
90648,1,1,"zahranicie, zahranicie - australia",0
90650,0,0,"trenciansky kraj, brezova pod bradlom",16
90651,0,0,"nitriansky kraj, nove zamky",21
90656,1,0,"trnavsky kraj, senica",0
90658,1,0,"presovsky kraj, presov",0
90660,0,0,"trnavsky kraj, dunajska streda",0
90661,1,1,"trnavsky kraj, leopoldov",13
90662,1,0,"trnavsky kraj, leopoldov",0
90664,1,1,"banskobystricky kraj, zvolen",0
90665,1,0,"presovsky kraj, stara lubovna",20
90667,1,1,"kosicky kraj, kosice - dargovskych hrdinov",0
90668,1,1,"nitriansky kraj, levice",0
90670,1,1,"presovsky kraj, poprad",14
90672,1,1,"trenciansky kraj, nova dubnica",0
90673,1,1,"presovsky kraj, stara lubovna",0
90674,1,1,"zilinsky kraj, martin",11
90675,1,0,"bratislavsky kraj, bratislava - nove mesto",0
90676,1,0,"presovsky kraj, poprad",12
90678,0,0,"trenciansky kraj, myjava",0
90680,1,0,"zilinsky kraj, martin",11
90682,1,0,"nitriansky kraj, sala",18
90700,0,0,"bratislavsky kraj, modra",0
90781,1,0,"trenciansky kraj, myjava",0
90787,1,0,"zahranicie, zahranicie - usa",15
90814,0,0,"zilinsky kraj, cadca",21
90876,1,0,"nitriansky kraj, sala",0
90929,0,0,"trenciansky kraj, trencin",0
90930,0,0,"banskobystricky kraj, brezno",13
90931,1,1,"nitriansky kraj, sala",11
90932,1,1,"presovsky kraj, humenne",0
90933,0,1,"kosicky kraj, kosice - stare mesto",18
90934,1,0,"kosicky kraj, spisska nova ves",0
90935,0,1,"banskobystricky kraj, sliac",0
90936,1,1,"kosicky kraj, sobrance",0
90937,0,0,"nitriansky kraj, nitra",0
90938,0,0,"banskobystricky kraj, revuca",0
90939,1,1,"zilinsky kraj, liptovsky mikulas",0
90940,1,1,"banskobystricky kraj, lucenec",15
90941,1,1,"trenciansky kraj, prievidza",0
90942,1,1,"trenciansky kraj, ilava",0
90943,0,0,"banskobystricky kraj, banska bystrica",17
90944,1,0,"bratislavsky kraj, bratislava - petrzalka",0
90945,1,1,"zahranicie, zahranicie - kanada",0
91025,1,1,"trnavsky kraj, senica",17
91032,0,0,"banskobystricky kraj, banska bystrica",0
91033,0,1,"zilinsky kraj, cadca",11
91035,1,1,"banskobystricky kraj, banska bystrica",12
91036,0,0,"banskobystricky kraj, lucenec",0
91037,0,0,"trnavsky kraj, piestany",0
91038,1,1,"zilinsky kraj, zilina",0
91039,1,1,"bratislavsky kraj, bratislava - petrzalka",15
91040,1,1,"banskobystricky kraj, hrinova",0
91041,1,0,"trenciansky kraj, prievidza",0
91042,0,1,"kosicky kraj, kosice - okolie",7
91043,1,1,"trnavsky kraj, skalica",0
91044,1,0,"trnavsky kraj, hlohovec",0
91045,1,1,"bratislavsky kraj, bratislava - dubravka",16
91046,0,0,"trenciansky kraj, povazska bystrica",0
91047,1,1,"kosicky kraj, kosice - okolie",16
91048,0,1,"kosicky kraj, michalovce",0
91049,1,0,"presovsky kraj, humenne",13
91050,0,0,"kosicky kraj, kosice - okolie",14
91051,1,1,"trenciansky kraj, handlova",0
91052,1,0,"trenciansky kraj, nova dubnica",0
91075,1,1,"nitriansky kraj, nitra",0
91076,1,1,"zilinsky kraj, namestovo",0
91126,1,0,"trnavsky kraj, trnava",15
91171,1,1,"presovsky kraj, poprad",0
91209,1,1,"banskobystricky kraj, rimavska sobota",13
91246,1,1,"presovsky kraj, kezmarok",0
91247,1,1,"trenciansky kraj, trencin",18
91248,1,0,"trenciansky kraj, prievidza",12
91249,0,1,"trnavsky kraj, hlohovec",0
91250,1,1,"kosicky kraj, kosice - barca",12
91251,0,0,"zahranicie, zahranicie - francuzsko",16
91252,0,0,"banskobystricky kraj, hnusta",13
91253,1,0,"nitriansky kraj, nitra",0
91254,0,0,"nitriansky kraj, nove zamky",16
91255,0,1,"kosicky kraj, kosice - sidlisko tahanovce",0
91256,1,1,"banskobystricky kraj, sliac",0
91257,1,0,"bratislavsky kraj, pezinok",0
91258,1,1,"trnavsky kraj, trnava",12
91259,1,0,"bratislavsky kraj, bratislava - petrzalka",0
91260,1,1,"kosicky kraj, spisska nova ves",12
91261,1,1,"kosicky kraj, kosice - zapad",0
91262,1,0,"zilinsky kraj, liptovsky mikulas",0
91263,1,1,"zilinsky kraj, trstena",32
91269,1,1,"trenciansky kraj, trencin",19
91398,0,0,"presovsky kraj, poprad",0
91399,1,0,"trnavsky kraj, trnava",12
91400,1,0,"presovsky kraj, humenne",0
91401,0,1,"bratislavsky kraj, bratislava - vrakuna",0
91402,0,1,"banskobystricky kraj, banska bystrica",0
91403,0,0,"banskobystricky kraj, detva",0
91404,1,1,"presovsky kraj, spisska stara ves",0
91405,1,0,"zilinsky kraj, dolny kubin",11
91406,1,1,"trenciansky kraj, bojnice",20
91407,1,0,"zilinsky kraj, kysucke nove mesto",14
91408,1,1,"banskobystricky kraj, zvolen",0
91410,1,1,"trenciansky kraj, trencin",14
91411,0,1,"trenciansky kraj, puchov",16
91413,0,1,"bratislavsky kraj, malacky",0
91415,1,1,"kosicky kraj, kosice - saca",16
91417,1,1,"zilinsky kraj, tvrdosin",12
91419,0,0,"trnavsky kraj, trnava",0
91420,0,0,"kosicky kraj, kosice - okolie",15
91421,1,1,"bratislavsky kraj, bratislava - ruzinov",15
91422,1,0,"kosicky kraj, michalovce",0
91445,1,1,"zilinsky kraj, namestovo",0
91469,1,1,"zilinsky kraj, cadca",24
91495,1,1,"zilinsky kraj, zilina",22
91500,1,1,"banskobystricky kraj, lucenec",14
91610,0,0,"trnavsky kraj, piestany",0
91620,1,1,"zilinsky kraj, cadca",25
91653,0,0,"banskobystricky kraj, revuca",15
91654,1,0,"bratislavsky kraj, malacky",15
91655,1,0,"kosicky kraj, trebisov",13
91656,1,0,"kosicky kraj, spisska nova ves",0
91657,0,0,"bratislavsky kraj, bratislava - stare mesto",0
91658,1,1,"zahranicie, zahranicie - usa",0
91659,0,0,"banskobystricky kraj, brezno",0
91660,0,0,"zahranicie, zahranicie - usa",0
91667,1,0,"zilinsky kraj, cadca",0
91706,1,1,"kosicky kraj, kosice - sidlisko tahanovce",0
91707,1,0,"presovsky kraj, presov",0
91708,1,0,"trenciansky kraj, trencin",13
91709,1,1,"zilinsky kraj, martin",0
91710,1,1,"zahranicie, zahranicie - nemecko",0
91711,1,0,"kosicky kraj, kosice - okolie",0
91712,1,0,"kosicky kraj, kosice - okolie",17
91713,1,1,"trnavsky kraj, trnava",11
91714,1,1,"zilinsky kraj, liptovsky mikulas",17
91735,0,0,"nitriansky kraj, levice",0
91741,1,0,"banskobystricky kraj, brezno",0
91762,0,0,"banskobystricky kraj, brezno",0
91781,1,0,"kosicky kraj, trebisov",20
91800,0,0,"trnavsky kraj, holic",0
91810,1,1,"trnavsky kraj, trnava",0
91848,1,0,"bratislavsky kraj, bratislava - petrzalka",0
91904,1,0,"kosicky kraj, kosice - zapad",14
91905,1,1,"nitriansky kraj, nitra",20
91906,1,0,"trenciansky kraj, puchov",16
91907,0,0,"zilinsky kraj, martin",0
91908,1,0,"trnavsky kraj, piestany",0
91909,1,0,"trnavsky kraj, trnava",14
91910,1,1,"zilinsky kraj, ruzomberok",0
91911,1,1,"banskobystricky kraj, rimavska sobota",14
91912,1,0,"nitriansky kraj, komarno",0
91913,1,0,"nitriansky kraj, kolarovo",0
91914,0,0,"zilinsky kraj, namestovo",0
91915,1,0,"trnavsky kraj, leopoldov",0
91916,0,0,"presovsky kraj, presov",0
91917,0,0,"presovsky kraj, sabinov",0
91918,1,1,"kosicky kraj, kosice - okolie",0
91919,1,0,"banskobystricky kraj, poltar",15
91920,0,0,"presovsky kraj, humenne",16
91987,1,0,"zahranicie, zahranicie - kanada",19
92047,1,0,"banskobystricky kraj, rimavska sobota",13
92079,0,1,"bratislavsky kraj, bratislava - okolie",0
92080,1,0,"trenciansky kraj, novaky",12
92081,0,0,"presovsky kraj, sabinov",0
92082,1,1,"zilinsky kraj, cadca",0
92083,1,1,"trenciansky kraj, partizanske",0
92084,1,0,"presovsky kraj, presov",0
92085,1,0,"banskobystricky kraj, detva",14
92086,1,0,"zilinsky kraj, bytca",12
92087,1,0,"zilinsky kraj, dolny kubin",0
92088,1,1,"trenciansky kraj, puchov",12
92089,0,1,"kosicky kraj, spisska nova ves",0
92090,0,0,"presovsky kraj, presov",16
92091,1,0,"zilinsky kraj, trstena",17
92092,1,1,"kosicky kraj, michalovce",0
92093,1,0,"bratislavsky kraj, modra",0
92094,0,0,"banskobystricky kraj, ziar nad hronom",17
92095,1,0,"trenciansky kraj, banovce nad bebravou",17
92096,0,1,"presovsky kraj, bardejov",0
92133,1,0,"banskobystricky kraj, brezno",13
92224,0,1,"banskobystricky kraj, lucenec",0
92298,1,1,"presovsky kraj, poprad",0
92316,0,1,"banskobystricky kraj, banska bystrica",0
92359,1,0,"trnavsky kraj, trnava",23
92470,1,0,"presovsky kraj, poprad",0
92477,0,1,"zilinsky kraj, namestovo",19
92479,1,1,"zilinsky kraj, tvrdosin",20
92483,1,0,"zilinsky kraj, ruzomberok",19
92503,1,0,"trnavsky kraj, trnava",0
92519,0,1,"zilinsky kraj, namestovo",0
92521,0,1,"zilinsky kraj, namestovo",0
92522,0,1,"zilinsky kraj, namestovo",19
92526,1,0,"zilinsky kraj, namestovo",19
92528,0,1,"zilinsky kraj, namestovo",19
92529,1,1,"zilinsky kraj, namestovo",19
92533,0,1,"zilinsky kraj, namestovo",19
92546,1,0,"trnavsky kraj, trnava",0
92551,1,1,"trnavsky kraj, trnava",18
92582,0,1,"zilinsky kraj, namestovo",22
92588,0,0,"trenciansky kraj, trencin",16
92610,0,0,"banskobystricky kraj, brezno",33
92629,1,1,"trnavsky kraj, galanta",15
92630,0,0,"presovsky kraj, presov",0
92631,1,0,"banskobystricky kraj, lucenec",0
92632,1,1,"zilinsky kraj, ruzomberok",0
92633,1,0,"presovsky kraj, bardejov",0
92634,1,1,"nitriansky kraj, nove zamky",12
92635,1,1,"bratislavsky kraj, malacky",0
92636,1,1,"zilinsky kraj, martin",15
92637,0,0,"kosicky kraj, kosice - dargovskych hrdinov",0
92638,1,0,"nitriansky kraj, levice",16
92639,1,0,"nitriansky kraj, nitra",14
92640,1,1,"kosicky kraj, spisska nova ves",0
92641,1,1,"bratislavsky kraj, bratislava - ostatne",0
92642,1,1,"banskobystricky kraj, rimavska sobota",0
92643,1,1,"kosicky kraj, michalovce",0
92644,1,1,"trenciansky kraj, prievidza",0
92645,1,0,"banskobystricky kraj, hnusta",13
92646,1,0,"nitriansky kraj, nitra",0
92647,1,0,"banskobystricky kraj, banska bystrica",15
92778,0,1,"nitriansky kraj, vrable",0
92786,1,0,"bratislavsky kraj, bratislava - karlova ves",21
92798,1,1,"zilinsky kraj, rajec",22
92807,0,1,"trenciansky kraj, dubnica nad vahom",21
92836,1,0,"trnavsky kraj, trnava",0
92842,1,0,"trnavsky kraj, trnava",17
92847,1,0,"nitriansky kraj, nitra",0
92848,1,0,"trenciansky kraj, prievidza",10
92849,0,1,"kosicky kraj, kosice - okolie",0
92850,0,0,"banskobystricky kraj, tornala",14
92851,1,1,"presovsky kraj, presov",14
92852,1,0,"trnavsky kraj, trnava",15
92853,1,0,"presovsky kraj, poprad",12
92854,0,0,"kosicky kraj, michalovce",15
92855,0,0,"zahranicie, zahranicie - kanada",0
92856,0,0,"presovsky kraj, presov",0
92857,1,1,"trenciansky kraj, trencin",0
92858,1,1,"trenciansky kraj, myjava",13
92859,1,0,"presovsky kraj, poprad",16
92860,1,0,"banskobystricky kraj, banska bystrica",0
92861,0,0,"trenciansky kraj, dubnica nad vahom",0
92862,1,0,"banskobystricky kraj, hnusta",17
92863,1,0,"zilinsky kraj, zilina",0
92864,0,0,"zilinsky kraj, cadca",0
92865,1,1,"banskobystricky kraj, detva",0
92866,0,0,"banskobystricky kraj, tornala",16
92925,1,1,"trnavsky kraj, trnava",0
92948,1,0,"trenciansky kraj, nemsova",18
92967,1,1,"trnavsky kraj, trnava",0
93015,1,1,"trnavsky kraj, trnava",18
93064,0,0,"trnavsky kraj, trnava",0
93082,1,1,"zahranicie, zahranicie - kanada",0
93186,1,0,"trnavsky kraj, trnava",16
93206,1,1,"banskobystricky kraj, brezno",25
93218,1,0,"presovsky kraj, poprad",11
93219,1,1,"zilinsky kraj, liptovsky mikulas",0
93220,0,0,"banskobystricky kraj, banska bystrica",0
93221,0,0,"zahranicie, zahranicie - usa",0
93223,1,0,"zahranicie, zahranicie - usa",14
93224,0,0,"trenciansky kraj, dubnica nad vahom",16
93225,1,0,"presovsky kraj, presov",0
93226,1,0,"nitriansky kraj, komarno",12
93227,1,0,"zahranicie, zahranicie - francuzsko",15
93228,0,0,"bratislavsky kraj, senec",0
93229,1,1,"banskobystricky kraj, zvolen",14
93230,0,1,"trenciansky kraj, nove mesto nad vahom",0
93231,0,1,"nitriansky kraj, tlmace",0
93232,1,0,"zilinsky kraj, bytca",0
93233,1,1,"trnavsky kraj, hlohovec",16
93234,1,1,"zilinsky kraj, zilina",0
93235,0,1,"kosicky kraj, kosice - sidlisko tahanovce",17
93236,1,1,"zilinsky kraj, martin",11
93237,1,0,"kosicky kraj, moldava nad bodvou",0
93249,1,1,"trnavsky kraj, trnava",0
93261,1,1,"banskobystricky kraj, brezno",18
93263,0,0,"zilinsky kraj, zilina",0
93285,0,1,"trnavsky kraj, trnava",0
93345,1,1,"banskobystricky kraj, brezno",19
93401,1,0,"bratislavsky kraj, senec",13
93402,1,1,"kosicky kraj, spisska nova ves",0
93403,1,0,"banskobystricky kraj, kremnica",14
93404,1,0,"trnavsky kraj, trnava",0
93405,1,0,"kosicky kraj, spisska nova ves",0
93406,1,1,"kosicky kraj, kosice - sidlisko tahanovce",17
93407,0,0,"nitriansky kraj, nitra",14
93408,1,0,"trnavsky kraj, trnava",0
93409,1,1,"nitriansky kraj, levice",0
93410,1,1,"kosicky kraj, kosice - ostatne",15
93411,1,1,"kosicky kraj, kosice - ostatne",15
93412,1,0,"presovsky kraj, presov",12
93413,1,1,"trnavsky kraj, holic",0
93414,1,1,"trenciansky kraj, trencin",18
93415,1,0,"nitriansky kraj, nitra",0
93416,0,1,"zahranicie, zahranicie - ostatne",15
93428,0,1,"banskobystricky kraj, brezno",19
93513,1,0,"trnavsky kraj, trnava",19
93555,0,0,"zilinsky kraj, namestovo",18
93558,1,0,"zilinsky kraj, trstena",17
93559,1,1,"zilinsky kraj, namestovo",19
93560,1,0,"zilinsky kraj, namestovo",16
93561,1,0,"banskobystricky kraj, zvolen",19
93562,0,0,"zahranicie, zahranicie - ostatne",0
93563,0,0,"zilinsky kraj, namestovo",18
93564,0,0,"trnavsky kraj, trnava",0
93592,0,0,"trenciansky kraj, nove mesto nad vahom",0
93593,1,0,"nitriansky kraj, zlate moravce",0
93595,1,1,"kosicky kraj, kosice - okolie",0
93597,1,0,"nitriansky kraj, nitra",0
93599,0,1,"zahranicie, zahranicie - usa",16
93601,1,0,"trenciansky kraj, trencin",0
93603,0,1,"presovsky kraj, presov",18
93605,1,0,"zilinsky kraj, liptovsky mikulas",12
93607,0,0,"trnavsky kraj, skalica",0
93609,1,1,"zilinsky kraj, cadca",13
93610,0,1,"bratislavsky kraj, bratislava - ostatne",0
93611,1,1,"bratislavsky kraj, bratislava - devinska nova ves",0
93612,0,1,"presovsky kraj, presov",0
93613,0,0,"zahranicie, zahranicie - francuzsko",0
93614,0,0,"banskobystricky kraj, filakovo",0
93615,0,1,"banskobystricky kraj, banska bystrica",23
93616,0,0,"banskobystricky kraj, zvolen",13
93617,1,1,"kosicky kraj, krompachy",21
93618,0,1,"kosicky kraj, spisska nova ves",16
93619,1,0,"zilinsky kraj, zilina",0
93627,0,0,"trnavsky kraj, trnava",0
93678,1,0,"banskobystricky kraj, brezno",0
93708,0,0,"zilinsky kraj, namestovo",15
93709,1,0,"zilinsky kraj, namestovo",16
93710,1,1,"zilinsky kraj, namestovo",22
93711,0,0,"presovsky kraj, bardejov",18
93713,1,1,"zilinsky kraj, namestovo",19
93714,0,1,"zilinsky kraj, namestovo",19
93715,1,0,"zilinsky kraj, namestovo",19
93716,1,0,"zilinsky kraj, namestovo",0
93717,1,0,"zilinsky kraj, namestovo",0
93727,1,0,"trnavsky kraj, hlohovec",0
93732,1,0,"trnavsky kraj, trnava",0
93792,1,1,"zilinsky kraj, namestovo",0
93805,0,1,"banskobystricky kraj, brezno",18
93812,0,0,"zilinsky kraj, namestovo",18
93813,1,1,"zilinsky kraj, namestovo",20
93814,0,0,"zilinsky kraj, namestovo",21
93815,1,1,"zilinsky kraj, zilina",17
93816,0,1,"zilinsky kraj, namestovo",17
93817,0,1,"zilinsky kraj, namestovo",17
93819,0,1,"zilinsky kraj, namestovo",27
93820,0,0,"zilinsky kraj, namestovo",18
93821,1,0,"zilinsky kraj, namestovo",18
93822,1,0,"zilinsky kraj, namestovo",8
93823,0,0,"zilinsky kraj, namestovo",17
93847,1,1,"zilinsky kraj, liptovsky mikulas",19
93868,0,0,"presovsky kraj, giraltovce",17
93869,1,1,"presovsky kraj, humenne",0
93870,1,0,"nitriansky kraj, nove zamky",17
93871,0,0,"presovsky kraj, humenne",0
93872,0,0,"trnavsky kraj, trnava",0
93873,1,1,"zahranicie, zahranicie - ostatne",0
93874,1,1,"zilinsky kraj, martin",0
93875,0,1,"banskobystricky kraj, rimavska sobota",14
93876,0,1,"presovsky kraj, bardejov",0
93877,1,1,"presovsky kraj, bardejov",11
93878,1,1,"zilinsky kraj, martin",0
93879,0,1,"presovsky kraj, hanusovce nad toplou",14
93880,0,0,"zilinsky kraj, namestovo",16
93881,0,0,"trenciansky kraj, prievidza",0
93882,0,0,"zilinsky kraj, namestovo",18
93883,1,1,"presovsky kraj, stropkov",16
93884,1,0,"zilinsky kraj, namestovo",26
93885,1,1,"banskobystricky kraj, lucenec",12
93886,0,0,"zilinsky kraj, namestovo",10
93887,0,0,"zilinsky kraj, dolny kubin",12
93891,0,0,"presovsky kraj, kezmarok",0
93892,0,0,"zilinsky kraj, namestovo",0
93917,1,0,"banskobystricky kraj, brezno",0
93918,1,0,"banskobystricky kraj, brezno",0
93954,1,0,"trnavsky kraj, trnava",20
93982,0,1,"zilinsky kraj, namestovo",18
93983,1,1,"zilinsky kraj, namestovo",18
93985,0,0,"zilinsky kraj, namestovo",18
93986,0,0,"nitriansky kraj, zlate moravce",18
93989,0,0,"trenciansky kraj, prievidza",21
93990,0,0,"nitriansky kraj, nove zamky",16
93997,1,0,"banskobystricky kraj, banska bystrica",0
94013,1,1,"trnavsky kraj, hlohovec",13
94016,1,0,"trnavsky kraj, piestany",0
94057,1,0,"zilinsky kraj, namestovo",19
94061,1,0,"zilinsky kraj, namestovo",16
94064,0,0,"zilinsky kraj, namestovo",0
94071,0,1,"zahranicie, zahranicie - ostatne",20
94073,1,0,"zilinsky kraj, namestovo",18
94074,0,0,"zilinsky kraj, namestovo",0
94075,1,1,"zilinsky kraj, namestovo",0
94076,1,1,"zilinsky kraj, namestovo",0
94078,0,0,"zilinsky kraj, namestovo",19
94080,1,0,"zilinsky kraj, namestovo",17
94081,1,1,"zilinsky kraj, namestovo",0
94082,1,0,"zilinsky kraj, namestovo",0
94083,1,0,"zilinsky kraj, dolny kubin",19
94084,0,0,"zilinsky kraj, namestovo",16
94085,0,0,"zahranicie, zahranicie - nemecko",20
94087,0,1,"zahranicie, zahranicie - kanada",18
94091,0,1,"zilinsky kraj, namestovo",19
94102,1,1,"banskobystricky kraj, brezno",21
94120,0,0,"zilinsky kraj, ruzomberok",0
94123,0,1,"presovsky kraj, bardejov",0
94124,0,0,"zahranicie, zahranicie - usa",17
94126,0,1,"presovsky kraj, poprad",0
94129,0,0,"kosicky kraj, michalovce",0
94130,1,1,"zilinsky kraj, namestovo",0
94131,1,0,"trenciansky kraj, prievidza",0
94133,0,1,"zahranicie, zahranicie - usa",0
94135,1,0,"banskobystricky kraj, rimavska sobota",16
94136,1,1,"zilinsky kraj, tvrdosin",12
94138,1,0,"presovsky kraj, lipany",15
94139,1,0,"banskobystricky kraj, banska bystrica",18
94141,0,0,"kosicky kraj, moldava nad bodvou",0
94142,0,0,"kosicky kraj, gelnica",14
94143,0,1,"kosicky kraj, spisska nova ves",20
94144,0,0,"nitriansky kraj, nove zamky",16
94145,1,0,"banskobystricky kraj, brezno",0
94146,1,1,"banskobystricky kraj, nova bana",0
94150,0,0,"zilinsky kraj, dolny kubin",0
94152,0,1,"zilinsky kraj, martin",20
94153,0,1,"zilinsky kraj, namestovo",18
94154,0,0,"presovsky kraj, lipany",18
94155,1,1,"zilinsky kraj, namestovo",13
94156,1,0,"zilinsky kraj, namestovo",19
94157,0,0,"zilinsky kraj, namestovo",17
94220,1,0,"zilinsky kraj, namestovo",18
94221,1,0,"zilinsky kraj, namestovo",19
94222,0,0,"zilinsky kraj, namestovo",19
94223,1,0,"zilinsky kraj, namestovo",19
94224,1,1,"zilinsky kraj, zilina",0
94228,1,1,"zilinsky kraj, namestovo",0
94229,1,0,"trnavsky kraj, trnava",0
94238,1,1,"zilinsky kraj, namestovo",0
94286,0,1,"kosicky kraj, moldava nad bodvou",0
94312,1,0,"kosicky kraj, spisska nova ves",12
94313,0,0,"trnavsky kraj, trnava",0
94314,1,0,"trnavsky kraj, leopoldov",0
94315,1,1,"presovsky kraj, humenne",22
94316,1,1,"kosicky kraj, kosice - zapad",0
94317,0,0,"nitriansky kraj, nitra",0
94318,0,1,"nitriansky kraj, nitra",0
94319,0,0,"zahranicie, zahranicie - francuzsko",15
94320,1,1,"bratislavsky kraj, malacky",16
94321,1,0,"presovsky kraj, stropkov",0
94322,1,1,"zahranicie, zahranicie - usa",19
94323,0,1,"trnavsky kraj, holic",0
94324,1,1,"bratislavsky kraj, bratislava - okolie",0
94325,0,1,"nitriansky kraj, nitra",0
94326,0,0,"zahranicie, zahranicie - usa",0
94327,0,0,"nitriansky kraj, kolarovo",15
94328,0,0,"zahranicie, zahranicie - ostatne",16
94329,1,0,"zilinsky kraj, ruzomberok",0
94350,1,1,"trnavsky kraj, piestany",17
94355,1,0,"trnavsky kraj, trnava",17
94360,0,1,"banskobystricky kraj, brezno",20
94381,0,0,"trnavsky kraj, trnava",0
94418,1,1,"banskobystricky kraj, banska bystrica",0
94419,1,1,"nitriansky kraj, nitra",15
94420,0,0,"kosicky kraj, michalovce",0
94422,1,1,"bratislavsky kraj, bratislava - petrzalka",0
94424,1,0,"nitriansky kraj, topolcany",0
94426,1,0,"banskobystricky kraj, banska bystrica",12
94427,1,1,"nitriansky kraj, komarno",17
94429,0,0,"zahranicie, zahranicie - usa",15
94431,0,0,"banskobystricky kraj, zvolen",16
94433,1,1,"kosicky kraj, kosice - juh",0
94436,1,0,"nitriansky kraj, nitra",15
94439,0,1,"presovsky kraj, medzilaborce",16
94440,1,1,"bratislavsky kraj, senec",0
94443,0,0,"banskobystricky kraj, poltar",0
94445,1,0,"presovsky kraj, sabinov",15
94447,1,1,"kosicky kraj, kosice - zapad",0
94449,1,1,"banskobystricky kraj, tisovec",0
94450,1,0,"nitriansky kraj, nitra",0
94452,1,0,"presovsky kraj, sabinov",0
94488,0,0,"trenciansky kraj, prievidza",23
94496,1,1,"trenciansky kraj, nemsova",21
94506,1,0,"trnavsky kraj, trnava",14
94566,0,0,"kosicky kraj, kosice - ostatne",0
94646,1,1,"kosicky kraj, kosice - dargovskych hrdinov",14
94648,1,0,"presovsky kraj, presov",17
94650,1,1,"banskobystricky kraj, ziar nad hronom",16
94652,0,0,"trenciansky kraj, trencin",29
94654,1,0,"nitriansky kraj, komarno",14
94655,1,1,"kosicky kraj, moldava nad bodvou",14
94656,0,0,"zilinsky kraj, zilina",0
94659,1,0,"nitriansky kraj, levice",36
94661,1,1,"bratislavsky kraj, senec",0
94664,1,1,"trenciansky kraj, ilava",17
94667,0,0,"zilinsky kraj, dolny kubin",0
94670,1,0,"presovsky kraj, poprad",15
94673,1,0,"banskobystricky kraj, hrinova",11
94674,0,1,"zilinsky kraj, dolny kubin",17
94676,1,0,"presovsky kraj, spisske podhradie",0
94678,1,1,"kosicky kraj, kosice - okolie",0
94679,1,1,"presovsky kraj, humenne",15
94681,1,1,"trnavsky kraj, trnava",0
94682,0,0,"zilinsky kraj, trstena",0
94683,1,0,"kosicky kraj, trebisov",17
94689,0,0,"banskobystricky kraj, brezno",21
94712,1,1,"banskobystricky kraj, banska bystrica",0
94737,0,0,"trnavsky kraj, vrbove",18
94749,1,1,"nitriansky kraj, zlate moravce",22
94782,0,1,"zilinsky kraj, zilina",0
94788,0,0,"trenciansky kraj, prievidza",17
94843,1,1,"zilinsky kraj, namestovo",10
94844,0,0,"zahranicie, zahranicie - ostatne",0
94845,0,0,"zilinsky kraj, dolny kubin",0
94846,1,0,"zilinsky kraj, namestovo",20
94847,0,0,"zilinsky kraj, namestovo",0
94848,1,0,"zilinsky kraj, namestovo",16
94849,0,1,"zilinsky kraj, namestovo",0
94850,1,1,"zahranicie, zahranicie - gb",20
94851,0,0,"zahranicie, zahranicie - ostatne",18
94852,0,1,"zilinsky kraj, namestovo",0
94853,1,1,"zilinsky kraj, namestovo",20
94854,0,1,"zilinsky kraj, namestovo",17
94856,0,1,"zilinsky kraj, namestovo",21
94857,1,0,"zilinsky kraj, namestovo",20
94913,1,1,"zilinsky kraj, namestovo",19
94914,1,1,"ceska republika, cz - pardubicky kraj",0
94915,1,1,"zilinsky kraj, namestovo",0
94916,1,1,"zilinsky kraj, namestovo",24
94917,1,1,"trenciansky kraj, prievidza",18
94954,1,0,"trnavsky kraj, trnava",15
95010,1,1,"zahranicie, zahranicie - kanada",18
95055,1,0,"trenciansky kraj, partizanske",13
95112,1,1,"trnavsky kraj, trnava",0
95117,1,1,"trenciansky kraj, myjava",18
95127,0,0,"banskobystricky kraj, brezno",18
95208,1,1,"trnavsky kraj, trnava",20
95210,1,1,"trnavsky kraj, senica",0
95212,1,1,"zilinsky kraj, namestovo",0
95213,1,0,"banskobystricky kraj, zvolen",0
95215,0,1,"nitriansky kraj, nitra",0
95216,0,1,"nitriansky kraj, levice",0
95217,0,1,"zahranicie, zahranicie - nemecko",0
95220,1,0,"kosicky kraj, kosice - okolie",15
95222,0,1,"presovsky kraj, humenne",12
95224,1,1,"presovsky kraj, levoca",15
95225,1,0,"trnavsky kraj, trnava",17
95227,1,0,"banskobystricky kraj, brezno",0
95228,1,0,"nitriansky kraj, nitra",0
95229,0,0,"trnavsky kraj, senica",15
95230,1,0,"banskobystricky kraj, brezno",0
95231,1,1,"zilinsky kraj, trstena",18
95232,0,1,"nitriansky kraj, nove zamky",0
95233,1,1,"nitriansky kraj, topolcany",14
95234,1,0,"nitriansky kraj, levice",0
95236,1,1,"kosicky kraj, kosice - dargovskych hrdinov",15
95237,1,0,"trnavsky kraj, hlohovec",13
95241,1,0,"banskobystricky kraj, brezno",17
95242,0,1,"banskobystricky kraj, brezno",19
95245,1,1,"trnavsky kraj, sered",19
95289,1,0,"trnavsky kraj, trnava",13
95290,1,0,"banskobystricky kraj, brezno",0
95313,1,1,"trenciansky kraj, ilava",0
95317,1,0,"banskobystricky kraj, rimavska sobota",0
95329,1,1,"banskobystricky kraj, brezno",16
95332,1,0,"banskobystricky kraj, brezno",15
95336,1,0,"trenciansky kraj, dubnica nad vahom",0
95337,1,0,"zahranicie, zahranicie - ostatne",17
95342,1,0,"banskobystricky kraj, brezno",0
95433,1,0,"banskobystricky kraj, brezno",0
95439,1,1,"banskobystricky kraj, brezno",29
95442,1,0,"banskobystricky kraj, brezno",16
95445,1,1,"banskobystricky kraj, brezno",0
95469,1,0,"banskobystricky kraj, brezno",17
95488,1,1,"banskobystricky kraj, brezno",47
95489,1,1,"banskobystricky kraj, brezno",0
95492,1,0,"banskobystricky kraj, brezno",0
95495,1,1,"zilinsky kraj, zilina",20
95533,1,1,"banskobystricky kraj, brezno",0
95536,1,1,"trnavsky kraj, vrbove",16
95537,1,0,"nitriansky kraj, nitra",0
95538,1,1,"trenciansky kraj, trencianske teplice",6
95539,0,0,"presovsky kraj, snina",0
95540,1,0,"trenciansky kraj, trencin",15
95541,0,0,"trenciansky kraj, ilava",0
95542,1,1,"presovsky kraj, poprad",0
95543,1,0,"nitriansky kraj, komarno",0
95544,0,1,"trnavsky kraj, hlohovec",12
95545,1,1,"zahranicie, zahranicie - australia",18
95546,1,1,"trenciansky kraj, prievidza",0
95547,1,0,"bratislavsky kraj, bratislava - ostatne",0
95552,1,1,"banskobystricky kraj, revuca",0
95556,1,0,"presovsky kraj, stara lubovna",18
95569,1,0,"banskobystricky kraj, brezno",0
95571,1,0,"banskobystricky kraj, velky krtis",18
95573,1,0,"banskobystricky kraj, brezno",16
95626,1,0,"banskobystricky kraj, brezno",0
95629,1,1,"banskobystricky kraj, brezno",0
95631,1,1,"banskobystricky kraj, brezno",16
95640,0,0,"trenciansky kraj, nova dubnica",0
95670,0,0,"nitriansky kraj, nitra",0
95685,0,0,"zahranicie, zahranicie - ostatne",18
95692,1,1,"zilinsky kraj, zilina",0
95696,1,0,"trenciansky kraj, trencin",0
95710,1,1,"banskobystricky kraj, brezno",0
95711,1,0,"banskobystricky kraj, brezno",0
95722,0,0,"trenciansky kraj, banovce nad bebravou",18
95723,1,1,"zilinsky kraj, zilina",14
95724,0,0,"nitriansky kraj, nitra",0
95725,1,1,"presovsky kraj, humenne",0
95726,0,1,"kosicky kraj, kosice - okolie",0
95727,1,1,"nitriansky kraj, surany",0
95728,0,0,"nitriansky kraj, levice",0
95729,0,1,"presovsky kraj, stara lubovna",29
95730,0,0,"nitriansky kraj, levice",0
95731,1,1,"banskobystricky kraj, krupina",0
95732,1,0,"trnavsky kraj, sered",0
95733,0,1,"kosicky kraj, kosice - okolie",0
95734,0,0,"trenciansky kraj, povazska bystrica",0
95735,0,1,"trenciansky kraj, handlova",0
95738,1,0,"banskobystricky kraj, velky krtis",18
95739,0,1,"trnavsky kraj, piestany",0
95740,0,1,"presovsky kraj, levoca",17
95765,1,0,"trenciansky kraj, nove mesto nad vahom",0
95811,0,0,"zahranicie, zahranicie - ostatne",17
95813,0,1,"banskobystricky kraj, banska bystrica",0
95831,1,0,"banskobystricky kraj, brezno",0
95834,1,0,"banskobystricky kraj, brezno",0
95847,0,0,"zahranicie, zahranicie - kanada",0
95854,1,1,"banskobystricky kraj, rimavska sobota",13
95857,0,0,"nitriansky kraj, sala",0
95875,1,1,"trnavsky kraj, trnava",0
95876,1,0,"trenciansky kraj, nova dubnica",0
95877,0,0,"trenciansky kraj, trencin",15
95878,1,1,"bratislavsky kraj, bratislava - podunaj. biskupice",12
95879,1,1,"zilinsky kraj, martin",13
95880,1,0,"nitriansky kraj, vrable",15
95881,0,1,"trenciansky kraj, prievidza",16
95882,1,0,"presovsky kraj, poprad",0
95883,1,1,"presovsky kraj, poprad",12
95884,0,1,"kosicky kraj, kosice - stare mesto",19
95885,1,0,"trenciansky kraj, trencin",0
95886,0,0,"nitriansky kraj, nitra",0
95887,0,0,"nitriansky kraj, tlmace",0
95888,1,1,"presovsky kraj, stara lubovna",0
95889,1,0,"zilinsky kraj, namestovo",16
95890,1,1,"banskobystricky kraj, rimavska sobota",12
95891,1,0,"banskobystricky kraj, banska bystrica",0
95892,1,0,"banskobystricky kraj, lucenec",0
95907,0,0,"zilinsky kraj, namestovo",16
95912,1,0,"zilinsky kraj, cadca",19
95959,1,1,"presovsky kraj, presov",14
96014,1,1,"zilinsky kraj, cadca",22
96032,1,1,"banskobystricky kraj, brezno",0
96039,0,0,"banskobystricky kraj, brezno",21
96042,1,1,"kosicky kraj, spisska nova ves",13
96043,0,0,"kosicky kraj, cierna nad tisou",0
96044,1,0,"trenciansky kraj, myjava",15
96045,0,0,"trenciansky kraj, prievidza",12
96046,1,0,"nitriansky kraj, nove zamky",0
96047,1,1,"nitriansky kraj, nitra",14
96048,0,0,"trenciansky kraj, puchov",0
96049,0,1,"kosicky kraj, michalovce",17
96050,0,1,"zahranicie, zahranicie - ostatne",0
96051,1,0,"zilinsky kraj, bytca",18
96052,0,0,"trenciansky kraj, trencin",16
96053,0,1,"kosicky kraj, moldava nad bodvou",0
96054,0,0,"zahranicie, zahranicie - ostatne",15
96055,1,0,"zahranicie, zahranicie - gb",11
96056,1,0,"kosicky kraj, kosice - sidlisko tahanovce",0
96057,0,1,"nitriansky kraj, surany",14
96060,1,0,"zilinsky kraj, martin",0
96094,1,1,"banskobystricky kraj, banska bystrica",19
96096,0,1,"banskobystricky kraj, zarnovica",20
96137,0,1,"nitriansky kraj, nove zamky",14
96202,0,1,"bratislavsky kraj, senec",19
96204,0,0,"zahranicie, zahranicie - australia",21
96231,0,0,"banskobystricky kraj, brezno",17
96244,1,0,"banskobystricky kraj, brezno",15
96256,0,0,"banskobystricky kraj, brezno",15
96258,1,0,"zahranicie, zahranicie - ostatne",0
96298,1,0,"trenciansky kraj, bojnice",11
96299,1,0,"banskobystricky kraj, hnusta",15
96300,0,0,"presovsky kraj, levoca",17
96301,1,0,"presovsky kraj, poprad",12
96302,1,0,"banskobystricky kraj, velky krtis",15
96303,0,1,"nitriansky kraj, surany",0
96304,1,1,"presovsky kraj, poprad",11
96305,1,0,"bratislavsky kraj, bratislava - petrzalka",0
96306,0,1,"kosicky kraj, kosice - okolie",0
96307,1,0,"presovsky kraj, poprad",0
96308,1,1,"presovsky kraj, stropkov",16
96309,1,1,"bratislavsky kraj, bratislava - petrzalka",15
96310,1,1,"nitriansky kraj, nove zamky",18
96311,1,1,"nitriansky kraj, nove zamky",0
96312,0,0,"nitriansky kraj, zlate moravce",0
96313,0,0,"nitriansky kraj, nove zamky",0
96314,1,0,"zilinsky kraj, liptovsky mikulas",0
96317,1,1,"banskobystricky kraj, brezno",20
96328,1,0,"banskobystricky kraj, ziar nad hronom",18
96330,1,0,"nitriansky kraj, topolcany",23
96393,1,1,"zilinsky kraj, namestovo",18
96395,1,1,"zilinsky kraj, namestovo",18
96432,1,1,"zilinsky kraj, namestovo",19
96434,1,1,"zilinsky kraj, namestovo",20
96463,0,1,"banskobystricky kraj, brezno",17
96537,0,1,"kosicky kraj, kosice - okolie",0
96541,0,0,"zahranicie, zahranicie - ostatne",0
96542,1,1,"nitriansky kraj, topolcany",0
96543,0,0,"trenciansky kraj, partizanske",0
96544,0,0,"banskobystricky kraj, ziar nad hronom",0
96545,1,1,"nitriansky kraj, nove zamky",0
96546,1,0,"kosicky kraj, kosice - sidlisko tahanovce",14
96547,0,0,"zahranicie, zahranicie - usa",15
96548,0,0,"nitriansky kraj, hurbanovo",0
96549,1,1,"nitriansky kraj, sala",18
96550,1,1,"nitriansky kraj, nitra",13
96551,1,0,"zilinsky kraj, liptovsky hradok",12
96552,1,0,"banskobystricky kraj, banska bystrica",0
96553,1,0,"presovsky kraj, lipany",0
96554,1,1,"nitriansky kraj, topolcany",0
96555,1,0,"presovsky kraj, medzilaborce",13
96556,1,0,"trnavsky kraj, holic",0
96568,1,0,"banskobystricky kraj, banska bystrica",35
96622,1,1,"nitriansky kraj, topolcany",19
96624,1,1,"trnavsky kraj, trnava",18
96647,1,1,"zilinsky kraj, namestovo",19
96797,1,1,"kosicky kraj, michalovce",0
96798,1,1,"nitriansky kraj, nitra",0
96799,0,0,"banskobystricky kraj, hnusta",0
96800,1,0,"kosicky kraj, spisska nova ves",0
96801,0,1,"presovsky kraj, humenne",21
96802,0,0,"kosicky kraj, kosice - dargovskych hrdinov",0
96803,1,0,"bratislavsky kraj, bratislava - nove mesto",14
96804,0,1,"trenciansky kraj, trencin",13
96805,1,1,"trnavsky kraj, hlohovec",0
96806,1,1,"bratislavsky kraj, malacky",0
96807,1,0,"trenciansky kraj, trencin",0
96808,1,1,"banskobystricky kraj, nova bana",14
96809,1,0,"trenciansky kraj, puchov",15
96810,0,0,"presovsky kraj, presov",0
96811,0,1,"trnavsky kraj, leopoldov",28
96812,0,0,"trenciansky kraj, nove mesto nad vahom",0
96841,1,0,"banskobystricky kraj, banska bystrica",0
96884,1,1,"ceska republika, cz - praha",0
96907,1,0,"trenciansky kraj, prievidza",15
96912,0,0,"banskobystricky kraj, brezno",0
96935,1,0,"trenciansky kraj, puchov",0
96936,1,0,"banskobystricky kraj, zvolen",0
96937,1,0,"banskobystricky kraj, banska bystrica",0
96938,1,0,"zilinsky kraj, rajec",0
96939,1,0,"kosicky kraj, kosice - okolie",0
96940,1,1,"trenciansky kraj, prievidza",16
96941,1,0,"trenciansky kraj, puchov",13
96942,0,0,"trenciansky kraj, nova dubnica",0
96943,0,1,"zahranicie, zahranicie - gb",0
96944,1,0,"presovsky kraj, kezmarok",26
96945,1,1,"presovsky kraj, poprad",0
96946,0,1,"presovsky kraj, presov",23
96947,1,1,"presovsky kraj, kezmarok",13
96948,1,1,"nitriansky kraj, nitra",0
96949,1,1,"trenciansky kraj, prievidza",0
96950,1,1,"nitriansky kraj, topolcany",0
96951,1,0,"nitriansky kraj, nitra",13
96993,0,0,"nitriansky kraj, nitra",0
97023,0,0,"nitriansky kraj, topolcany",24
97051,0,0,"trnavsky kraj, trnava",15
97066,1,1,"banskobystricky kraj, brezno",0
97068,0,1,"banskobystricky kraj, banska bystrica",19
97096,0,0,"banskobystricky kraj, revuca",0
97218,0,0,"banskobystricky kraj, brezno",18
97236,0,0,"zahranicie, zahranicie - francuzsko",0
97247,1,0,"trnavsky kraj, trnava",19
97293,1,0,"kosicky kraj, michalovce",0
97294,1,0,"zahranicie, zahranicie - usa",0
97295,1,0,"trenciansky kraj, partizanske",0
97296,0,0,"trnavsky kraj, piestany",0
97297,1,0,"presovsky kraj, hanusovce nad toplou",0
97299,0,0,"trenciansky kraj, prievidza",0
97301,1,0,"trenciansky kraj, prievidza",0
97303,1,0,"presovsky kraj, stara lubovna",0
97304,1,0,"nitriansky kraj, sala",12
97305,0,0,"presovsky kraj, presov",0
97306,1,0,"banskobystricky kraj, hnusta",11
97307,1,0,"kosicky kraj, spisske vlachy",0
97308,0,1,"trenciansky kraj, trencin",0
97309,1,1,"bratislavsky kraj, malacky",14
97310,1,1,"presovsky kraj, vranov nad toplou",14
97311,1,1,"presovsky kraj, kezmarok",29
97332,0,0,"banskobystricky kraj, brezno",0
97337,1,1,"trnavsky kraj, leopoldov",19
97444,0,0,"kosicky kraj, roznava",17
97472,1,0,"banskobystricky kraj, zvolen",21
97473,1,0,"presovsky kraj, kezmarok",11
97476,0,0,"zahranicie, zahranicie - ostatne",12
97478,1,0,"kosicky kraj, michalovce",0
97479,1,0,"banskobystricky kraj, velky krtis",0
97481,0,1,"kosicky kraj, spisske vlachy",16
97482,0,1,"trnavsky kraj, leopoldov",0
97484,1,0,"trenciansky kraj, myjava",0
97485,1,1,"kosicky kraj, kosice - dargovskych hrdinov",0
97488,1,1,"trenciansky kraj, brezova pod bradlom",0
97492,1,0,"presovsky kraj, humenne",0
97493,0,1,"kosicky kraj, michalovce",111
97494,1,0,"trnavsky kraj, senica",0
97495,0,0,"banskobystricky kraj, krupina",0
97496,0,1,"zilinsky kraj, zilina",0
97498,0,1,"banskobystricky kraj, banska bystrica",0
97499,0,0,"kosicky kraj, kosice - zapad",0
97524,0,1,"zahranicie, zahranicie - ostatne",0
97530,0,0,"zahranicie, zahranicie - usa",19
97561,1,1,"zahranicie, zahranicie - ostatne",23
97580,1,0,"zahranicie, zahranicie - kanada",0
97623,0,0,"banskobystricky kraj, poltar",0
97635,1,0,"kosicky kraj, michalovce",0
97644,0,0,"bratislavsky kraj, pezinok",0
97773,1,1,"trenciansky kraj, banovce nad bebravou",0
97774,1,0,"banskobystricky kraj, zvolen",14
97775,0,1,"presovsky kraj, lipany",19
97777,0,0,"zilinsky kraj, martin",13
97779,1,0,"zilinsky kraj, cadca",14
97780,0,1,"nitriansky kraj, surany",15
97782,1,1,"zilinsky kraj, namestovo",11
97783,1,0,"trenciansky kraj, nemsova",0
97784,0,0,"zilinsky kraj, namestovo",0
97785,1,1,"trenciansky kraj, trencianske teplice",0
97786,0,1,"zahranicie, zahranicie - kanada",0
97788,0,0,"banskobystricky kraj, sliac",15
97789,1,0,"bratislavsky kraj, bratislava - ruzinov",0
97790,0,1,"zahranicie, zahranicie - usa",0
97791,1,1,"kosicky kraj, michalovce",15
97856,1,0,"zilinsky kraj, martin",15
97870,1,0,"zahranicie, zahranicie - ostatne",15
97926,1,0,"presovsky kraj, presov",0
97973,1,0,"bratislavsky kraj, bratislava - stare mesto",0
97974,0,0,"presovsky kraj, poprad",0
97975,1,1,"trnavsky kraj, galanta",0
97976,1,0,"zilinsky kraj, namestovo",0
97977,1,1,"zilinsky kraj, zilina",13
97978,1,0,"trenciansky kraj, trencin",0
97979,1,1,"banskobystricky kraj, sliac",0
97980,0,0,"zilinsky kraj, martin",0
97981,1,0,"kosicky kraj, spisska nova ves",14
97982,0,1,"zahranicie, zahranicie - rakusko",0
97983,0,1,"nitriansky kraj, nitra",0
97984,1,1,"trnavsky kraj, sered",0
97985,0,0,"presovsky kraj, levoca",13
97986,0,0,"presovsky kraj, stropkov",0
97987,1,1,"zahranicie, zahranicie - gb",0
97999,0,0,"banskobystricky kraj, banska bystrica",0
98003,0,1,"nitriansky kraj, zlate moravce",0
98004,0,0,"zahranicie, zahranicie - ostatne",0
98005,1,1,"trnavsky kraj, sered",0
98006,0,1,"kosicky kraj, kosice - dargovskych hrdinov",16
98007,1,1,"nitriansky kraj, topolcany",0
98060,1,1,"zilinsky kraj, ruzomberok",12
98061,1,1,"trenciansky kraj, prievidza",0
98090,0,1,"banskobystricky kraj, banska bystrica",0
98125,1,1,"zilinsky kraj, dolny kubin",11
98126,0,0,"bratislavsky kraj, bratislava - okolie",0
98127,1,1,"nitriansky kraj, nitra",0
98128,0,1,"trenciansky kraj, nova dubnica",23
98130,1,0,"trnavsky kraj, senica",11
98132,1,1,"trnavsky kraj, piestany",13
98133,0,0,"kosicky kraj, kosice - krasna nad hornadom",0
98135,0,0,"presovsky kraj, levoca",15
98136,1,0,"zilinsky kraj, turcianske teplice",19
98137,1,1,"kosicky kraj, michalovce",0
98138,1,1,"presovsky kraj, stara lubovna",0
98139,0,0,"kosicky kraj, kosice - okolie",18
98140,1,1,"trnavsky kraj, sered",0
98141,1,1,"kosicky kraj, moldava nad bodvou",0
98142,0,0,"trnavsky kraj, hlohovec",11
98190,1,0,"trenciansky kraj, prievidza",0
98259,1,1,"banskobystricky kraj, zvolen",15
98393,1,0,"banskobystricky kraj, brezno",16
98412,0,1,"trenciansky kraj, prievidza",15
98414,1,1,"kosicky kraj, spisska nova ves",14
98417,1,1,"banskobystricky kraj, poltar",11
98419,0,0,"zilinsky kraj, dolny kubin",0
98420,1,1,"trnavsky kraj, hlohovec",0
98422,1,0,"trenciansky kraj, dubnica nad vahom",11
98423,1,0,"trnavsky kraj, velky meder",26
98427,1,1,"trnavsky kraj, piestany",14
98429,1,1,"zilinsky kraj, turcianske teplice",12
98432,1,0,"banskobystricky kraj, rimavska sobota",14
98433,1,0,"kosicky kraj, medzev",0
98435,1,1,"bratislavsky kraj, bratislava - okolie",18
98436,1,1,"kosicky kraj, michalovce",0
98438,1,0,"kosicky kraj, krompachy",0
98483,1,1,"banskobystricky kraj, brezno",0
98502,1,1,"trnavsky kraj, trnava",19
98505,0,0,"trnavsky kraj, trnava",18
98567,1,0,"trenciansky kraj, stara tura",19
98577,1,1,"zilinsky kraj, martin",17
98588,0,0,"trenciansky kraj, prievidza",0
98612,1,1,"zilinsky kraj, namestovo",0
98615,1,0,"zilinsky kraj, namestovo",0
98617,1,0,"zilinsky kraj, namestovo",0
98658,1,1,"zahranicie, zahranicie - usa",0
98660,1,1,"presovsky kraj, humenne",0
98661,1,0,"trenciansky kraj, prievidza",15
98662,0,1,"nitriansky kraj, nitra",13
98663,1,1,"zahranicie, zahranicie - usa",0
98664,0,0,"zilinsky kraj, martin",0
98665,1,0,"kosicky kraj, kosice - zapad",0
98666,0,0,"kosicky kraj, kosice - zapad",15
98667,1,1,"kosicky kraj, kosice - okolie",0
98668,1,1,"presovsky kraj, giraltovce",0
98669,1,0,"kosicky kraj, spisska nova ves",14
98670,1,0,"kosicky kraj, spisska nova ves",0
98672,1,0,"kosicky kraj, kosice - dargovskych hrdinov",14
98673,0,1,"zilinsky kraj, ruzomberok",0
98674,1,0,"banskobystricky kraj, rimavska sobota",14
98675,1,1,"zilinsky kraj, ruzomberok",15
98676,1,1,"zilinsky kraj, namestovo",20
98678,1,1,"zilinsky kraj, namestovo",18
98681,1,0,"zilinsky kraj, namestovo",0
98713,1,0,"kosicky kraj, kosice - dargovskych hrdinov",19
98715,1,0,"zilinsky kraj, namestovo",0
98718,1,0,"zahranicie, zahranicie - usa",0
98729,0,0,"banskobystricky kraj, rimavska sobota",0
98739,1,0,"trnavsky kraj, trnava",15
98749,0,0,"presovsky kraj, presov",17
98829,0,1,"nitriansky kraj, zeliezovce",17
98830,1,1,"nitriansky kraj, nitra",12
98831,1,1,"presovsky kraj, presov",0
98832,1,0,"bratislavsky kraj, senec",0
98833,0,0,"ceska republika, cz - ostravsky kraj",0
98834,1,0,"presovsky kraj, kezmarok",15
98835,1,1,"presovsky kraj, bardejov",13
98837,1,1,"nitriansky kraj, vrable",15
98838,0,0,"banskobystricky kraj, banska bystrica",0
98840,1,1,"trenciansky kraj, nova dubnica",0
98841,1,1,"presovsky kraj, poprad",0
98842,0,1,"bratislavsky kraj, bratislava - okolie",0
98844,0,1,"bratislavsky kraj, bratislava - okolie",0
98847,0,0,"presovsky kraj, lipany",0
98850,1,1,"trenciansky kraj, trencin",0
98852,1,0,"trnavsky kraj, piestany",0
98854,1,1,"bratislavsky kraj, bratislava - vrakuna",0
98856,1,0,"nitriansky kraj, nitra",0
98939,1,0,"bratislavsky kraj, bratislava - petrzalka",18
98962,1,1,"kosicky kraj, kosice - zapad",0
98989,0,0,"banskobystricky kraj, brezno",18
99022,0,0,"presovsky kraj, presov",0
99023,1,0,"kosicky kraj, kosice - okolie",15
99024,1,1,"zilinsky kraj, tvrdosin",17
99025,0,1,"zahranicie, zahranicie - usa",0
99026,1,0,"trenciansky kraj, povazska bystrica",17
99027,1,1,"zahranicie, zahranicie - gb",0
99028,1,0,"presovsky kraj, levoca",0
99029,0,0,"zilinsky kraj, trstena",17
99030,0,1,"presovsky kraj, poprad",0
99031,1,1,"bratislavsky kraj, bratislava - vrakuna",0
99032,0,1,"kosicky kraj, kosice - juh",13
99033,1,1,"banskobystricky kraj, banska bystrica",12
99034,0,1,"bratislavsky kraj, senec",16
99035,1,1,"trenciansky kraj, nove mesto nad vahom",14
99036,0,1,"zilinsky kraj, kysucke nove mesto",14
99037,1,0,"bratislavsky kraj, bratislava - okolie",0
99038,1,0,"zilinsky kraj, ruzomberok",0
99102,1,0,"trnavsky kraj, hlohovec",21
99171,1,0,"kosicky kraj, kosice - krasna nad hornadom",0
99173,0,0,"presovsky kraj, poprad",16
99175,1,1,"zilinsky kraj, turcianske teplice",0
99177,0,1,"kosicky kraj, kosice - saca",0
99179,1,0,"banskobystricky kraj, revuca",14
99180,1,1,"banskobystricky kraj, hrinova",13
99182,1,1,"trnavsky kraj, holic",16
99186,1,0,"zilinsky kraj, namestovo",16
99188,0,0,"banskobystricky kraj, tisovec",0
99189,0,1,"presovsky kraj, stara lubovna",0
99190,1,1,"zilinsky kraj, liptovsky mikulas",0
99192,1,1,"presovsky kraj, presov",12
99194,0,1,"nitriansky kraj, nove zamky",11
99197,0,1,"trenciansky kraj, trencin",0
99199,0,0,"nitriansky kraj, sala",0
99202,1,1,"banskobystricky kraj, rimavska sobota",13
99204,0,1,"presovsky kraj, poprad",16
99259,0,1,"trnavsky kraj, leopoldov",0
99285,0,0,"banskobystricky kraj, lucenec",15
99297,1,1,"banskobystricky kraj, velky krtis",0
99298,1,1,"banskobystricky kraj, banska bystrica",0
99299,1,1,"trnavsky kraj, senica",0
99300,1,0,"presovsky kraj, vranov nad toplou",14
99301,1,0,"nitriansky kraj, nove zamky",13
99302,1,0,"trenciansky kraj, puchov",13
99303,1,0,"bratislavsky kraj, bratislava - stare mesto",0
99304,0,0,"nitriansky kraj, nove zamky",14
99305,1,1,"zilinsky kraj, liptovsky mikulas",0
99306,0,1,"kosicky kraj, spisska nova ves",19
99307,1,1,"presovsky kraj, lipany",0
99308,1,1,"bratislavsky kraj, malacky",14
99309,0,0,"zilinsky kraj, dolny kubin",12
99310,0,1,"banskobystricky kraj, banska bystrica",16
99311,1,1,"kosicky kraj, kosice - ostatne",0
99312,1,0,"banskobystricky kraj, revuca",14
99313,1,0,"banskobystricky kraj, lucenec",15
99425,1,1,"bratislavsky kraj, senec",0
99451,1,1,"banskobystricky kraj, tornala",16
99499,1,1,"banskobystricky kraj, brezno",15
99562,1,0,"bratislavsky kraj, bratislava - ruzinov",22
99590,0,0,"trnavsky kraj, trnava",0
99695,0,0,"trenciansky kraj, prievidza",0
99705,0,0,"nitriansky kraj, nove zamky",16
99735,0,0,"zahranicie, zahranicie - francuzsko",0
99745,0,0,"banskobystricky kraj, brezno",23
99771,1,1,"banskobystricky kraj, banska bystrica",0
99800,0,0,"zahranicie, zahranicie - ostatne",16
99854,1,0,"banskobystricky kraj, brezno",0
99878,1,0,"zilinsky kraj, turcianske teplice",0
99918,1,1,"banskobystricky kraj, brezno",18
99956,0,0,"bratislavsky kraj, bratislava - okolie",0
100052,0,0,"trnavsky kraj, senica",0
100084,1,0,"nitriansky kraj, sturovo",0
100100,1,1,"banskobystricky kraj, brezno",11
100149,1,0,"zilinsky kraj, dolny kubin",25
100226,1,0,"trenciansky kraj, trencin",15
100259,1,0,"kosicky kraj, secovce",0
100260,0,0,"zahranicie, zahranicie - usa",13
100261,1,0,"zahranicie, zahranicie - gb",0
100262,0,1,"trenciansky kraj, prievidza",14
100263,1,1,"kosicky kraj, trebisov",12
100264,1,1,"trenciansky kraj, povazska bystrica",14
100265,0,0,"kosicky kraj, kosice - sidlisko tahanovce",0
100266,1,1,"presovsky kraj, medzilaborce",13
100267,1,0,"banskobystricky kraj, banska bystrica",21
100268,0,0,"zahranicie, zahranicie - rakusko",0
100269,1,0,"trnavsky kraj, senica",0
100270,0,1,"kosicky kraj, kosice - juh",21
100271,0,0,"kosicky kraj, michalovce",0
100275,1,1,"zilinsky kraj, cadca",0
100277,1,1,"presovsky kraj, poprad",0
100279,1,0,"kosicky kraj, trebisov",0
100281,0,0,"zilinsky kraj, tvrdosin",0
100283,0,0,"presovsky kraj, bardejov",13
100419,0,0,"presovsky kraj, presov",20
100440,0,0,"banskobystricky kraj, brezno",18
100456,1,0,"presovsky kraj, poprad",17
100462,0,1,"zahranicie, zahranicie - usa",16
100465,1,1,"zahranicie, zahranicie - usa",0
100466,0,1,"presovsky kraj, presov",13
100467,1,0,"kosicky kraj, michalovce",0
100468,1,0,"kosicky kraj, trebisov",0
100469,0,1,"zilinsky kraj, liptovsky hradok",0
100470,1,1,"trenciansky kraj, trencin",16
100471,1,0,"trenciansky kraj, trencin",0
100472,1,1,"trenciansky kraj, trencin",0
100473,1,1,"zilinsky kraj, zilina",0
100474,1,1,"zahranicie, zahranicie - ostatne",0
100476,1,1,"kosicky kraj, sobrance",14
100477,1,1,"kosicky kraj, kosice - okolie",15
100479,1,1,"trnavsky kraj, sered",0
100480,1,1,"nitriansky kraj, nitra",0
100483,0,0,"zilinsky kraj, ruzomberok",14
100484,1,0,"bratislavsky kraj, bratislava - petrzalka",0
100531,1,0,"bratislavsky kraj, bratislava - devinska nova ves",18
100536,1,1,"nitriansky kraj, sala",19
100569,1,1,"trenciansky kraj, trencin",19
100618,1,1,"presovsky kraj, presov",26
100724,1,1,"presovsky kraj, kezmarok",17
100734,1,0,"bratislavsky kraj, bratislava - okolie",22
100821,1,0,"trenciansky kraj, partizanske",12
100836,1,0,"presovsky kraj, presov",0
100837,1,1,"trenciansky kraj, novaky",11
100838,1,0,"zilinsky kraj, trstena",0
100839,0,1,"presovsky kraj, poprad",0
100840,1,1,"kosicky kraj, trebisov",11
100841,1,0,"bratislavsky kraj, bratislava - dubravka",14
100842,1,1,"zilinsky kraj, tvrdosin",10
100843,1,1,"bratislavsky kraj, malacky",0
100844,0,1,"trnavsky kraj, trnava",0
100845,1,1,"trenciansky kraj, novaky",12
100846,1,1,"presovsky kraj, poprad",12
100847,1,0,"zilinsky kraj, zilina",0
100848,1,1,"trenciansky kraj, trencin",11
100849,1,1,"zilinsky kraj, cadca",0
100850,1,1,"trenciansky kraj, novaky",15
100851,1,1,"trenciansky kraj, nove mesto nad vahom",0
100852,1,0,"banskobystricky kraj, revuca",14
100853,0,1,"bratislavsky kraj, bratislava - karlova ves",14
100872,0,0,"zilinsky kraj, dolny kubin",0
100882,1,0,"banskobystricky kraj, zvolen",0
100905,0,1,"banskobystricky kraj, brezno",19
100942,1,1,"trnavsky kraj, sered",20
101006,1,0,"trnavsky kraj, trnava",19
101042,1,0,"bratislavsky kraj, senec",0
101043,0,0,"kosicky kraj, kosice - zapad",17
101044,0,0,"zilinsky kraj, ruzomberok",0
101045,0,0,"zahranicie, zahranicie - ostatne",0
101046,0,1,"trenciansky kraj, trencin",17
101047,0,0,"kosicky kraj, kosice - okolie",0
101048,1,1,"zahranicie, zahranicie - usa",0
101049,0,1,"nitriansky kraj, nove zamky",18
101050,0,0,"kosicky kraj, kosice - sever",0
101051,1,0,"presovsky kraj, poprad",17
101052,1,0,"presovsky kraj, humenne",16
101053,0,1,"presovsky kraj, presov",0
101054,1,1,"presovsky kraj, poprad",14
101055,1,1,"banskobystricky kraj, detva",20
101056,0,0,"zilinsky kraj, martin",17
101057,0,0,"zahranicie, zahranicie - ostatne",17
101058,1,0,"zahranicie, zahranicie - kanada",16
101059,0,0,"trenciansky kraj, trencin",0
101096,1,1,"trenciansky kraj, nova dubnica",0
101104,0,1,"zahranicie, zahranicie - usa",22
101154,1,0,"banskobystricky kraj, tisovec",0
101169,1,0,"banskobystricky kraj, velky krtis",26
101228,0,0,"zilinsky kraj, turcianske teplice",19
101261,0,0,"nitriansky kraj, levice",17
101265,0,0,"nitriansky kraj, zlate moravce",0
101275,1,0,"nitriansky kraj, levice",0
101281,1,1,"trenciansky kraj, dubnica nad vahom",0
101352,1,0,"presovsky kraj, stara lubovna",17
101353,1,0,"trenciansky kraj, nove mesto nad vahom",0
101354,0,0,"nitriansky kraj, vrable",15
101355,0,0,"zilinsky kraj, liptovsky hradok",0
101356,1,0,"kosicky kraj, trebisov",0
101358,1,1,"zilinsky kraj, cadca",0
101359,0,1,"zilinsky kraj, tvrdosin",15
101360,1,1,"trenciansky kraj, nova dubnica",0
101361,1,0,"zilinsky kraj, bytca",13
101362,1,1,"trenciansky kraj, prievidza",15
101363,0,0,"kosicky kraj, kosice - dargovskych hrdinov",0
101364,1,1,"trnavsky kraj, dunajska streda",0
101365,0,0,"nitriansky kraj, nitra",0
101366,1,0,"banskobystricky kraj, banska bystrica",0
101367,0,0,"zahranicie, zahranicie - usa",0
101368,0,1,"banskobystricky kraj, detva",16
101369,1,0,"bratislavsky kraj, malacky",11
101370,1,0,"presovsky kraj, presov",0
101413,0,0,"zilinsky kraj, zilina",0
101449,0,0,"nitriansky kraj, vrable",0
101479,1,1,"trenciansky kraj, dubnica nad vahom",18
101507,0,0,"zilinsky kraj, trstena",0
101508,1,0,"bratislavsky kraj, bratislava - nove mesto",0
101509,0,0,"zilinsky kraj, cadca",0
101510,1,0,"presovsky kraj, poprad",16
101511,1,1,"bratislavsky kraj, bratislava - ruzinov",30
101512,1,1,"trnavsky kraj, holic",10
101513,1,1,"zilinsky kraj, liptovsky mikulas",0
101514,1,1,"presovsky kraj, snina",0
101515,1,0,"kosicky kraj, michalovce",12
101516,0,1,"kosicky kraj, michalovce",17
101517,0,0,"zahranicie, zahranicie - ostatne",0
101518,1,0,"trenciansky kraj, prievidza",12
101519,1,0,"presovsky kraj, poprad",0
101520,1,1,"nitriansky kraj, sahy",15
101521,0,1,"kosicky kraj, kosice - okolie",15
101523,1,0,"trnavsky kraj, piestany",13
101524,0,0,"nitriansky kraj, sahy",22
101526,1,1,"nitriansky kraj, komarno",15
101549,0,0,"trnavsky kraj, piestany",16
101559,1,0,"trnavsky kraj, trnava",18
101762,1,1,"kosicky kraj, kosice - okolie",0
101763,1,1,"banskobystricky kraj, banska bystrica",0
101764,0,0,"trenciansky kraj, trencin",15
101765,1,1,"zilinsky kraj, dolny kubin",0
101766,1,0,"banskobystricky kraj, banska bystrica",0
101767,1,0,"banskobystricky kraj, rimavska sobota",0
101768,1,0,"trenciansky kraj, trencin",14
101769,1,1,"zahranicie, zahranicie - kanada",0
101770,1,1,"zahranicie, zahranicie - usa",0
101771,0,0,"presovsky kraj, presov",0
101772,0,0,"zahranicie, zahranicie - ostatne",3
101773,1,1,"bratislavsky kraj, bratislava - okolie",0
101774,0,0,"trnavsky kraj, senica",13
101775,1,0,"kosicky kraj, spisska nova ves",0
101776,1,1,"zilinsky kraj, tvrdosin",15
101777,0,0,"zahranicie, zahranicie - ostatne",23
101778,1,0,"nitriansky kraj, nitra",0
101801,1,0,"zahranicie, zahranicie - ostatne",22
101868,0,1,"presovsky kraj, presov",16
101874,1,1,"banskobystricky kraj, banska bystrica",17
101955,1,0,"banskobystricky kraj, banska bystrica",17
101978,0,0,"banskobystricky kraj, banska bystrica",0
102003,1,1,"zahranicie, zahranicie - usa",0
102004,0,0,"banskobystricky kraj, zvolen",0
102005,1,1,"presovsky kraj, humenne",0
102006,0,0,"zilinsky kraj, martin",0
102007,1,0,"kosicky kraj, kosice - zapad",0
102008,1,0,"presovsky kraj, kezmarok",20
102009,0,1,"nitriansky kraj, levice",0
102010,0,0,"banskobystricky kraj, ziar nad hronom",17
102011,0,1,"kosicky kraj, kosice - zapad",0
102012,1,0,"zilinsky kraj, liptovsky mikulas",14
102013,1,1,"nitriansky kraj, nitra",0
102014,0,1,"zahranicie, zahranicie - gb",0
102015,1,0,"kosicky kraj, kosice - juh",0
102016,1,1,"trnavsky kraj, holic",13
102017,1,0,"presovsky kraj, presov",0
102018,1,0,"presovsky kraj, bardejov",0
102019,1,1,"trnavsky kraj, trnava",13
102072,0,0,"kosicky kraj, kosice - okolie",15
102073,1,1,"trenciansky kraj, nova dubnica",20
102105,1,1,"trnavsky kraj, trnava",20
102174,1,0,"trenciansky kraj, dubnica nad vahom",19
102270,1,1,"nitriansky kraj, topolcany",20
102276,1,0,"zahranicie, zahranicie - ostatne",0
102277,1,0,"trenciansky kraj, trencin",0
102278,1,1,"banskobystricky kraj, poltar",0
102279,0,1,"trenciansky kraj, nove mesto nad vahom",0
102280,0,0,"banskobystricky kraj, lucenec",15
102281,1,0,"presovsky kraj, presov",0
102282,1,0,"banskobystricky kraj, lucenec",0
102283,1,1,"bratislavsky kraj, bratislava - nove mesto",14
102284,1,1,"banskobystricky kraj, ziar nad hronom",0
102285,0,0,"bratislavsky kraj, bratislava - petrzalka",0
102287,1,1,"bratislavsky kraj, bratislava - stare mesto",28
102288,1,0,"zahranicie, zahranicie - nemecko",0
102289,1,1,"bratislavsky kraj, bratislava - vrakuna",14
102290,1,0,"nitriansky kraj, topolcany",16
102291,1,1,"zahranicie, zahranicie - usa",13
102292,0,0,"banskobystricky kraj, detva",31
102293,0,0,"nitriansky kraj, levice",0
102461,0,0,"zahranicie, zahranicie - ostatne",17
102601,1,0,"presovsky kraj, presov",0
102602,0,0,"presovsky kraj, presov",0
102603,1,1,"bratislavsky kraj, malacky",0
102604,1,0,"trenciansky kraj, dubnica nad vahom",12
102606,1,0,"presovsky kraj, presov",15
102607,1,0,"kosicky kraj, kosice - okolie",0
102608,1,1,"bratislavsky kraj, bratislava - karlova ves",0
102609,0,0,"trenciansky kraj, nove mesto nad vahom",0
102610,1,0,"nitriansky kraj, sahy",0
102611,1,0,"banskobystricky kraj, detva",0
102612,1,0,"trnavsky kraj, trnava",12
102613,0,0,"kosicky kraj, kosice - ostatne",0
102615,1,1,"trenciansky kraj, puchov",14
102618,1,0,"nitriansky kraj, levice",0
102619,1,0,"trenciansky kraj, handlova",0
102634,1,0,"bratislavsky kraj, malacky",0
102704,1,1,"zilinsky kraj, cadca",21
102712,0,0,"banskobystricky kraj, kremnica",20
102731,1,1,"zilinsky kraj, namestovo",19
102738,0,0,"banskobystricky kraj, ziar nad hronom",0
102769,1,0,"bratislavsky kraj, bratislava - okolie",16
102771,1,1,"kosicky kraj, spisska nova ves",12
102773,0,1,"trenciansky kraj, trencin",0
102774,1,1,"bratislavsky kraj, bratislava - nove mesto",18
102775,1,0,"bratislavsky kraj, bratislava - ostatne",0
102777,1,0,"nitriansky kraj, topolcany",0
102778,1,0,"zilinsky kraj, rajec",0
102780,1,1,"banskobystricky kraj, velky krtis",11
102781,1,1,"nitriansky kraj, sturovo",21
102782,1,0,"zahranicie, zahranicie - usa",16
102783,1,0,"trenciansky kraj, bojnice",15
102784,1,0,"zilinsky kraj, dolny kubin",0
102785,1,0,"kosicky kraj, kosice - okolie",15
102786,0,1,"banskobystricky kraj, revuca",0
102787,1,1,"kosicky kraj, michalovce",0
102788,0,0,"zilinsky kraj, martin",0
102789,1,0,"zilinsky kraj, namestovo",0
102790,1,1,"kosicky kraj, kosice - stare mesto",13
102791,1,1,"banskobystricky kraj, zvolen",16
102794,1,0,"zilinsky kraj, namestovo",20
102856,1,0,"banskobystricky kraj, banska stiavnica",0
102877,1,1,"zilinsky kraj, cadca",14
102892,0,1,"banskobystricky kraj, banska bystrica",18
102979,1,0,"banskobystricky kraj, brezno",18
103023,1,1,"trenciansky kraj, prievidza",0
103026,1,1,"presovsky kraj, stara lubovna",0
103031,1,0,"trenciansky kraj, trencin",0
103034,0,0,"kosicky kraj, gelnica",15
103037,1,0,"kosicky kraj, kosice - okolie",0
103041,0,1,"presovsky kraj, kezmarok",12
103043,0,0,"kosicky kraj, kosice - ostatne",0
103044,0,0,"trenciansky kraj, banovce nad bebravou",0
103046,1,0,"zahranicie, zahranicie - ostatne",0
103047,1,0,"trenciansky kraj, prievidza",0
103049,1,1,"trnavsky kraj, galanta",15
103051,0,0,"zahranicie, zahranicie - ostatne",17
103052,0,0,"presovsky kraj, levoca",0
103053,0,0,"nitriansky kraj, topolcany",0
103056,0,0,"zahranicie, zahranicie - australia",0
103233,1,1,"presovsky kraj, stara lubovna",11
103234,1,0,"zahranicie, zahranicie - usa",0
103236,1,0,"zilinsky kraj, martin",19
103238,1,1,"banskobystricky kraj, velky krtis",25
103239,1,0,"bratislavsky kraj, bratislava - okolie",0
103241,1,0,"presovsky kraj, kezmarok",14
103242,1,1,"banskobystricky kraj, poltar",0
103243,1,0,"bratislavsky kraj, malacky",13
103244,0,0,"banskobystricky kraj, hrinova",12
103245,0,0,"kosicky kraj, kosice - barca",0
103246,0,0,"kosicky kraj, kosice - stare mesto",17
103247,1,1,"bratislavsky kraj, bratislava - petrzalka",0
103248,1,1,"kosicky kraj, roznava",13
103249,1,0,"presovsky kraj, bardejov",0
103250,0,0,"zahranicie, zahranicie - ostatne",16
103251,1,1,"trenciansky kraj, puchov",15
103254,0,0,"trenciansky kraj, prievidza",19
103256,1,0,"nitriansky kraj, nitra",0
103332,1,0,"zilinsky kraj, turcianske teplice",0
103378,1,0,"banskobystricky kraj, lucenec",0
103449,0,1,"nitriansky kraj, sala",0
103452,0,1,"kosicky kraj, roznava",20
103455,0,0,"bratislavsky kraj, bratislava - okolie",23
103458,1,0,"zilinsky kraj, namestovo",23
103459,1,1,"zahranicie, zahranicie - ostatne",0
103460,1,0,"bratislavsky kraj, bratislava - devinska nova ves",27
103461,0,0,"trenciansky kraj, nove mesto nad vahom",21
103464,0,0,"zilinsky kraj, trstena",21
103465,0,0,"trnavsky kraj, trnava",0
103466,1,0,"nitriansky kraj, levice",0
103467,0,0,"zilinsky kraj, namestovo",21
103469,0,0,"nitriansky kraj, nitra",0
103470,0,0,"zilinsky kraj, ruzomberok",0
103472,0,1,"zilinsky kraj, trstena",0
103473,1,0,"trenciansky kraj, trencin",19
103564,1,0,"nitriansky kraj, levice",16
103565,1,0,"banskobystricky kraj, rimavska sobota",0
103566,0,1,"presovsky kraj, bardejov",0
103567,0,1,"kosicky kraj, trebisov",0
103568,0,0,"zahranicie, zahranicie - ostatne",0
103569,1,0,"trnavsky kraj, trnava",14
103570,1,1,"nitriansky kraj, komarno",0
103571,1,1,"zahranicie, zahranicie - ostatne",18
103572,0,0,"nitriansky kraj, kolarovo",0
103573,1,0,"zilinsky kraj, liptovsky hradok",0
103575,0,0,"zahranicie, zahranicie - nemecko",0
103576,0,0,"nitriansky kraj, sturovo",0
103577,1,1,"zilinsky kraj, zilina",15
103578,0,1,"nitriansky kraj, surany",20
103579,1,1,"zilinsky kraj, liptovsky hradok",0
103580,0,0,"nitriansky kraj, nove zamky",0
103581,1,1,"kosicky kraj, gelnica",0
103616,1,1,"banskobystricky kraj, brezno",19
103622,1,0,"zilinsky kraj, dolny kubin",21
103733,0,0,"zahranicie, zahranicie - usa",0
103742,1,0,"zahranicie, zahranicie - ostatne",0
103743,0,1,"zahranicie, zahranicie - usa",0
103744,1,0,"zilinsky kraj, dolny kubin",0
103745,1,1,"bratislavsky kraj, senec",19
103746,1,1,"trenciansky kraj, ilava",18
103747,1,0,"bratislavsky kraj, bratislava - ostatne",0
103748,0,1,"bratislavsky kraj, malacky",0
103749,1,0,"trnavsky kraj, dunajska streda",0
103750,0,0,"trnavsky kraj, trnava",25
103751,0,1,"bratislavsky kraj, bratislava - stare mesto",0
103752,1,0,"zilinsky kraj, trstena",0
103753,1,1,"presovsky kraj, bardejov",16
103754,1,0,"zilinsky kraj, zilina",26
103755,0,0,"presovsky kraj, poprad",17
103756,1,0,"banskobystricky kraj, banska bystrica",20
103757,1,0,"banskobystricky kraj, rimavska sobota",0
103856,1,0,"kosicky kraj, kosice - juh",0
103899,1,1,"trnavsky kraj, trnava",0
103953,1,1,"banskobystricky kraj, banska stiavnica",19
103975,0,1,"presovsky kraj, sabinov",16
103987,1,0,"presovsky kraj, stara lubovna",0
103993,1,0,"kosicky kraj, michalovce",17
103994,1,1,"trnavsky kraj, piestany",0
103995,0,1,"trnavsky kraj, holic",0
103996,1,1,"nitriansky kraj, nitra",0
103997,1,0,"trenciansky kraj, nemsova",0
103998,0,0,"kosicky kraj, secovce",0
103999,0,0,"banskobystricky kraj, zvolen",20
104000,0,0,"presovsky kraj, snina",20
104001,0,0,"nitriansky kraj, nove zamky",17
104002,0,1,"trenciansky kraj, puchov",23
104003,0,0,"presovsky kraj, snina",0
104004,1,0,"bratislavsky kraj, bratislava - petrzalka",17
104005,0,0,"banskobystricky kraj, hnusta",0
104006,0,1,"kosicky kraj, kosice - ostatne",112
104044,1,1,"banskobystricky kraj, brezno",19
104046,1,1,"banskobystricky kraj, banska stiavnica",19
104047,1,1,"zilinsky kraj, ruzomberok",20
104052,1,1,"zilinsky kraj, dolny kubin",22
104054,1,1,"zilinsky kraj, dolny kubin",21
104056,0,0,"presovsky kraj, poprad",20
104059,1,0,"zilinsky kraj, namestovo",15
104071,1,1,"zilinsky kraj, cadca",17
104100,1,0,"zilinsky kraj, namestovo",15
104103,1,1,"zilinsky kraj, namestovo",19
104104,1,0,"zilinsky kraj, namestovo",18
104112,1,1,"zilinsky kraj, namestovo",21
104266,0,0,"presovsky kraj, poprad",0
104270,1,0,"presovsky kraj, poprad",0
104281,0,1,"kosicky kraj, kosice - okolie",14
104282,0,0,"trenciansky kraj, partizanske",17
104283,0,0,"zahranicie, zahranicie - ostatne",0
104284,1,1,"zilinsky kraj, martin",19
104285,1,1,"nitriansky kraj, nove zamky",0
104286,1,1,"trnavsky kraj, hlohovec",0
104287,0,0,"nitriansky kraj, nitra",18
104288,0,1,"presovsky kraj, spisske podhradie",0
104290,1,1,"kosicky kraj, kosice - zapad",0
104292,1,0,"banskobystricky kraj, brezno",0
104294,1,1,"kosicky kraj, spisska nova ves",16
104295,0,1,"zahranicie, zahranicie - nemecko",16
104296,0,0,"kosicky kraj, kosice - juh",17
104298,1,0,"nitriansky kraj, kolarovo",0
104299,1,0,"presovsky kraj, svit",16
104301,0,1,"kosicky kraj, trebisov",16
104304,0,1,"nitriansky kraj, topolcany",0
104347,1,0,"presovsky kraj, poprad",0
104372,1,1,"trenciansky kraj, prievidza",14
104625,0,1,"kosicky kraj, kosice - okolie",0
104626,0,0,"presovsky kraj, presov",0
104628,1,1,"banskobystricky kraj, revuca",24
104631,1,0,"trenciansky kraj, nove mesto nad vahom",15
104637,0,0,"kosicky kraj, kosice - ostatne",0
104641,0,0,"banskobystricky kraj, ziar nad hronom",20
104644,0,0,"presovsky kraj, presov",0
104646,1,0,"bratislavsky kraj, bratislava - ostatne",0
104648,1,1,"nitriansky kraj, nitra",0
104650,1,1,"kosicky kraj, kosice - okolie",18
104652,1,1,"kosicky kraj, kosice - okolie",16
104654,1,0,"zilinsky kraj, zilina",0
104657,1,1,"nitriansky kraj, sala",20
104659,1,1,"zilinsky kraj, martin",20
104660,1,0,"banskobystricky kraj, hrinova",14
104662,0,0,"zilinsky kraj, tvrdosin",0
104664,1,1,"bratislavsky kraj, pezinok",16
104776,0,0,"presovsky kraj, poprad",23
104895,0,0,"zilinsky kraj, tvrdosin",18
104919,1,0,"zilinsky kraj, namestovo",26
104944,0,0,"trenciansky kraj, prievidza",15
104946,0,0,"banskobystricky kraj, banska bystrica",15
104947,0,1,"kosicky kraj, kosice - okolie",17
104949,0,0,"kosicky kraj, velke kapusany",17
104951,1,1,"presovsky kraj, hanusovce nad toplou",0
104952,1,0,"trnavsky kraj, senica",14
104954,0,1,"zahranicie, zahranicie - usa",15
104956,0,0,"kosicky kraj, kosice - sever",0
104957,0,0,"zilinsky kraj, ruzomberok",19
104958,1,1,"zilinsky kraj, zilina",0
104959,0,1,"trenciansky kraj, puchov",14
104960,1,0,"nitriansky kraj, hurbanovo",19
104961,1,0,"zilinsky kraj, tvrdosin",14
104962,1,1,"zilinsky kraj, ruzomberok",21
104963,1,1,"kosicky kraj, spisska nova ves",18
104964,1,0,"trnavsky kraj, samorin",18
104966,1,0,"bratislavsky kraj, bratislava - okolie",16
104967,0,1,"kosicky kraj, spisska nova ves",16
105083,1,1,"presovsky kraj, poprad",23
105118,1,1,"nitriansky kraj, topolcany",18
105119,0,1,"trenciansky kraj, trencin",15
105120,1,0,"zilinsky kraj, martin",0
105121,0,0,"banskobystricky kraj, banska bystrica",0
105122,0,1,"zahranicie, zahranicie - usa",13
105123,1,0,"nitriansky kraj, levice",18
105124,1,0,"banskobystricky kraj, poltar",0
105125,1,1,"presovsky kraj, bardejov",0
105126,1,1,"presovsky kraj, presov",19
105127,0,1,"bratislavsky kraj, malacky",15
105128,1,0,"trenciansky kraj, puchov",0
105129,1,1,"trenciansky kraj, partizanske",20
105130,1,1,"kosicky kraj, dobsina",14
105131,0,1,"trenciansky kraj, dubnica nad vahom",19
105135,1,1,"zilinsky kraj, turzovka",24
105163,1,1,"zilinsky kraj, zilina",0
105183,0,0,"banskobystricky kraj, lucenec",20
105184,1,1,"banskobystricky kraj, kremnica",15
105185,0,1,"kosicky kraj, kosice - stare mesto",18
105186,1,0,"zahranicie, zahranicie - kanada",0
105187,1,0,"kosicky kraj, spisska nova ves",0
105189,0,0,"trenciansky kraj, puchov",0
105204,0,1,"trnavsky kraj, hlohovec",12
105266,1,1,"zilinsky kraj, namestovo",22
105280,1,1,"banskobystricky kraj, banska bystrica",19
105311,1,1,"zilinsky kraj, namestovo",17
105312,1,1,"zilinsky kraj, namestovo",22
105313,1,1,"zilinsky kraj, namestovo",27
105352,1,1,"trenciansky kraj, dubnica nad vahom",16
105353,1,0,"bratislavsky kraj, bratislava - ruzinov",0
105358,1,0,"banskobystricky kraj, sliac",0
105359,1,1,"presovsky kraj, svit",16
105360,1,1,"presovsky kraj, sabinov",0
105361,1,1,"nitriansky kraj, nove zamky",0
105362,0,1,"trnavsky kraj, sered",0
105364,0,1,"trnavsky kraj, hlohovec",0
105366,1,1,"trnavsky kraj, samorin",19
105368,1,1,"kosicky kraj, kosice - ostatne",19
105370,1,0,"presovsky kraj, presov",15
105372,1,0,"presovsky kraj, presov",0
105374,0,0,"trenciansky kraj, partizanske",0
105375,1,0,"banskobystricky kraj, banska bystrica",0
105376,1,0,"trenciansky kraj, dubnica nad vahom",18
105377,1,0,"banskobystricky kraj, zvolen",0
105378,0,1,"presovsky kraj, poprad",20
105379,0,0,"zilinsky kraj, liptovsky mikulas",0
105380,0,1,"trnavsky kraj, trnava",0
105382,1,1,"zilinsky kraj, namestovo",21
105383,1,0,"zilinsky kraj, namestovo",23
105384,1,0,"kosicky kraj, trebisov",0
105424,0,1,"bratislavsky kraj, malacky",20
105445,1,0,"zilinsky kraj, namestovo",22
105446,1,1,"zahranicie, zahranicie - kanada",22
105484,0,0,"nitriansky kraj, topolcany",21
105485,1,0,"bratislavsky kraj, bratislava - ruzinov",19
105486,0,0,"nitriansky kraj, nitra",16
105487,0,1,"zahranicie, zahranicie - usa",16
105488,0,0,"banskobystricky kraj, banska bystrica",15
105489,0,1,"zahranicie, zahranicie - gb",0
105490,0,0,"zilinsky kraj, bytca",0
105491,0,0,"presovsky kraj, poprad",0
105492,1,0,"kosicky kraj, kosice - stare mesto",0
105493,1,0,"nitriansky kraj, nitra",17
105494,0,0,"zilinsky kraj, martin",23
105495,0,0,"kosicky kraj, trebisov",0
105496,1,1,"trnavsky kraj, galanta",17
105497,1,1,"banskobystricky kraj, banska bystrica",0
105498,0,0,"zahranicie, zahranicie - usa",0
105499,1,0,"kosicky kraj, trebisov",0
105500,0,1,"zahranicie, zahranicie - ostatne",17
105501,0,0,"zahranicie, zahranicie - usa",0
105503,1,0,"banskobystricky kraj, brezno",16
105511,0,0,"zilinsky kraj, dolny kubin",0
105526,1,1,"zilinsky kraj, namestovo",22
105527,1,1,"zilinsky kraj, trstena",0
105528,1,1,"zilinsky kraj, namestovo",16
105529,1,1,"zilinsky kraj, namestovo",17
105531,1,0,"zilinsky kraj, namestovo",11
105533,1,0,"zilinsky kraj, namestovo",0
105535,1,1,"bratislavsky kraj, senec",19
105589,1,1,"zilinsky kraj, namestovo",0
105623,0,0,"kosicky kraj, trebisov",0
105709,1,0,"presovsky kraj, medzilaborce",0
105710,0,0,"trenciansky kraj, nove mesto nad vahom",16
105711,1,1,"trenciansky kraj, prievidza",0
105713,0,0,"kosicky kraj, kosice - okolie",14
105714,1,0,"bratislavsky kraj, malacky",0
105715,1,1,"nitriansky kraj, topolcany",19
105717,0,0,"nitriansky kraj, levice",18
105718,1,0,"zilinsky kraj, zilina",0
105719,1,1,"bratislavsky kraj, bratislava - devinska nova ves",20
105720,0,0,"kosicky kraj, michalovce",0
105721,1,0,"trenciansky kraj, puchov",17
105722,0,1,"kosicky kraj, michalovce",0
105723,0,0,"nitriansky kraj, topolcany",20
105724,1,0,"kosicky kraj, kosice - stare mesto",16
105725,1,1,"banskobystricky kraj, rimavska sobota",14
105726,1,1,"presovsky kraj, presov",23
105774,0,0,"zahranicie, zahranicie - nemecko",18
105852,0,1,"banskobystricky kraj, banska bystrica",22
105863,0,1,"banskobystricky kraj, brezno",21
105977,1,0,"kosicky kraj, kosice - okolie",0
105978,1,1,"banskobystricky kraj, zarnovica",22
105979,1,1,"kosicky kraj, michalovce",20
105980,1,0,"nitriansky kraj, topolcany",0
105981,0,1,"kosicky kraj, kosice - zapad",14
105982,1,1,"trnavsky kraj, skalica",18
105983,1,1,"trnavsky kraj, skalica",15
105984,0,0,"nitriansky kraj, surany",14
105985,1,0,"kosicky kraj, michalovce",0
105986,0,1,"nitriansky kraj, levice",0
105987,1,1,"banskobystricky kraj, velky krtis",0
105988,0,0,"presovsky kraj, snina",16
105989,0,0,"nitriansky kraj, nove zamky",0
105990,1,1,"kosicky kraj, michalovce",13
105991,0,1,"trenciansky kraj, ilava",18
105992,1,0,"trenciansky kraj, prievidza",0
105993,1,0,"nitriansky kraj, nitra",0
106021,0,0,"banskobystricky kraj, brezno",17
106030,1,1,"trenciansky kraj, banovce nad bebravou",21
106165,1,0,"bratislavsky kraj, bratislava - nove mesto",20
106254,1,0,"zilinsky kraj, trstena",19
106393,0,0,"presovsky kraj, bardejov",0
106450,1,1,"kosicky kraj, velke kapusany",19
106451,0,0,"nitriansky kraj, hurbanovo",0
106452,0,1,"trnavsky kraj, senica",16
106453,0,1,"trenciansky kraj, prievidza",0
106455,0,0,"trnavsky kraj, sered",0
106457,0,1,"trnavsky kraj, leopoldov",0
106458,0,1,"nitriansky kraj, topolcany",0
106460,0,1,"banskobystricky kraj, zarnovica",16
106462,0,1,"bratislavsky kraj, senec",21
106463,0,0,"zahranicie, zahranicie - ostatne",19
106465,1,0,"banskobystricky kraj, lucenec",0
106466,1,0,"zilinsky kraj, namestovo",16
106468,1,1,"bratislavsky kraj, bratislava - dubravka",0
106470,0,0,"trenciansky kraj, puchov",0
106471,1,1,"zilinsky kraj, martin",0
106472,1,1,"bratislavsky kraj, bratislava - ostatne",0
106473,1,1,"banskobystricky kraj, lucenec",0
106474,0,0,"banskobystricky kraj, zvolen",0
106554,0,0,"presovsky kraj, poprad",0
106569,0,0,"trenciansky kraj, trencin",17
106613,1,0,"zilinsky kraj, tvrdosin",24
106614,0,0,"zahranicie, zahranicie - ostatne",0
106615,0,1,"presovsky kraj, vranov nad toplou",24
106616,0,0,"trenciansky kraj, prievidza",0
106617,0,1,"zahranicie, zahranicie - ostatne",0
106618,0,0,"nitriansky kraj, levice",15
106619,1,1,"zahranicie, zahranicie - gb",0
106620,0,0,"bratislavsky kraj, bratislava - devinska nova ves",0
106621,1,1,"zilinsky kraj, dolny kubin",0
106622,0,1,"kosicky kraj, kosice - okolie",0
106623,0,1,"presovsky kraj, lipany",15
106624,0,0,"banskobystricky kraj, velky krtis",0
106625,0,0,"trenciansky kraj, partizanske",0
106626,0,0,"trnavsky kraj, piestany",0
106627,0,0,"kosicky kraj, roznava",0
106628,1,1,"bratislavsky kraj, bratislava - lamac",18
106629,1,0,"bratislavsky kraj, bratislava - ostatne",0
106665,0,0,"zilinsky kraj, dolny kubin",17
106847,1,0,"trnavsky kraj, trnava",0
106849,1,0,"zilinsky kraj, zilina",0
106850,0,0,"nitriansky kraj, hurbanovo",15
106852,0,0,"presovsky kraj, svidnik",19
106854,1,1,"nitriansky kraj, nitra",18
106856,1,1,"zilinsky kraj, namestovo",29
106858,1,1,"trnavsky kraj, piestany",19
106859,1,1,"presovsky kraj, poprad",0
106861,0,0,"presovsky kraj, poprad",18
106863,0,0,"bratislavsky kraj, malacky",15
106864,1,0,"nitriansky kraj, nove zamky",0
106865,0,1,"kosicky kraj, kosice - okolie",21
106866,1,0,"bratislavsky kraj, bratislava - ostatne",17
106867,1,0,"banskobystricky kraj, ziar nad hronom",17
106868,0,0,"trenciansky kraj, bojnice",16
106869,1,0,"zilinsky kraj, liptovsky mikulas",19
106870,0,1,"nitriansky kraj, surany",0
106871,0,1,"trenciansky kraj, nove mesto nad vahom",0
106879,0,0,"zahranicie, zahranicie - ostatne",20
106943,0,1,"banskobystricky kraj, banska bystrica",0
106945,1,0,"banskobystricky kraj, kremnica",0
106981,1,1,"zilinsky kraj, ruzomberok",16
107073,0,1,"banskobystricky kraj, brezno",0
107078,0,0,"zilinsky kraj, martin",0
107079,1,0,"zilinsky kraj, martin",16
107080,1,0,"kosicky kraj, kosice - dargovskych hrdinov",0
107081,0,1,"zahranicie, zahranicie - usa",0
107082,0,1,"trenciansky kraj, trencin",0
107083,1,1,"trenciansky kraj, nove mesto nad vahom",0
107084,1,1,"trnavsky kraj, trnava",16
107086,0,0,"kosicky kraj, kosice - okolie",16
107088,0,0,"presovsky kraj, presov",14
107089,1,0,"kosicky kraj, michalovce",15
107090,0,0,"bratislavsky kraj, malacky",18
107091,1,0,"kosicky kraj, michalovce",16
107092,0,0,"banskobystricky kraj, revuca",16
107093,1,1,"presovsky kraj, poprad",18
107100,0,1,"banskobystricky kraj, brezno",18
107154,0,0,"zahranicie, zahranicie - ostatne",0
107202,0,1,"kosicky kraj, kosice - okolie",0
107204,1,0,"kosicky kraj, kosice - okolie",20
107205,1,1,"nitriansky kraj, levice",18
107207,1,0,"banskobystricky kraj, ziar nad hronom",15
107209,0,1,"zahranicie, zahranicie - usa",0
107211,0,1,"zilinsky kraj, martin",17
107212,0,1,"kosicky kraj, kosice - juh",0
107213,1,1,"trenciansky kraj, partizanske",18
107214,1,0,"presovsky kraj, presov",21
107215,1,0,"trnavsky kraj, piestany",0
107216,1,1,"kosicky kraj, spisska nova ves",0
107217,1,0,"nitriansky kraj, nitra",0
107218,1,1,"zilinsky kraj, martin",0
107219,0,0,"banskobystricky kraj, zvolen",0
107220,0,1,"trenciansky kraj, prievidza",16
107322,1,0,"zilinsky kraj, dolny kubin",0
107429,0,0,"bratislavsky kraj, bratislava - okolie",16
107458,0,0,"zilinsky kraj, martin",12
107459,1,1,"zilinsky kraj, cadca",13
107460,1,0,"trenciansky kraj, nove mesto nad vahom",18
107461,1,0,"banskobystricky kraj, banska stiavnica",23
107462,0,0,"kosicky kraj, kosice - okolie",14
107463,1,0,"kosicky kraj, spisska nova ves",18
107464,1,1,"zilinsky kraj, zilina",0
107465,1,1,"banskobystricky kraj, krupina",0
107466,0,0,"trenciansky kraj, banovce nad bebravou",0
107467,0,1,"nitriansky kraj, nitra",20
107468,1,0,"banskobystricky kraj, sliac",0
107469,1,1,"presovsky kraj, presov",19
107470,1,1,"trenciansky kraj, trencin",25
107471,1,0,"zahranicie, zahranicie - ostatne",0
107472,0,0,"nitriansky kraj, nove zamky",26
107473,0,0,"zahranicie, zahranicie - ostatne",0
107474,0,0,"trnavsky kraj, galanta",15
107475,1,1,"banskobystricky kraj, zvolen",0
107476,1,0,"trenciansky kraj, prievidza",0
107477,1,1,"banskobystricky kraj, hrinova",15
107509,1,0,"bratislavsky kraj, bratislava - okolie",18
107579,1,0,"banskobystricky kraj, banska bystrica",0
107591,1,0,"zilinsky kraj, bytca",0
107711,1,1,"banskobystricky kraj, brezno",16
107903,1,0,"zilinsky kraj, martin",14
107947,1,0,"trenciansky kraj, trencin",0
107952,1,0,"presovsky kraj, humenne",0
107953,0,0,"kosicky kraj, kosice - zapad",0
107954,0,1,"presovsky kraj, snina",0
107955,1,1,"trenciansky kraj, prievidza",21
107956,1,0,"trnavsky kraj, skalica",0
107957,0,0,"presovsky kraj, kezmarok",0
107958,0,0,"nitriansky kraj, nitra",20
107959,1,1,"trenciansky kraj, prievidza",18
107960,0,1,"banskobystricky kraj, velky krtis",0
107962,0,1,"zahranicie, zahranicie - nemecko",0
107963,1,1,"trenciansky kraj, dubnica nad vahom",16
107964,1,0,"zilinsky kraj, tvrdosin",0
107965,0,0,"zilinsky kraj, dolny kubin",15
107966,1,0,"bratislavsky kraj, modra",16
107967,1,1,"nitriansky kraj, zeliezovce",15
107968,1,0,"kosicky kraj, spisska nova ves",16
108100,1,0,"banskobystricky kraj, revuca",0
108107,1,1,"trnavsky kraj, trnava",0
108188,1,1,"trnavsky kraj, leopoldov",20
108237,1,1,"nitriansky kraj, surany",17
108238,0,1,"zahranicie, zahranicie - nemecko",0
108239,1,0,"banskobystricky kraj, ziar nad hronom",0
108240,0,1,"presovsky kraj, bardejov",18
108241,0,1,"banskobystricky kraj, ziar nad hronom",0
108242,0,0,"trenciansky kraj, nove mesto nad vahom",17
108243,1,0,"kosicky kraj, sobrance",0
108244,1,0,"bratislavsky kraj, bratislava - karlova ves",19
108245,1,0,"presovsky kraj, poprad",0
108246,0,0,"presovsky kraj, presov",0
108247,0,0,"zahranicie, zahranicie - usa",0
108248,0,1,"banskobystricky kraj, revuca",0
108250,1,0,"zilinsky kraj, zilina",0
108251,1,0,"nitriansky kraj, sahy",0
108252,1,0,"banskobystricky kraj, banska bystrica",16
108253,1,1,"zilinsky kraj, martin",0
108254,1,1,"zilinsky kraj, zilina",16
108265,1,0,"banskobystricky kraj, lucenec",22
108318,1,0,"banskobystricky kraj, brezno",19
108375,1,1,"zilinsky kraj, cadca",0
108386,1,1,"nitriansky kraj, surany",17
108387,1,0,"banskobystricky kraj, detva",0
108388,0,0,"trenciansky kraj, partizanske",0
108389,1,1,"bratislavsky kraj, bratislava - nove mesto",18
108390,0,0,"kosicky kraj, kosice - dargovskych hrdinov",0
108391,1,1,"kosicky kraj, kosice - juh",0
108392,1,1,"nitriansky kraj, nove zamky",0
108393,0,0,"trnavsky kraj, skalica",0
108394,1,1,"presovsky kraj, presov",22
108395,1,0,"trnavsky kraj, trnava",24
108397,1,1,"trenciansky kraj, prievidza",20
108398,1,1,"zahranicie, zahranicie - ostatne",23
108400,1,1,"trnavsky kraj, galanta",21
108401,1,1,"kosicky kraj, spisska nova ves",21
108402,1,0,"zilinsky kraj, cadca",0
108403,0,1,"trenciansky kraj, banovce nad bebravou",13
108405,1,0,"presovsky kraj, stara lubovna",19
108437,1,0,"banskobystricky kraj, banska stiavnica",15
108454,0,1,"bratislavsky kraj, malacky",21
108461,1,0,"bratislavsky kraj, bratislava - ostatne",29
108464,1,1,"bratislavsky kraj, malacky",21
108518,1,1,"bratislavsky kraj, malacky",20
108520,1,0,"bratislavsky kraj, malacky",20
108521,0,0,"bratislavsky kraj, malacky",20
108522,0,1,"bratislavsky kraj, malacky",19
108523,0,0,"bratislavsky kraj, malacky",20
108524,0,0,"bratislavsky kraj, malacky",19
108525,1,0,"bratislavsky kraj, malacky",0
108526,1,1,"bratislavsky kraj, malacky",0
108527,1,0,"bratislavsky kraj, malacky",0
108528,1,1,"bratislavsky kraj, malacky",20
108529,1,1,"bratislavsky kraj, malacky",21
108530,0,0,"bratislavsky kraj, malacky",20
108532,0,0,"bratislavsky kraj, malacky",19
108533,1,0,"bratislavsky kraj, malacky",0
108535,1,0,"bratislavsky kraj, malacky",18
108605,1,1,"zilinsky kraj, tvrdosin",17
108634,0,0,"bratislavsky kraj, bratislava - okolie",0
108635,0,1,"trnavsky kraj, senica",20
108636,0,0,"bratislavsky kraj, malacky",19
108637,1,1,"bratislavsky kraj, malacky",22
108638,1,1,"trenciansky kraj, trencin",14
108639,1,0,"bratislavsky kraj, bratislava - ostatne",0
108640,1,1,"bratislavsky kraj, malacky",20
108643,0,0,"bratislavsky kraj, bratislava - okolie",20
108644,1,0,"bratislavsky kraj, malacky",0
108645,1,0,"zahranicie, zahranicie - gb",0
108666,1,0,"zilinsky kraj, namestovo",20
108671,1,1,"nitriansky kraj, surany",20
108672,1,0,"banskobystricky kraj, zvolen",0
108673,1,0,"trenciansky kraj, trencin",20
108674,1,0,"kosicky kraj, michalovce",0
108675,0,1,"kosicky kraj, spisska nova ves",16
108676,1,1,"kosicky kraj, trebisov",0
108677,0,1,"presovsky kraj, poprad",0
108678,1,0,"presovsky kraj, kezmarok",19
108679,1,1,"trenciansky kraj, povazska bystrica",16
108680,0,1,"trnavsky kraj, trnava",25
108681,1,0,"trnavsky kraj, sered",0
108682,1,1,"trenciansky kraj, trencin",0
108683,1,0,"bratislavsky kraj, bratislava - okolie",0
108684,0,1,"zilinsky kraj, ruzomberok",0
108685,0,1,"zilinsky kraj, liptovsky mikulas",0
108686,1,0,"trenciansky kraj, puchov",23
108687,1,0,"presovsky kraj, hanusovce nad toplou",17
108688,1,0,"kosicky kraj, kosice - okolie",0
108704,1,0,"bratislavsky kraj, malacky",0
108705,1,0,"bratislavsky kraj, malacky",19
108706,1,0,"bratislavsky kraj, malacky",0
108707,0,0,"bratislavsky kraj, malacky",20
108709,0,1,"bratislavsky kraj, malacky",21
108750,1,1,"bratislavsky kraj, bratislava - okolie",0
108752,0,0,"zahranicie, zahranicie - ostatne",0
108754,1,0,"bratislavsky kraj, malacky",18
108755,0,0,"bratislavsky kraj, malacky",20
108758,0,1,"bratislavsky kraj, malacky",0
108759,0,0,"bratislavsky kraj, bratislava - nove mesto",21
108781,1,0,"zilinsky kraj, cadca",0
108784,1,0,"zilinsky kraj, cadca",15
108822,0,0,"zahranicie, zahranicie - francuzsko",16
108823,0,1,"kosicky kraj, spisska nova ves",0
108824,1,1,"trenciansky kraj, prievidza",0
108825,1,0,"bratislavsky kraj, pezinok",0
108826,0,1,"nitriansky kraj, nove zamky",16
108827,1,0,"zilinsky kraj, trstena",17
108828,1,0,"trenciansky kraj, myjava",0
108829,1,0,"zilinsky kraj, ruzomberok",0
108830,1,0,"presovsky kraj, sabinov",18
108831,1,1,"presovsky kraj, bardejov",0
108832,0,0,"nitriansky kraj, nove zamky",0
108833,0,1,"nitriansky kraj, nitra",18
108834,1,0,"nitriansky kraj, levice",13
108835,1,1,"trnavsky kraj, galanta",16
108836,1,0,"trenciansky kraj, ilava",14
108837,0,1,"nitriansky kraj, levice",19
108839,1,0,"bratislavsky kraj, bratislava - petrzalka",16
108964,1,0,"zilinsky kraj, dolny kubin",0
108993,1,0,"kosicky kraj, kosice - okolie",0
108994,0,1,"kosicky kraj, kosice - sever",15
108995,0,1,"trnavsky kraj, galanta",19
108997,0,0,"kosicky kraj, spisska nova ves",0
108999,1,0,"zilinsky kraj, ruzomberok",21
109001,0,0,"presovsky kraj, stara lubovna",18
109003,1,0,"zilinsky kraj, dolny kubin",22
109007,0,1,"banskobystricky kraj, brezno",22
109011,1,1,"zahranicie, zahranicie - ostatne",0
109013,0,0,"trenciansky kraj, puchov",18
109014,1,1,"nitriansky kraj, surany",16
109016,0,1,"zilinsky kraj, zilina",20
109017,0,0,"kosicky kraj, trebisov",0
109020,1,1,"kosicky kraj, trebisov",0
109025,1,0,"nitriansky kraj, zlate moravce",15
109028,0,0,"presovsky kraj, sabinov",0
109029,1,1,"presovsky kraj, presov",0
109081,1,0,"bratislavsky kraj, stupava",23
109082,1,1,"bratislavsky kraj, bratislava - petrzalka",20
109083,1,0,"zahranicie, zahranicie - ostatne",0
109084,1,0,"bratislavsky kraj, bratislava - okolie",19
109085,1,0,"zilinsky kraj, zilina",18
109086,1,1,"bratislavsky kraj, bratislava - karlova ves",21
109087,1,0,"ceska republika, cz - karlovarsky kraj",20
109088,1,1,"bratislavsky kraj, bratislava - nove mesto",0
109089,1,1,"trenciansky kraj, dubnica nad vahom",22
109090,0,0,"bratislavsky kraj, malacky",17
109091,0,0,"bratislavsky kraj, bratislava - okolie",0
109092,0,0,"nitriansky kraj, nove zamky",28
109093,1,0,"bratislavsky kraj, malacky",19
109094,1,1,"bratislavsky kraj, malacky",24
109095,0,0,"bratislavsky kraj, malacky",18
109111,1,0,"bratislavsky kraj, malacky",0
109116,0,1,"presovsky kraj, stara lubovna",0
109118,1,0,"nitriansky kraj, levice",0
109120,1,0,"kosicky kraj, michalovce",19
109121,1,0,"bratislavsky kraj, malacky",16
109122,0,0,"nitriansky kraj, nitra",19
109123,0,0,"bratislavsky kraj, bratislava - karlova ves",20
109125,0,1,"bratislavsky kraj, malacky",21
109127,1,0,"bratislavsky kraj, stupava",20
109129,1,0,"bratislavsky kraj, malacky",20
109131,0,0,"zahranicie, zahranicie - ostatne",0
109132,0,1,"bratislavsky kraj, malacky",23
109134,1,0,"presovsky kraj, poprad",21
109175,1,1,"bratislavsky kraj, bratislava - stare mesto",0
109182,0,0,"zahranicie, zahranicie - ostatne",0
109207,1,1,"presovsky kraj, medzilaborce",19
109208,1,0,"presovsky kraj, kezmarok",17
109209,1,0,"presovsky kraj, kezmarok",16
109210,0,1,"trnavsky kraj, senica",19
109217,0,0,"zilinsky kraj, zilina",0
109218,1,1,"presovsky kraj, poprad",22
109219,0,0,"trenciansky kraj, prievidza",0
109220,1,0,"zahranicie, zahranicie - kanada",0
109221,1,1,"nitriansky kraj, nitra",16
109222,1,0,"kosicky kraj, kosice - zapad",0
109223,0,1,"trnavsky kraj, trnava",0
109224,0,1,"trnavsky kraj, dunajska streda",27
109225,0,0,"trenciansky kraj, puchov",22
109226,1,1,"trnavsky kraj, trnava",16
109227,0,0,"trenciansky kraj, prievidza",17
109307,0,0,"bratislavsky kraj, pezinok",19
109405,0,1,"kosicky kraj, spisska nova ves",0
109406,0,1,"nitriansky kraj, nitra",18
109407,1,0,"nitriansky kraj, topolcany",17
109409,0,1,"kosicky kraj, spisska nova ves",0
109410,1,1,"bratislavsky kraj, malacky",16
109412,0,1,"zahranicie, zahranicie - ostatne",21
109414,1,0,"banskobystricky kraj, banska bystrica",23
109416,1,1,"presovsky kraj, stara lubovna",0
109418,1,1,"kosicky kraj, kosice - dargovskych hrdinov",23
109420,0,0,"bratislavsky kraj, bratislava - raca",18
109421,1,0,"banskobystricky kraj, hnusta",13
109423,1,0,"ceska republika, cz - ustecky kraj",0
109516,0,1,"zilinsky kraj, dolny kubin",18
109676,1,1,"trnavsky kraj, trnava",16
109679,1,0,"trenciansky kraj, trencin",0
109682,1,1,"zilinsky kraj, zilina",0
109684,1,0,"banskobystricky kraj, hrinova",0
109686,1,0,"presovsky kraj, poprad",0
109687,1,1,"kosicky kraj, michalovce",24
109688,0,1,"nitriansky kraj, nove zamky",0
109689,1,1,"presovsky kraj, presov",22
109690,1,1,"presovsky kraj, vranov nad toplou",103
109691,1,0,"banskobystricky kraj, banska bystrica",0
109692,1,0,"trenciansky kraj, handlova",17
109696,0,1,"zilinsky kraj, cadca",21
109697,1,0,"bratislavsky kraj, senec",18
109698,1,1,"kosicky kraj, kosice - zapad",0
109700,1,1,"zahranicie, zahranicie - ostatne",15
109797,1,0,"trnavsky kraj, trnava",17
109848,1,0,"zahranicie, zahranicie - usa",21
109859,1,0,"trnavsky kraj, trnava",0
109860,1,1,"trnavsky kraj, trnava",18
109892,1,1,"trenciansky kraj, ilava",0
109930,0,1,"nitriansky kraj, nove zamky",0
109931,1,0,"zilinsky kraj, dolny kubin",19
109932,0,0,"trenciansky kraj, prievidza",15
109933,0,1,"presovsky kraj, poprad",21
109934,1,0,"banskobystricky kraj, ziar nad hronom",15
109935,1,0,"trenciansky kraj, trencin",0
109936,0,0,"trenciansky kraj, prievidza",0
109937,0,1,"presovsky kraj, presov",14
109938,0,0,"trenciansky kraj, prievidza",0
109939,0,1,"banskobystricky kraj, hrinova",0
109940,1,1,"zilinsky kraj, trstena",0
109942,0,0,"nitriansky kraj, nove zamky",0
109943,1,0,"nitriansky kraj, topolcany",0
109944,0,0,"nitriansky kraj, levice",0
109945,0,1,"zahranicie, zahranicie - usa",0
109946,1,0,"nitriansky kraj, levice",17
109949,1,0,"trnavsky kraj, trnava",0
109950,1,1,"trnavsky kraj, trnava",20
109952,1,1,"trnavsky kraj, trnava",20
110015,1,0,"zilinsky kraj, cadca",21
110055,0,0,"trnavsky kraj, trnava",0
110103,1,1,"zilinsky kraj, namestovo",18
110104,0,0,"kosicky kraj, kosice - sever",19
110105,1,1,"trnavsky kraj, skalica",0
110106,0,1,"presovsky kraj, presov",0
110108,0,1,"kosicky kraj, michalovce",0
110109,1,1,"trnavsky kraj, trnava",19
110110,1,1,"zilinsky kraj, vrutky",13
110111,1,1,"trenciansky kraj, novaky",16
110112,1,1,"kosicky kraj, kosice - sidlisko tahanovce",15
110114,0,0,"presovsky kraj, kezmarok",20
110116,1,0,"nitriansky kraj, topolcany",0
110117,1,0,"zilinsky kraj, dolny kubin",23
110118,1,0,"kosicky kraj, sobrance",11
110119,1,1,"zilinsky kraj, martin",0
110121,0,0,"presovsky kraj, humenne",17
110122,1,1,"zilinsky kraj, liptovsky mikulas",17
110123,1,0,"trnavsky kraj, galanta",0
110124,1,0,"trenciansky kraj, nove mesto nad vahom",0
110125,0,0,"zahranicie, zahranicie - usa",0
110126,1,0,"bratislavsky kraj, bratislava - stare mesto",0
110127,1,0,"presovsky kraj, sabinov",21
110128,1,0,"trenciansky kraj, prievidza",12
110129,0,1,"trnavsky kraj, trnava",23
110186,1,1,"trnavsky kraj, piestany",0
110187,1,1,"trnavsky kraj, piestany",18
110193,1,1,"trnavsky kraj, trnava",22
110194,0,0,"trenciansky kraj, myjava",18
110202,0,0,"zilinsky kraj, dolny kubin",23
110208,1,1,"zilinsky kraj, dolny kubin",22
110239,1,1,"trnavsky kraj, sered",20
110283,1,1,"trnavsky kraj, trnava",18
110296,0,1,"presovsky kraj, lipany",0
110297,1,0,"presovsky kraj, bardejov",20
110298,1,0,"zahranicie, zahranicie - usa",21
110299,1,1,"presovsky kraj, svit",0
110300,0,1,"kosicky kraj, kosice - sever",19
110301,1,1,"nitriansky kraj, sahy",18
110302,1,1,"ceska republika, cz - praha",2
110303,1,1,"bratislavsky kraj, bratislava - vrakuna",0
110304,1,1,"kosicky kraj, kosice - zapad",16
110306,1,1,"kosicky kraj, gelnica",0
110307,1,1,"zilinsky kraj, liptovsky mikulas",19
110308,1,0,"trenciansky kraj, prievidza",0
110348,1,1,"trnavsky kraj, trnava",0
110355,1,1,"trnavsky kraj, trnava",18
110356,1,1,"trnavsky kraj, trnava",20
110430,1,0,"trnavsky kraj, hlohovec",18
110432,1,1,"trnavsky kraj, galanta",20
110434,1,0,"trnavsky kraj, hlohovec",18
110438,1,1,"trenciansky kraj, povazska bystrica",16
110479,1,0,"zilinsky kraj, zilina",0
110480,0,0,"zahranicie, zahranicie - ostatne",17
110481,0,0,"zahranicie, zahranicie - usa",14
110482,1,1,"kosicky kraj, kosice - zapad",23
110484,0,1,"nitriansky kraj, topolcany",0
110485,0,0,"nitriansky kraj, nitra",24
110486,1,1,"zilinsky kraj, ruzomberok",16
110487,0,1,"zahranicie, zahranicie - ostatne",18
110488,1,1,"nitriansky kraj, topolcany",20
110489,1,1,"zilinsky kraj, martin",0
110490,0,0,"trenciansky kraj, puchov",0
110491,1,0,"trenciansky kraj, nove mesto nad vahom",15
110492,0,1,"zahranicie, zahranicie - gb",27
110493,1,1,"bratislavsky kraj, bratislava - okolie",20
110494,1,1,"presovsky kraj, humenne",17
110498,0,1,"nitriansky kraj, nitra",20
110506,0,0,"zahranicie, zahranicie - ostatne",0
110519,1,1,"trnavsky kraj, trnava",18
110521,1,0,"trnavsky kraj, trnava",19
110557,1,0,"zilinsky kraj, zilina",24
110586,1,1,"trnavsky kraj, hlohovec",14
110594,1,0,"trenciansky kraj, prievidza",21
110631,0,0,"nitriansky kraj, nitra",0
110634,1,0,"trnavsky kraj, sered",24
110817,1,1,"bratislavsky kraj, bratislava - ostatne",0
110897,1,1,"nitriansky kraj, nitra",0
110914,1,1,"bratislavsky kraj, bratislava - okolie",0
110915,1,1,"presovsky kraj, presov",0
110916,0,0,"presovsky kraj, stara lubovna",22
110917,1,0,"trenciansky kraj, banovce nad bebravou",13
110918,0,1,"trenciansky kraj, banovce nad bebravou",17
110919,1,0,"banskobystricky kraj, krupina",0
110920,1,0,"bratislavsky kraj, bratislava - stare mesto",0
110921,1,1,"kosicky kraj, michalovce",13
110922,1,0,"kosicky kraj, michalovce",13
110923,1,1,"zahranicie, zahranicie - gb",18
110925,1,1,"zilinsky kraj, cadca",13
110926,1,1,"presovsky kraj, humenne",20
110927,0,0,"zahranicie, zahranicie - ostatne",0
110928,1,0,"trenciansky kraj, trencin",19
110929,1,1,"nitriansky kraj, zeliezovce",0
110983,1,1,"presovsky kraj, hanusovce nad toplou",16
110985,1,1,"zilinsky kraj, turzovka",21
111007,0,0,"bratislavsky kraj, bratislava - dubravka",0
111008,0,0,"trenciansky kraj, trencin",22
111009,1,1,"trenciansky kraj, trencin",11
111010,1,0,"nitriansky kraj, nove zamky",18
111011,1,0,"trenciansky kraj, puchov",19
111012,1,0,"trnavsky kraj, samorin",16
111013,0,0,"nitriansky kraj, nitra",13
111014,1,0,"trnavsky kraj, galanta",16
111015,0,1,"zilinsky kraj, ruzomberok",19
111016,1,1,"zahranicie, zahranicie - gb",0
111017,1,1,"kosicky kraj, kosice - sever",17
111018,1,1,"trenciansky kraj, dubnica nad vahom",19
111019,0,0,"nitriansky kraj, nove zamky",0
111020,0,0,"bratislavsky kraj, malacky",0
111021,1,0,"kosicky kraj, kosice - okolie",17
111022,0,0,"zilinsky kraj, dolny kubin",16
111023,0,1,"trenciansky kraj, dubnica nad vahom",19
111024,0,0,"trnavsky kraj, trnava",0
111025,1,0,"nitriansky kraj, topolcany",14
111049,0,0,"trenciansky kraj, dubnica nad vahom",0
111050,1,1,"trenciansky kraj, prievidza",16
111051,1,1,"banskobystricky kraj, zvolen",15
111052,1,1,"nitriansky kraj, nove zamky",0
111053,0,1,"presovsky kraj, poprad",28
111054,1,0,"kosicky kraj, gelnica",0
111056,1,0,"trnavsky kraj, dunajska streda",0
111057,1,0,"zilinsky kraj, zilina",37
111058,1,0,"kosicky kraj, kosice - sidlisko tahanovce",17
111059,0,0,"zilinsky kraj, zilina",0
111060,1,0,"bratislavsky kraj, bratislava - okolie",0
111061,1,1,"zahranicie, zahranicie - ostatne",0
111062,1,0,"nitriansky kraj, surany",16
111063,1,0,"kosicky kraj, kosice - sever",0
111150,0,0,"trnavsky kraj, gbely",18
111189,1,0,"zilinsky kraj, cadca",0
111193,0,0,"trnavsky kraj, trnava",23
111209,1,1,"kosicky kraj, kosice - sever",20
111210,0,1,"banskobystricky kraj, banska bystrica",16
111211,1,0,"trenciansky kraj, puchov",0
111212,0,1,"bratislavsky kraj, malacky",21
111213,1,0,"trenciansky kraj, trencin",16
111214,1,0,"trnavsky kraj, hlohovec",16
111215,1,0,"zahranicie, zahranicie - usa",0
111216,0,0,"zilinsky kraj, cadca",0
111217,0,1,"presovsky kraj, vranov nad toplou",15
111218,0,1,"trenciansky kraj, puchov",0
111219,0,0,"trnavsky kraj, piestany",17
111220,1,0,"kosicky kraj, michalovce",15
111221,1,0,"trenciansky kraj, prievidza",13
111222,1,1,"kosicky kraj, kosice - sidlisko tahanovce",0
111223,1,1,"banskobystricky kraj, lucenec",0
111282,1,0,"banskobystricky kraj, detva",0
111351,0,1,"bratislavsky kraj, malacky",14
111352,0,1,"zahranicie, zahranicie - ostatne",0
111353,1,1,"presovsky kraj, sabinov",14
111354,1,0,"bratislavsky kraj, senec",18
111355,1,0,"trenciansky kraj, puchov",18
111357,1,1,"bratislavsky kraj, pezinok",0
111358,1,0,"kosicky kraj, gelnica",16
111359,1,0,"nitriansky kraj, nitra",17
111360,1,1,"bratislavsky kraj, senec",0
111361,1,1,"bratislavsky kraj, malacky",0
111362,0,1,"kosicky kraj, roznava",0
111363,1,1,"kosicky kraj, kosice - dargovskych hrdinov",16
111364,1,1,"banskobystricky kraj, rimavska sobota",0
111365,0,1,"kosicky kraj, roznava",0
111366,1,0,"trenciansky kraj, puchov",0
111367,1,0,"kosicky kraj, velke kapusany",18
111368,0,1,"trnavsky kraj, galanta",18
111369,1,0,"bratislavsky kraj, bratislava - ruzinov",0
111392,1,1,"banskobystricky kraj, banska bystrica",21
111405,0,0,"banskobystricky kraj, lucenec",16
111421,1,1,"zahranicie, zahranicie - usa",0
111475,0,0,"zilinsky kraj, namestovo",16
111504,1,0,"bratislavsky kraj, bratislava - okolie",0
111505,1,1,"bratislavsky kraj, malacky",0
111506,0,0,"zahranicie, zahranicie - ostatne",26
111507,1,1,"trenciansky kraj, trencin",0
111508,1,1,"banskobystricky kraj, poltar",20
111513,0,0,"trenciansky kraj, prievidza",0
111516,0,1,"zilinsky kraj, dolny kubin",0
111517,0,1,"nitriansky kraj, nitra",0
111518,0,0,"zahranicie, zahranicie - usa",0
111519,1,1,"presovsky kraj, bardejov",16
111520,1,0,"presovsky kraj, svidnik",18
111521,0,1,"kosicky kraj, kosice - okolie",21
111591,0,0,"zilinsky kraj, zilina",0
111661,1,0,"zilinsky kraj, zilina",18
111705,0,0,"banskobystricky kraj, zvolen",0
111707,0,0,"zilinsky kraj, martin",0
111708,0,1,"nitriansky kraj, nove zamky",17
111710,1,1,"kosicky kraj, sobrance",24
111711,1,1,"bratislavsky kraj, bratislava - karlova ves",15
111712,1,0,"trnavsky kraj, trnava",0
111713,1,1,"presovsky kraj, vranov nad toplou",21
111714,1,0,"presovsky kraj, bardejov",20
111715,1,1,"banskobystricky kraj, detva",0
111716,0,0,"kosicky kraj, kosice - okolie",19
111717,0,1,"banskobystricky kraj, sliac",16
111718,1,1,"trenciansky kraj, handlova",27
111719,1,1,"trenciansky kraj, banovce nad bebravou",16
111721,0,1,"bratislavsky kraj, bratislava - raca",17
111722,1,1,"presovsky kraj, poprad",0
111784,1,1,"zilinsky kraj, zilina",16
111821,1,0,"kosicky kraj, kosice - saca",19
111850,1,1,"zilinsky kraj, zilina",17
111851,1,0,"zilinsky kraj, cadca",20
111923,1,1,"banskobystricky kraj, zvolen",20
111924,0,1,"zilinsky kraj, namestovo",20
111925,1,1,"banskobystricky kraj, poltar",0
111926,1,0,"nitriansky kraj, levice",0
111927,0,0,"banskobystricky kraj, krupina",2
111928,1,0,"nitriansky kraj, sturovo",0
111929,0,1,"banskobystricky kraj, banska bystrica",16
111930,1,1,"trenciansky kraj, puchov",0
111931,0,1,"zahranicie, zahranicie - ostatne",14
111932,1,0,"trenciansky kraj, povazska bystrica",0
111933,0,0,"kosicky kraj, kosice - sidlisko tahanovce",17
111934,1,1,"kosicky kraj, spisska nova ves",14
111935,1,1,"nitriansky kraj, zlate moravce",0
111936,0,1,"bratislavsky kraj, senec",15
111937,1,1,"nitriansky kraj, nitra",0
111938,1,1,"nitriansky kraj, nitra",0
111939,1,0,"trenciansky kraj, puchov",17
111940,1,0,"kosicky kraj, kosice - okolie",0
111963,0,0,"nitriansky kraj, vrable",0
112039,0,0,"zahranicie, zahranicie - francuzsko",0
112259,1,1,"trenciansky kraj, dubnica nad vahom",0
112260,1,0,"zilinsky kraj, zilina",15
112261,0,0,"kosicky kraj, kosice - krasna nad hornadom",0
112263,0,0,"zahranicie, zahranicie - usa",16
112265,0,0,"banskobystricky kraj, jelsava",0
112266,1,1,"trenciansky kraj, trencin",0
112268,1,1,"bratislavsky kraj, bratislava - petrzalka",15
112269,0,1,"nitriansky kraj, nitra",24
112270,1,0,"trenciansky kraj, novaky",18
112274,0,1,"trenciansky kraj, handlova",14
112278,1,1,"kosicky kraj, kosice - zapad",20
112281,0,1,"kosicky kraj, michalovce",112
112282,1,1,"zilinsky kraj, martin",0
112283,0,0,"zahranicie, zahranicie - kanada",18
112284,1,0,"bratislavsky kraj, bratislava - ostatne",0
112434,1,0,"kosicky kraj, kosice - zapad",0
112575,1,0,"banskobystricky kraj, brezno",0
112584,1,0,"trnavsky kraj, holic",21
112591,1,1,"trenciansky kraj, ilava",19
112593,0,1,"nitriansky kraj, sala",12
112595,1,1,"banskobystricky kraj, modry kamen",0
112599,0,1,"nitriansky kraj, levice",22
112601,1,0,"trnavsky kraj, sered",0
112602,1,0,"nitriansky kraj, nitra",0
112603,1,0,"nitriansky kraj, topolcany",20
112605,1,0,"trenciansky kraj, handlova",18
112606,0,1,"kosicky kraj, kosice - okolie",19
112607,0,1,"trenciansky kraj, banovce nad bebravou",0
112608,0,0,"trenciansky kraj, partizanske",0
112610,0,0,"kosicky kraj, kosice - okolie",16
112611,1,0,"trnavsky kraj, trnava",0
112668,1,1,"zilinsky kraj, zilina",14
112705,1,1,"zilinsky kraj, zilina",18
112706,1,0,"zahranicie, zahranicie - gb",0
112723,1,0,"kosicky kraj, kosice - stare mesto",0
112729,0,0,"banskobystricky kraj, rimavska sobota",23
112818,1,1,"banskobystricky kraj, rimavska sobota",14
112823,1,1,"nitriansky kraj, nitra",15
112824,1,1,"kosicky kraj, spisska nova ves",0
112825,1,1,"nitriansky kraj, topolcany",13
112826,1,1,"kosicky kraj, kosice - okolie",0
112827,1,0,"zahranicie, zahranicie - ostatne",16
112828,0,0,"bratislavsky kraj, bratislava - devinska nova ves",0
112829,1,0,"presovsky kraj, snina",18
112830,1,0,"presovsky kraj, presov",0
112831,0,0,"banskobystricky kraj, banska bystrica",14
112832,0,1,"kosicky kraj, kosice - sever",22
112833,0,1,"nitriansky kraj, nove zamky",20
112834,0,1,"banskobystricky kraj, revuca",15
112885,0,1,"bratislavsky kraj, modra",19
112913,0,1,"banskobystricky kraj, brezno",0
112996,0,0,"banskobystricky kraj, banska bystrica",21
113021,1,1,"zilinsky kraj, ruzomberok",0
113107,0,0,"presovsky kraj, presov",0
113109,1,0,"presovsky kraj, presov",22
113110,0,1,"kosicky kraj, kosice - juh",0
113111,0,0,"bratislavsky kraj, bratislava - dubravka",0
113112,1,1,"trenciansky kraj, dubnica nad vahom",0
113113,1,1,"trenciansky kraj, puchov",0
113114,1,0,"zahranicie, zahranicie - kanada",15
113116,1,1,"trenciansky kraj, partizanske",14
113117,0,0,"presovsky kraj, presov",16
113118,0,1,"presovsky kraj, presov",0
113119,1,0,"nitriansky kraj, vrable",15
113121,0,0,"presovsky kraj, humenne",0
113122,0,0,"zilinsky kraj, dolny kubin",15
113123,1,0,"nitriansky kraj, sala",0
113124,1,0,"kosicky kraj, kosice - okolie",13
113268,0,0,"trnavsky kraj, piestany",0
113276,1,0,"zilinsky kraj, namestovo",0
113311,1,0,"banskobystricky kraj, banska bystrica",15
113385,1,1,"trnavsky kraj, hlohovec",12
113386,0,0,"presovsky kraj, poprad",18
113387,0,0,"trenciansky kraj, prievidza",0
113388,1,0,"banskobystricky kraj, zvolen",19
113389,1,1,"nitriansky kraj, nitra",22
113390,1,0,"kosicky kraj, michalovce",11
113391,1,0,"trenciansky kraj, puchov",0
113392,1,0,"presovsky kraj, presov",15
113393,1,0,"presovsky kraj, velky saris",0
113394,0,1,"bratislavsky kraj, bratislava - petrzalka",0
113395,1,1,"nitriansky kraj, levice",20
113396,1,1,"bratislavsky kraj, bratislava - petrzalka",13
113397,1,1,"bratislavsky kraj, bratislava - ostatne",0
113399,0,1,"kosicky kraj, kosice - okolie",13
113400,0,1,"presovsky kraj, kezmarok",0
113401,1,1,"kosicky kraj, trebisov",21
113402,1,0,"nitriansky kraj, nove zamky",0
113403,1,1,"kosicky kraj, kosice - sever",16
113534,0,1,"zahranicie, zahranicie - nemecko",0
113656,1,0,"nitriansky kraj, levice",19
113658,1,1,"banskobystricky kraj, zvolen",0
113659,1,0,"nitriansky kraj, topolcany",17
113660,1,1,"kosicky kraj, spisska nova ves",14
113661,0,0,"nitriansky kraj, surany",0
113662,1,1,"presovsky kraj, presov",16
113663,1,1,"trenciansky kraj, nova dubnica",0
113665,1,0,"banskobystricky kraj, filakovo",10
113666,1,0,"trenciansky kraj, trencin",0
113668,1,0,"kosicky kraj, kosice - dargovskych hrdinov",0
113669,1,0,"zahranicie, zahranicie - australia",14
113670,1,0,"kosicky kraj, kosice - stare mesto",19
113671,0,1,"zilinsky kraj, cadca",14
113702,0,1,"presovsky kraj, presov",21
113727,1,0,"nitriansky kraj, hurbanovo",0
113836,1,0,"zilinsky kraj, cadca",15
113848,1,1,"zilinsky kraj, ruzomberok",20
113901,1,0,"bratislavsky kraj, bratislava - stare mesto",18
113905,1,0,"zilinsky kraj, dolny kubin",0
113909,1,0,"trenciansky kraj, puchov",21
113914,1,0,"zahranicie, zahranicie - usa",0
113916,1,1,"zilinsky kraj, martin",18
113918,1,1,"bratislavsky kraj, senec",0
113920,1,1,"bratislavsky kraj, pezinok",0
113921,1,0,"trenciansky kraj, prievidza",19
113922,1,1,"trenciansky kraj, prievidza",15
113923,0,1,"zilinsky kraj, ruzomberok",0
113924,1,0,"banskobystricky kraj, detva",0
113925,0,0,"nitriansky kraj, nove zamky",0
113926,1,1,"banskobystricky kraj, rimavska sobota",15
113927,1,1,"bratislavsky kraj, malacky",12
113928,1,0,"bratislavsky kraj, bratislava - nove mesto",12
113929,1,1,"presovsky kraj, stropkov",20
113930,0,0,"banskobystricky kraj, revuca",20
113931,0,1,"trenciansky kraj, prievidza",18
113932,1,0,"presovsky kraj, snina",0
113963,1,0,"nitriansky kraj, topolcany",24
114059,1,0,"nitriansky kraj, komarno",18
114075,1,0,"zilinsky kraj, cadca",24
114081,1,0,"presovsky kraj, presov",20
114083,1,1,"kosicky kraj, moldava nad bodvou",13
114084,0,1,"presovsky kraj, lipany",19
114085,0,0,"zahranicie, zahranicie - francuzsko",0
114086,0,0,"trenciansky kraj, povazska bystrica",0
114087,1,0,"presovsky kraj, spisske podhradie",0
114088,1,0,"bratislavsky kraj, bratislava - okolie",0
114089,0,0,"kosicky kraj, spisska nova ves",18
114090,1,0,"zahranicie, zahranicie - usa",23
114091,1,1,"nitriansky kraj, nove zamky",17
114093,1,1,"zahranicie, zahranicie - rakusko",18
114094,0,0,"presovsky kraj, presov",24
114095,0,1,"trenciansky kraj, prievidza",0
114122,0,0,"zilinsky kraj, cadca",25
114360,1,1,"zilinsky kraj, namestovo",13
114392,1,0,"trenciansky kraj, prievidza",0
114393,0,1,"presovsky kraj, humenne",16
114394,1,0,"zilinsky kraj, tvrdosin",0
114395,0,0,"presovsky kraj, sabinov",0
114396,1,0,"banskobystricky kraj, banska bystrica",0
114397,1,1,"presovsky kraj, bardejov",0
114398,0,1,"presovsky kraj, poprad",16
114399,1,0,"trenciansky kraj, prievidza",18
114400,1,1,"banskobystricky kraj, banska bystrica",22
114402,1,1,"trnavsky kraj, holic",0
114403,1,1,"kosicky kraj, kralovsky chlmec",15
114404,1,1,"presovsky kraj, stara lubovna",0
114405,1,0,"trnavsky kraj, skalica",22
114406,0,1,"trnavsky kraj, trnava",14
114407,1,0,"trenciansky kraj, prievidza",17
114409,1,1,"kosicky kraj, moldava nad bodvou",20
114489,1,1,"zilinsky kraj, namestovo",13
114491,1,0,"zilinsky kraj, namestovo",17
114544,0,0,"nitriansky kraj, nitra",0
114549,0,0,"zahranicie, zahranicie - usa",0
114551,0,0,"presovsky kraj, sabinov",20
114578,1,1,"trenciansky kraj, trencin",0
114582,1,0,"trnavsky kraj, senica",0
114583,1,1,"trenciansky kraj, ilava",14
114584,0,0,"kosicky kraj, kosice - sidlisko tahanovce",0
114585,0,1,"trenciansky kraj, banovce nad bebravou",0
114586,0,0,"nitriansky kraj, nitra",0
114587,1,1,"nitriansky kraj, sala",15
114588,1,1,"presovsky kraj, poprad",25
114589,1,0,"kosicky kraj, kosice - okolie",15
114590,1,1,"trenciansky kraj, prievidza",23
114591,0,1,"presovsky kraj, bardejov",15
114592,1,0,"trenciansky kraj, prievidza",0
114593,1,0,"kosicky kraj, spisska nova ves",14
114594,1,0,"banskobystricky kraj, zvolen",0
114595,1,0,"presovsky kraj, kezmarok",0
114596,1,1,"nitriansky kraj, nitra",0
114623,1,0,"zilinsky kraj, namestovo",0
114763,1,0,"kosicky kraj, kosice - okolie",0
114764,1,0,"kosicky kraj, moldava nad bodvou",0
114765,1,1,"presovsky kraj, podolinec",17
114766,1,1,"kosicky kraj, kosice - saca",19
114767,0,0,"zahranicie, zahranicie - ostatne",14
114768,0,0,"trenciansky kraj, ilava",0
114771,1,0,"banskobystricky kraj, brezno",0
114772,1,1,"zahranicie, zahranicie - usa",17
114773,1,0,"trnavsky kraj, holic",0
114775,1,0,"presovsky kraj, presov",20
114776,0,1,"zilinsky kraj, zilina",0
114779,0,1,"presovsky kraj, humenne",0
114971,1,1,"zilinsky kraj, tvrdosin",11
114972,1,0,"presovsky kraj, kezmarok",16
114973,1,1,"trenciansky kraj, puchov",0
114974,1,1,"bratislavsky kraj, bratislava - okolie",23
114976,0,0,"banskobystricky kraj, zvolen",23
114977,1,1,"zahranicie, zahranicie - ostatne",14
114978,1,0,"banskobystricky kraj, hnusta",15
114979,1,0,"presovsky kraj, poprad",0
114980,1,0,"zilinsky kraj, zilina",0
114981,0,0,"presovsky kraj, bardejov",12
114982,1,1,"trnavsky kraj, sered",24
114983,1,1,"trnavsky kraj, hlohovec",0
114984,1,1,"nitriansky kraj, nove zamky",19
114985,1,1,"bratislavsky kraj, bratislava - nove mesto",0
114986,0,1,"ceska republika, cz - jihomoravsky kraj",20
115197,1,1,"zilinsky kraj, zilina",23
115276,1,0,"presovsky kraj, presov",21
115278,0,0,"nitriansky kraj, sala",0
115279,1,1,"trenciansky kraj, prievidza",0
115280,1,1,"presovsky kraj, snina",14
115281,0,1,"presovsky kraj, presov",0
115282,1,0,"banskobystricky kraj, zarnovica",14
115284,0,1,"presovsky kraj, poprad",0
115285,1,0,"trenciansky kraj, partizanske",14
115286,0,0,"banskobystricky kraj, ziar nad hronom",16
115287,1,0,"trenciansky kraj, myjava",19
115288,1,1,"bratislavsky kraj, malacky",16
115289,0,0,"zahranicie, zahranicie - usa",0
115291,0,0,"zilinsky kraj, martin",21
115319,1,0,"bratislavsky kraj, bratislava - karlova ves",0
115337,1,1,"zilinsky kraj, cadca",0
115363,0,1,"banskobystricky kraj, brezno",21
115453,1,0,"banskobystricky kraj, tornala",0
115568,1,1,"nitriansky kraj, zeliezovce",14
115579,1,0,"zilinsky kraj, martin",18
115590,1,0,"kosicky kraj, kosice - stare mesto",0
115591,0,0,"kosicky kraj, moldava nad bodvou",0
115592,1,1,"trenciansky kraj, prievidza",14
115593,1,1,"trenciansky kraj, ilava",23
115594,1,1,"bratislavsky kraj, bratislava - ruzinov",14
115595,0,0,"trenciansky kraj, prievidza",0
115596,1,0,"kosicky kraj, spisska nova ves",0
115597,1,0,"banskobystricky kraj, ziar nad hronom",0
115598,0,0,"kosicky kraj, spisska nova ves",18
115599,0,0,"zahranicie, zahranicie - usa",0
115601,1,1,"presovsky kraj, poprad",0
115602,1,1,"trenciansky kraj, prievidza",14
115603,0,0,"nitriansky kraj, komarno",20
115604,1,0,"trenciansky kraj, ilava",0
115606,1,0,"zahranicie, zahranicie - ostatne",0
115665,1,1,"zilinsky kraj, zilina",22
115669,1,0,"zilinsky kraj, cadca",0
115806,1,0,"trenciansky kraj, trencin",0
115837,0,1,"trnavsky kraj, piestany",0
115838,1,0,"presovsky kraj, snina",18
115839,1,1,"nitriansky kraj, surany",13
115841,1,1,"presovsky kraj, presov",18
115842,1,1,"trenciansky kraj, brezova pod bradlom",14
115843,1,0,"banskobystricky kraj, brezno",0
115844,1,1,"presovsky kraj, stropkov",20
115845,1,0,"nitriansky kraj, surany",14
115846,1,1,"bratislavsky kraj, bratislava - vajnory",15
115847,0,0,"presovsky kraj, presov",22
115848,1,1,"banskobystricky kraj, zvolen",0
115849,1,1,"trenciansky kraj, partizanske",14
115877,1,0,"kosicky kraj, kosice - stare mesto",20
115893,1,1,"zilinsky kraj, ruzomberok",0
115941,0,0,"zahranicie, zahranicie - nemecko",0
115985,0,1,"bratislavsky kraj, bratislava - podunaj. biskupice",13
116095,1,1,"trnavsky kraj, senica",0
116096,0,1,"kosicky kraj, michalovce",17
116097,0,1,"zilinsky kraj, zilina",16
116098,0,1,"nitriansky kraj, nitra",0
116099,0,1,"presovsky kraj, presov",0
116100,0,0,"zilinsky kraj, tvrdosin",20
116101,1,1,"bratislavsky kraj, bratislava - okolie",0
116102,0,0,"kosicky kraj, kosice - zapad",12
116103,1,1,"presovsky kraj, poprad",17
116104,1,0,"presovsky kraj, stara lubovna",11
116105,1,1,"presovsky kraj, stara lubovna",15
116106,1,1,"bratislavsky kraj, malacky",28
116107,0,0,"kosicky kraj, kosice - zapad",0
116108,1,1,"presovsky kraj, bardejov",32
116109,0,1,"kosicky kraj, kosice - sever",25
116110,1,1,"trenciansky kraj, puchov",13
116111,0,0,"presovsky kraj, bardejov",17
116112,1,0,"zilinsky kraj, liptovsky mikulas",49
116113,1,1,"kosicky kraj, trebisov",0
116244,1,0,"zilinsky kraj, namestovo",0
116259,0,0,"zilinsky kraj, zilina",0
116301,0,0,"presovsky kraj, presov",25
116305,0,1,"zilinsky kraj, cadca",47
116330,1,1,"zilinsky kraj, ruzomberok",0
116338,1,1,"presovsky kraj, presov",0
116339,0,1,"presovsky kraj, presov",0
116340,1,0,"nitriansky kraj, nove zamky",13
116341,1,1,"bratislavsky kraj, modra",22
116342,0,1,"presovsky kraj, snina",0
116343,1,1,"trenciansky kraj, banovce nad bebravou",0
116344,0,0,"kosicky kraj, kosice - okolie",15
116345,0,0,"trenciansky kraj, banovce nad bebravou",0
116346,0,1,"zahranicie, zahranicie - ostatne",0
116347,0,1,"presovsky kraj, bardejov",16
116348,1,0,"zahranicie, zahranicie - usa",17
116349,1,0,"presovsky kraj, presov",0
116350,0,0,"banskobystricky kraj, ziar nad hronom",0
116351,1,0,"trnavsky kraj, dunajska streda",21
116353,1,1,"trnavsky kraj, piestany",0
116354,0,1,"bratislavsky kraj, modra",15
116355,1,1,"presovsky kraj, bardejov",0
116357,1,0,"presovsky kraj, presov",12
116435,0,0,"nitriansky kraj, nitra",22
116483,0,0,"nitriansky kraj, levice",0
116484,0,0,"kosicky kraj, trebisov",0
116485,1,0,"trnavsky kraj, senica",0
116486,1,0,"zilinsky kraj, dolny kubin",25
116487,1,1,"trenciansky kraj, prievidza",0
116489,1,0,"presovsky kraj, humenne",0
116491,1,1,"presovsky kraj, presov",13
116492,0,1,"presovsky kraj, bardejov",0
116494,1,0,"trenciansky kraj, trencin",0
116496,0,0,"banskobystricky kraj, banska bystrica",0
116500,1,0,"trenciansky kraj, prievidza",10
116502,0,1,"presovsky kraj, presov",0
116510,0,0,"banskobystricky kraj, banska bystrica",0
116536,1,1,"kosicky kraj, roznava",0
116537,0,1,"trnavsky kraj, vrbove",0
116538,0,1,"trenciansky kraj, nove mesto nad vahom",0
116539,1,0,"nitriansky kraj, nitra",16
116596,0,0,"banskobystricky kraj, hnusta",0
116634,1,0,"banskobystricky kraj, zvolen",20
116666,1,1,"trenciansky kraj, prievidza",19
116667,0,0,"nitriansky kraj, nove zamky",0
116668,0,0,"zahranicie, zahranicie - ostatne",0
116670,0,1,"zilinsky kraj, dolny kubin",0
116671,1,1,"banskobystricky kraj, revuca",17
116672,1,0,"presovsky kraj, stara lubovna",14
116674,1,1,"banskobystricky kraj, ziar nad hronom",18
116675,0,0,"zilinsky kraj, tvrdosin",0
116676,1,0,"nitriansky kraj, nitra",16
116677,1,1,"banskobystricky kraj, revuca",0
116678,0,1,"trnavsky kraj, hlohovec",0
116679,1,0,"zilinsky kraj, zilina",14
116680,1,1,"trenciansky kraj, bojnice",0
116681,0,0,"trenciansky kraj, prievidza",0
116683,0,1,"trenciansky kraj, prievidza",16
116786,0,0,"zilinsky kraj, zilina",0
116805,0,0,"nitriansky kraj, sturovo",16
116807,1,1,"kosicky kraj, kosice - sidlisko tahanovce",0
116808,0,0,"trenciansky kraj, trencin",19
116809,1,1,"presovsky kraj, spisska bela",16
116810,1,0,"zilinsky kraj, cadca",24
116811,1,1,"kosicky kraj, kosice - zapad",18
116813,0,1,"kosicky kraj, spisska nova ves",18
116814,0,1,"trenciansky kraj, povazska bystrica",2
116815,1,0,"bratislavsky kraj, malacky",0
116828,0,0,"zilinsky kraj, namestovo",0
116831,1,1,"zilinsky kraj, cadca",22
117117,1,0,"zilinsky kraj, tvrdosin",0
117118,1,1,"bratislavsky kraj, senec",0
117119,1,0,"kosicky kraj, spisska nova ves",13
117121,1,1,"kosicky kraj, roznava",0
117122,1,1,"trnavsky kraj, hlohovec",20
117123,1,1,"zilinsky kraj, dolny kubin",0
117124,0,0,"nitriansky kraj, levice",0
117125,0,1,"trenciansky kraj, prievidza",0
117126,1,0,"banskobystricky kraj, lucenec",19
117127,0,0,"trnavsky kraj, holic",15
117128,0,0,"zilinsky kraj, zilina",0
117129,0,0,"bratislavsky kraj, bratislava - okolie",0
117130,1,0,"zahranicie, zahranicie - usa",0
117131,1,0,"kosicky kraj, spisska nova ves",18
117132,0,0,"bratislavsky kraj, senec",18
117134,1,1,"bratislavsky kraj, senec",15
117203,0,1,"banskobystricky kraj, lucenec",23
117241,0,1,"zilinsky kraj, martin",0
117323,1,1,"banskobystricky kraj, banska bystrica",16
117330,0,1,"ceska republika, cz - ustecky kraj",0
117348,1,1,"kosicky kraj, medzev",0
117368,1,0,"nitriansky kraj, levice",0
117372,0,0,"banskobystricky kraj, banska bystrica",0
117375,1,1,"zahranicie, zahranicie - usa",0
117377,1,1,"kosicky kraj, kosice - sidlisko tahanovce",14
117379,1,1,"kosicky kraj, kosice - okolie",0
117380,0,1,"presovsky kraj, medzilaborce",0
117381,1,0,"trenciansky kraj, prievidza",0
117383,1,1,"trenciansky kraj, prievidza",16
117385,0,1,"presovsky kraj, stara lubovna",0
117386,0,1,"trenciansky kraj, trencin",14
117448,1,1,"banskobystricky kraj, banska bystrica",0
117449,1,0,"banskobystricky kraj, banska bystrica",15
117598,0,0,"banskobystricky kraj, banska bystrica",22
117615,1,1,"bratislavsky kraj, senec",0
117616,1,0,"banskobystricky kraj, kremnica",16
117617,0,0,"trenciansky kraj, trencin",17
117618,1,0,"trnavsky kraj, piestany",17
117619,0,0,"nitriansky kraj, zeliezovce",0
117620,1,0,"bratislavsky kraj, bratislava - stare mesto",19
117621,1,1,"nitriansky kraj, nove zamky",0
117622,1,1,"presovsky kraj, bardejov",20
117623,1,1,"zahranicie, zahranicie - kanada",0
117624,1,1,"trenciansky kraj, stara tura",0
117625,1,1,"nitriansky kraj, nove zamky",19
117626,1,0,"kosicky kraj, kosice - zapad",0
117627,0,1,"kosicky kraj, michalovce",0
117628,1,0,"trnavsky kraj, senica",16
117629,0,1,"bratislavsky kraj, bratislava - nove mesto",0
117693,1,0,"zilinsky kraj, rajecke teplice",25
117705,1,0,"zilinsky kraj, martin",18
117787,0,0,"kosicky kraj, kosice - krasna nad hornadom",16
117790,1,0,"banskobystricky kraj, zvolen",0
117794,0,1,"zilinsky kraj, ruzomberok",19
117797,1,0,"trenciansky kraj, prievidza",14
117801,0,1,"nitriansky kraj, levice",0
117802,0,0,"banskobystricky kraj, banska bystrica",0
117803,0,1,"trenciansky kraj, trencin",0
117804,0,0,"presovsky kraj, kezmarok",17
117805,0,1,"trenciansky kraj, trencin",0
117806,1,0,"presovsky kraj, presov",18
117807,1,0,"trenciansky kraj, trencianske teplice",0
117808,1,0,"trnavsky kraj, samorin",16
117810,0,0,"presovsky kraj, presov",0
117811,1,1,"zilinsky kraj, liptovsky hradok",0
117865,0,1,"banskobystricky kraj, banska bystrica",21
117867,1,1,"banskobystricky kraj, banska bystrica",21
117895,0,0,"banskobystricky kraj, banska bystrica",20
117924,1,0,"presovsky kraj, bardejov",18
117925,0,0,"trenciansky kraj, partizanske",0
117926,1,0,"trenciansky kraj, prievidza",0
117927,0,1,"zilinsky kraj, martin",17
117928,0,0,"trenciansky kraj, partizanske",0
117929,0,1,"trenciansky kraj, nove mesto nad vahom",13
117930,1,0,"bratislavsky kraj, malacky",0
117931,1,1,"zilinsky kraj, ruzomberok",0
117933,1,1,"nitriansky kraj, nitra",14
117934,1,1,"trnavsky kraj, holic",17
117935,1,1,"trenciansky kraj, prievidza",14
117937,0,1,"nitriansky kraj, komarno",0
118003,0,0,"zahranicie, zahranicie - australia",0
118018,0,0,"banskobystricky kraj, revuca",0
118069,1,0,"trenciansky kraj, prievidza",19
118141,1,0,"banskobystricky kraj, banska bystrica",18
118152,1,1,"zilinsky kraj, kysucke nove mesto",0
118157,1,1,"bratislavsky kraj, bratislava - ostatne",26
118158,1,1,"zilinsky kraj, dolny kubin",27
118159,1,0,"zahranicie, zahranicie - ostatne",0
118161,0,0,"bratislavsky kraj, bratislava - ruzinov",0
118162,1,1,"presovsky kraj, presov",18
118164,1,1,"trenciansky kraj, dubnica nad vahom",15
118165,1,1,"presovsky kraj, stropkov",15
118166,0,0,"zahranicie, zahranicie - australia",0
118167,1,0,"kosicky kraj, spisska nova ves",0
118168,0,0,"kosicky kraj, roznava",19
118169,1,1,"trenciansky kraj, nove mesto nad vahom",0
118171,0,0,"banskobystricky kraj, banska bystrica",17
118174,1,0,"trnavsky kraj, dunajska streda",20
118175,0,1,"trnavsky kraj, leopoldov",19
118176,1,1,"trenciansky kraj, prievidza",0
118327,1,0,"banskobystricky kraj, banska bystrica",0
118344,0,0,"ceska republika, cz - olomoucky kraj",0
118357,1,0,"nitriansky kraj, nove zamky",0
118358,0,1,"zilinsky kraj, zilina",16
118360,0,1,"banskobystricky kraj, velky krtis",17
118361,1,0,"trenciansky kraj, dubnica nad vahom",17
118362,1,1,"nitriansky kraj, nove zamky",0
118363,0,0,"banskobystricky kraj, lucenec",19
118364,1,0,"trenciansky kraj, handlova",0
118365,1,0,"bratislavsky kraj, bratislava - vrakuna",19
118366,0,0,"bratislavsky kraj, malacky",0
118368,1,1,"presovsky kraj, stara lubovna",14
118371,1,0,"kosicky kraj, kosice - stare mesto",0
118372,1,1,"trenciansky kraj, prievidza",14
118373,0,1,"zahranicie, zahranicie - ostatne",0
118374,1,0,"presovsky kraj, hanusovce nad toplou",0
118375,1,1,"presovsky kraj, sabinov",0
118484,1,1,"presovsky kraj, svidnik",20
118566,1,1,"banskobystricky kraj, banska bystrica",0
118667,0,0,"zahranicie, zahranicie - ostatne",0
118669,1,1,"bratislavsky kraj, bratislava - devinska nova ves",15
118670,1,1,"zilinsky kraj, liptovsky hradok",0
118671,1,0,"presovsky kraj, presov",0
118672,0,0,"banskobystricky kraj, zvolen",0
118673,1,0,"presovsky kraj, stara lubovna",0
118745,0,1,"banskobystricky kraj, brezno",22
118746,1,1,"presovsky kraj, svit",0
118747,1,0,"trenciansky kraj, prievidza",16
118748,1,1,"nitriansky kraj, zeliezovce",19
118749,1,1,"trenciansky kraj, trencin",17
118750,1,1,"presovsky kraj, stropkov",0
118751,0,0,"kosicky kraj, spisska nova ves",19
118752,1,1,"presovsky kraj, humenne",0
118776,0,1,"zilinsky kraj, dolny kubin",0
118865,1,0,"trenciansky kraj, prievidza",20
118926,1,1,"nitriansky kraj, hurbanovo",18
119251,0,0,"zilinsky kraj, dolny kubin",19
119252,1,0,"presovsky kraj, sabinov",0
119253,1,1,"zahranicie, zahranicie - gb",0
119254,0,1,"bratislavsky kraj, malacky",17
119255,1,0,"zilinsky kraj, liptovsky mikulas",0
119256,1,0,"kosicky kraj, kosice - okolie",10
119257,1,1,"nitriansky kraj, nitra",0
119258,0,0,"nitriansky kraj, levice",0
119259,1,0,"zilinsky kraj, martin",20
119260,1,0,"zahranicie, zahranicie - usa",12
119261,0,1,"zahranicie, zahranicie - usa",0
119262,1,1,"trnavsky kraj, leopoldov",0
119263,1,1,"zilinsky kraj, ruzomberok",112
119264,0,0,"trenciansky kraj, banovce nad bebravou",16
119265,1,0,"presovsky kraj, presov",0
119266,0,1,"zahranicie, zahranicie - ostatne",0
119314,1,0,"trenciansky kraj, handlova",18
119383,0,0,"banskobystricky kraj, brezno",31
119391,1,0,"zilinsky kraj, zilina",14
119446,0,0,"bratislavsky kraj, bratislava - dubravka",0
119449,1,1,"zilinsky kraj, kysucke nove mesto",16
119458,0,1,"zilinsky kraj, cadca",14
119473,1,1,"bratislavsky kraj, bratislava - raca",19
119474,0,1,"zahranicie, zahranicie - ostatne",0
119475,0,0,"presovsky kraj, presov",0
119476,1,0,"zilinsky kraj, martin",14
119477,1,1,"zahranicie, zahranicie - ostatne",0
119480,0,0,"banskobystricky kraj, detva",0
119481,1,1,"nitriansky kraj, topolcany",17
119482,0,0,"bratislavsky kraj, malacky",0
119484,0,0,"kosicky kraj, kosice - stare mesto",0
119485,1,0,"zahranicie, zahranicie - ostatne",0
119486,1,1,"kosicky kraj, kosice - okolie",18
119597,1,0,"zilinsky kraj, zilina",16
119606,1,1,"kosicky kraj, trebisov",16
119632,1,1,"zilinsky kraj, zilina",0
119647,1,0,"zilinsky kraj, dolny kubin",16
119648,1,0,"presovsky kraj, stara lubovna",15
119649,0,0,"kosicky kraj, kosice - juh",14
119650,1,1,"trnavsky kraj, sered",14
119651,0,0,"bratislavsky kraj, bratislava - ostatne",21
119653,1,1,"trnavsky kraj, sered",0
119654,1,1,"kosicky kraj, trebisov",13
119655,1,1,"banskobystricky kraj, banska bystrica",0
119657,1,1,"kosicky kraj, kosice - okolie",43
119658,0,0,"kosicky kraj, kosice - sidlisko tahanovce",17
119659,1,0,"trenciansky kraj, prievidza",0
119660,1,1,"trnavsky kraj, hlohovec",0
119661,0,0,"trenciansky kraj, bojnice",0
119662,1,1,"presovsky kraj, kezmarok",12
119663,1,0,"presovsky kraj, spisska bela",0
119664,1,1,"nitriansky kraj, surany",26
119665,1,0,"kosicky kraj, michalovce",13
119675,0,1,"banskobystricky kraj, detva",21
119684,1,1,"zahranicie, zahranicie - gb",0
119686,1,1,"kosicky kraj, kosice - sever",17
119687,0,0,"zilinsky kraj, ruzomberok",16
119688,1,1,"zilinsky kraj, kysucke nove mesto",16
119690,1,1,"zilinsky kraj, ruzomberok",14
119765,1,1,"zilinsky kraj, namestovo",15
119770,1,1,"trenciansky kraj, dubnica nad vahom",0
119775,0,0,"zilinsky kraj, liptovsky mikulas",23
119806,0,0,"zilinsky kraj, trstena",22
119827,1,1,"trenciansky kraj, dubnica nad vahom",0
119829,1,1,"zilinsky kraj, turcianske teplice",15
119841,1,0,"kosicky kraj, michalovce",0
119864,0,0,"presovsky kraj, stara lubovna",16
119865,1,0,"presovsky kraj, humenne",0
119866,1,1,"zilinsky kraj, zilina",19
119868,1,0,"nitriansky kraj, komarno",18
119869,1,0,"zilinsky kraj, zilina",0
119873,1,0,"kosicky kraj, roznava",0
119875,1,0,"zilinsky kraj, martin",0
119876,1,1,"zilinsky kraj, namestovo",20
119878,1,1,"trenciansky kraj, puchov",13
119880,0,0,"kosicky kraj, michalovce",20
119881,1,0,"kosicky kraj, spisska nova ves",0
119882,0,1,"trenciansky kraj, trencin",0
119883,1,0,"nitriansky kraj, topolcany",0
119977,1,1,"kosicky kraj, kosice - okolie",14
120249,1,1,"nitriansky kraj, sala",0
120261,0,1,"kosicky kraj, spisska nova ves",0
120262,1,1,"presovsky kraj, presov",16
120263,1,1,"kosicky kraj, kosice - okolie",20
120264,1,0,"banskobystricky kraj, banska bystrica",0
120265,1,1,"banskobystricky kraj, brezno",0
120266,0,0,"trenciansky kraj, prievidza",0
120267,1,1,"trnavsky kraj, trnava",0
120268,1,1,"trnavsky kraj, senica",21
120269,1,1,"zilinsky kraj, dolny kubin",18
120270,1,1,"kosicky kraj, trebisov",0
120271,1,0,"kosicky kraj, roznava",0
120272,0,0,"trenciansky kraj, trencin",28
120273,0,1,"nitriansky kraj, surany",22
120274,1,1,"bratislavsky kraj, malacky",12
120275,1,0,"presovsky kraj, poprad",15
120276,1,0,"nitriansky kraj, topolcany",0
120363,0,0,"zilinsky kraj, namestovo",19
120436,1,0,"zilinsky kraj, bytca",0
120515,0,0,"nitriansky kraj, nove zamky",21
120516,1,1,"zilinsky kraj, trstena",0
120517,0,1,"zilinsky kraj, martin",0
120518,1,0,"trenciansky kraj, prievidza",18
120519,0,0,"kosicky kraj, kosice - zapad",21
120520,1,1,"zahranicie, zahranicie - kanada",15
120521,0,1,"presovsky kraj, stara lubovna",17
120523,1,0,"zilinsky kraj, dolny kubin",0
120525,0,0,"presovsky kraj, bardejov",0
120526,0,0,"nitriansky kraj, nitra",0
120527,1,1,"kosicky kraj, kosice - krasna nad hornadom",0
120528,1,1,"kosicky kraj, kosice - zapad",17
120529,1,1,"kosicky kraj, kosice - okolie",20
120530,1,0,"zilinsky kraj, liptovsky hradok",19
120673,0,0,"trenciansky kraj, povazska bystrica",23
120859,1,0,"zilinsky kraj, ruzomberok",24
120886,0,0,"zilinsky kraj, cadca",0
120927,0,1,"nitriansky kraj, nitra",17
120932,0,0,"trenciansky kraj, trencin",0
120933,0,1,"nitriansky kraj, zlate moravce",16
120934,1,0,"zilinsky kraj, martin",17
120935,0,0,"trenciansky kraj, prievidza",0
120936,0,0,"nitriansky kraj, nove zamky",0
120937,0,1,"presovsky kraj, humenne",0
120939,1,1,"kosicky kraj, spisska nova ves",0
120940,0,1,"presovsky kraj, bardejov",0
120942,1,1,"presovsky kraj, poprad",22
120943,1,0,"trenciansky kraj, partizanske",14
120944,0,1,"presovsky kraj, bardejov",0
120946,1,1,"presovsky kraj, humenne",0
120950,1,0,"banskobystricky kraj, hrinova",13
120953,1,0,"trnavsky kraj, gbely",13
120954,0,0,"nitriansky kraj, nitra",0
120956,1,1,"presovsky kraj, humenne",0
120959,0,0,"banskobystricky kraj, zvolen",16
121020,0,0,"zilinsky kraj, dolny kubin",0
121027,1,1,"banskobystricky kraj, brezno",15
121054,0,0,"banskobystricky kraj, brezno",18
121137,1,0,"kosicky kraj, kosice - okolie",0
121144,0,1,"zilinsky kraj, namestovo",18
121146,1,0,"bratislavsky kraj, modra",13
121147,1,0,"nitriansky kraj, sturovo",0
121148,0,0,"trenciansky kraj, banovce nad bebravou",0
121149,1,0,"kosicky kraj, kosice - okolie",0
121150,1,1,"trenciansky kraj, trencin",16
121151,1,1,"bratislavsky kraj, bratislava - vajnory",15
121152,1,1,"kosicky kraj, spisska nova ves",13
121153,1,1,"kosicky kraj, kosice - zapad",13
121155,1,0,"trenciansky kraj, banovce nad bebravou",20
121156,1,0,"presovsky kraj, poprad",0
121157,1,0,"kosicky kraj, kosice - okolie",0
121158,1,0,"kosicky kraj, roznava",15
121322,1,1,"bratislavsky kraj, bratislava - stare mesto",26
121323,1,1,"presovsky kraj, humenne",0
121324,1,0,"banskobystricky kraj, banska bystrica",0
121328,0,1,"nitriansky kraj, nove zamky",19
121329,1,1,"banskobystricky kraj, banska bystrica",0
121330,1,1,"zilinsky kraj, tvrdosin",14
121331,1,1,"zahranicie, zahranicie - usa",22
121332,1,1,"presovsky kraj, presov",16
121333,0,1,"presovsky kraj, svidnik",21
121334,0,1,"trnavsky kraj, sered",0
121336,1,0,"nitriansky kraj, topolcany",16
121338,1,0,"banskobystricky kraj, revuca",13
121340,0,0,"zilinsky kraj, dolny kubin",0
121403,0,1,"banskobystricky kraj, zvolen",14
121405,0,1,"banskobystricky kraj, brezno",12
121424,1,1,"trenciansky kraj, handlova",27
121459,1,1,"trnavsky kraj, trnava",20
121462,0,0,"zilinsky kraj, cadca",13
121556,1,1,"presovsky kraj, presov",0
121557,1,1,"zilinsky kraj, cadca",0
121558,1,1,"presovsky kraj, sabinov",14
121559,0,0,"kosicky kraj, trebisov",14
121560,1,1,"trenciansky kraj, partizanske",0
121561,1,1,"presovsky kraj, stara lubovna",0
121562,1,0,"zahranicie, zahranicie - usa",15
121563,0,0,"presovsky kraj, poprad",0
121564,1,0,"bratislavsky kraj, bratislava - ostatne",0
121565,1,1,"zilinsky kraj, liptovsky mikulas",0
121568,0,0,"zahranicie, zahranicie - gb",0
121611,1,0,"zilinsky kraj, liptovsky mikulas",20
121665,0,0,"zahranicie, zahranicie - francuzsko",0
121803,1,1,"trenciansky kraj, dubnica nad vahom",13
121805,0,1,"trenciansky kraj, prievidza",0
121806,1,0,"kosicky kraj, kosice - sever",15
121812,0,0,"banskobystricky kraj, zvolen",14
121813,0,1,"trenciansky kraj, trencin",16
121814,1,1,"presovsky kraj, humenne",0
121815,0,1,"zahranicie, zahranicie - ostatne",16
121819,0,1,"kosicky kraj, kosice - krasna nad hornadom",16
121820,1,1,"zilinsky kraj, namestovo",13
121822,1,0,"kosicky kraj, kosice - okolie",15
121928,1,0,"presovsky kraj, stara lubovna",12
121951,1,0,"ceska republika, cz - kralovehradecky kraj",21
122041,1,1,"kosicky kraj, kosice - okolie",16
122042,0,0,"kosicky kraj, trebisov",0
122043,1,1,"presovsky kraj, lipany",15
122044,1,1,"zilinsky kraj, tvrdosin",0
122045,1,0,"nitriansky kraj, levice",0
122047,1,0,"nitriansky kraj, nove zamky",0
122048,1,1,"kosicky kraj, michalovce",0
122049,0,1,"nitriansky kraj, nitra",0
122050,1,0,"nitriansky kraj, zlate moravce",17
122051,0,0,"trnavsky kraj, piestany",0
122054,1,0,"nitriansky kraj, topolcany",0
122055,1,0,"bratislavsky kraj, senec",0
122155,1,0,"ceska republika, cz - praha",21
122164,0,0,"bratislavsky kraj, malacky",21
122211,0,0,"banskobystricky kraj, banska bystrica",13
122261,0,1,"trenciansky kraj, nova dubnica",0
122263,0,1,"bratislavsky kraj, bratislava - lamac",22
122266,1,1,"kosicky kraj, kosice - sidlisko tahanovce",17
122267,1,0,"zahranicie, zahranicie - francuzsko",0
122268,1,1,"trenciansky kraj, stara tura",25
122269,0,1,"trnavsky kraj, skalica",21
122270,1,1,"zilinsky kraj, ruzomberok",19
122271,1,1,"zilinsky kraj, zilina",0
122272,0,0,"trenciansky kraj, prievidza",0
122273,1,1,"trenciansky kraj, prievidza",21
122274,0,0,"nitriansky kraj, nove zamky",12
122275,1,1,"zahranicie, zahranicie - usa",20
122277,1,1,"presovsky kraj, kezmarok",14
122281,0,1,"presovsky kraj, kezmarok",18
122351,0,1,"nitriansky kraj, topolcany",18
122407,0,1,"zilinsky kraj, ruzomberok",0
122434,1,0,"zilinsky kraj, zilina",13
122435,0,0,"zilinsky kraj, liptovsky mikulas",16
122436,1,1,"bratislavsky kraj, stupava",13
122437,1,1,"presovsky kraj, poprad",16
122438,0,0,"nitriansky kraj, nitra",0
122440,0,0,"trenciansky kraj, nova dubnica",14
122441,1,0,"trnavsky kraj, trnava",0
122442,1,1,"presovsky kraj, bardejov",0
122443,1,0,"presovsky kraj, stara lubovna",14
122444,1,0,"presovsky kraj, bardejov",14
122445,1,1,"trenciansky kraj, partizanske",17
122446,0,1,"trenciansky kraj, myjava",21
122447,0,1,"nitriansky kraj, levice",0
122448,0,1,"trnavsky kraj, piestany",0
122449,0,0,"bratislavsky kraj, malacky",0
122450,0,0,"trnavsky kraj, piestany",16
122477,1,1,"banskobystricky kraj, lucenec",0
122526,0,0,"bratislavsky kraj, bratislava - petrzalka",21
122644,1,1,"trnavsky kraj, holic",18
122646,0,1,"zahranicie, zahranicie - ostatne",16
122648,1,0,"presovsky kraj, vranov nad toplou",13
122650,1,1,"presovsky kraj, presov",13
122652,1,0,"presovsky kraj, poprad",18
122654,1,0,"zilinsky kraj, zilina",0
122657,0,0,"bratislavsky kraj, malacky",0
122661,1,0,"banskobystricky kraj, lucenec",13
122663,1,1,"trnavsky kraj, leopoldov",14
122667,1,0,"trnavsky kraj, samorin",0
122668,1,1,"kosicky kraj, kosice - sidlisko tahanovce",20
122670,1,0,"trenciansky kraj, ilava",0
122672,1,0,"banskobystricky kraj, poltar",20
122773,1,1,"presovsky kraj, stara lubovna",13
122929,1,1,"banskobystricky kraj, banska bystrica",0
123067,0,1,"nitriansky kraj, levice",21
123068,0,0,"zilinsky kraj, namestovo",15
123168,1,1,"zilinsky kraj, cadca",21
123169,1,0,"zilinsky kraj, cadca",19
123170,1,1,"zilinsky kraj, cadca",28
123251,1,1,"zilinsky kraj, bytca",23
123286,1,1,"kosicky kraj, spisska nova ves",12
123287,1,1,"bratislavsky kraj, bratislava - petrzalka",17
123288,1,1,"zilinsky kraj, zilina",0
123289,1,0,"kosicky kraj, kosice - juh",13
123291,0,1,"kosicky kraj, kosice - juh",17
123294,1,1,"trnavsky kraj, galanta",15
123296,0,0,"trnavsky kraj, trnava",0
123297,1,1,"presovsky kraj, humenne",0
123299,1,0,"zahranicie, zahranicie - ostatne",18
123301,1,0,"trenciansky kraj, trencin",0
123344,1,0,"zahranicie, zahranicie - nemecko",19
123479,0,0,"trenciansky kraj, banovce nad bebravou",0
123480,1,0,"nitriansky kraj, vrable",0
123514,1,1,"zilinsky kraj, cadca",21
123519,1,1,"nitriansky kraj, nove zamky",0
123537,1,0,"bratislavsky kraj, pezinok",0
123593,1,1,"nitriansky kraj, vrable",21
123594,1,1,"zilinsky kraj, cadca",21
123610,1,0,"trnavsky kraj, hlohovec",0
123611,1,1,"presovsky kraj, presov",0
123612,1,0,"presovsky kraj, medzilaborce",0
123613,1,1,"kosicky kraj, trebisov",0
123614,0,1,"nitriansky kraj, nove zamky",16
123615,1,1,"zilinsky kraj, martin",0
123616,1,0,"ceska republika, cz - ostravsky kraj",17
123617,0,0,"trenciansky kraj, banovce nad bebravou",15
123618,0,0,"trenciansky kraj, nove mesto nad vahom",14
123620,1,1,"kosicky kraj, spisska nova ves",0
123621,1,1,"presovsky kraj, presov",0
123623,0,0,"kosicky kraj, kosice - okolie",0
123624,1,1,"zilinsky kraj, trstena",0
123626,1,0,"presovsky kraj, presov",0
123627,1,1,"kosicky kraj, kosice - stare mesto",0
123628,1,0,"presovsky kraj, poprad",0
123667,1,1,"zilinsky kraj, cadca",25
123671,1,0,"ceska republika, cz - jihomoravsky kraj",0
123673,1,0,"zilinsky kraj, cadca",48
123745,1,1,"zilinsky kraj, cadca",21
123746,1,1,"nitriansky kraj, vrable",22
123747,1,1,"zilinsky kraj, cadca",22
123748,1,1,"zilinsky kraj, cadca",19
123851,0,0,"trenciansky kraj, banovce nad bebravou",17
123887,1,1,"presovsky kraj, kezmarok",17
123888,0,1,"presovsky kraj, presov",0
123889,0,0,"kosicky kraj, moldava nad bodvou",19
123892,0,0,"nitriansky kraj, nitra",0
123893,1,1,"zilinsky kraj, martin",14
123895,1,1,"kosicky kraj, moldava nad bodvou",0
123898,1,0,"zahranicie, zahranicie - usa",13
123899,0,1,"nitriansky kraj, nitra",13
123901,1,0,"zahranicie, zahranicie - kanada",0
123904,1,1,"zilinsky kraj, ruzomberok",12
123909,0,0,"kosicky kraj, kosice - juh",0
123911,1,0,"trenciansky kraj, partizanske",18
123928,1,0,"zahranicie, zahranicie - ostatne",19
123957,1,1,"nitriansky kraj, vrable",22
124037,1,0,"ceska republika, cz - stredni cechy",20
124054,0,0,"zilinsky kraj, zilina",24
124106,0,0,"bratislavsky kraj, malacky",0
124123,0,0,"kosicky kraj, spisska nova ves",19
124213,0,0,"zilinsky kraj, zilina",16
124215,1,0,"bratislavsky kraj, bratislava - petrzalka",0
124233,0,0,"presovsky kraj, humenne",0
124423,0,0,"trenciansky kraj, prievidza",16
124521,1,0,"zilinsky kraj, cadca",22
124529,1,1,"banskobystricky kraj, krupina",16
124591,0,0,"banskobystricky kraj, banska bystrica",0
124636,1,1,"banskobystricky kraj, banska bystrica",20
124735,1,0,"bratislavsky kraj, bratislava - karlova ves",0
124738,0,0,"trenciansky kraj, povazska bystrica",16
124873,0,0,"kosicky kraj, trebisov",0
124874,0,1,"zilinsky kraj, cadca",0
124875,0,0,"presovsky kraj, svidnik",20
124876,0,0,"zilinsky kraj, zilina",0
124877,1,1,"zahranicie, zahranicie - australia",13
124878,1,1,"zilinsky kraj, trstena",0
124879,1,0,"nitriansky kraj, nitra",0
124880,1,1,"zilinsky kraj, cadca",15
124881,1,1,"trnavsky kraj, trnava",15
124882,1,0,"trenciansky kraj, nove mesto nad vahom",0
124883,1,1,"trenciansky kraj, prievidza",0
124884,1,1,"nitriansky kraj, nove zamky",0
124885,1,0,"trenciansky kraj, nova dubnica",21
124886,0,0,"kosicky kraj, kosice - okolie",0
124887,1,0,"banskobystricky kraj, banska bystrica",17
124888,1,1,"presovsky kraj, spisska bela",16
124953,1,0,"kosicky kraj, moldava nad bodvou",23
124992,0,0,"zilinsky kraj, dolny kubin",19
125062,1,0,"trnavsky kraj, galanta",0
125063,1,1,"kosicky kraj, gelnica",0
125064,1,1,"banskobystricky kraj, banska bystrica",0
125065,1,0,"kosicky kraj, kosice - zapad",12
125066,0,0,"zilinsky kraj, tvrdosin",0
125067,1,1,"zahranicie, zahranicie - ostatne",0
125068,1,1,"bratislavsky kraj, bratislava - petrzalka",0
125070,1,1,"nitriansky kraj, nitra",0
125071,0,0,"banskobystricky kraj, detva",0
125072,1,1,"trenciansky kraj, dubnica nad vahom",0
125073,0,0,"banskobystricky kraj, brezno",0
125074,1,1,"presovsky kraj, humenne",15
125075,1,1,"presovsky kraj, poprad",24
125076,1,1,"nitriansky kraj, levice",17
125077,1,1,"nitriansky kraj, komarno",0
125078,1,1,"trenciansky kraj, nova dubnica",0
125097,0,1,"zilinsky kraj, martin",24
125232,1,1,"bratislavsky kraj, bratislava - ruzinov",13
125233,1,1,"kosicky kraj, michalovce",16
125235,1,1,"trnavsky kraj, dunajska streda",0
125236,0,0,"trenciansky kraj, partizanske",18
125237,1,0,"zilinsky kraj, trstena",9
125238,0,1,"presovsky kraj, stropkov",16
125240,1,0,"presovsky kraj, stara lubovna",0
125241,1,0,"kosicky kraj, kosice - zapad",19
125242,1,0,"kosicky kraj, michalovce",0
125243,0,0,"kosicky kraj, gelnica",0
125244,0,0,"trenciansky kraj, novaky",0
125246,1,0,"zilinsky kraj, cadca",0
125268,0,1,"banskobystricky kraj, banska bystrica",16
125341,0,1,"zilinsky kraj, dolny kubin",22
125348,0,0,"zilinsky kraj, bytca",0
125353,1,0,"kosicky kraj, kosice - juh",15
125354,0,0,"kosicky kraj, krompachy",0
125355,0,0,"nitriansky kraj, sahy",19
125356,1,0,"nitriansky kraj, nitra",0
125357,0,0,"presovsky kraj, presov",0
125359,1,0,"trenciansky kraj, nova dubnica",0
125361,1,0,"trenciansky kraj, partizanske",18
125362,0,0,"bratislavsky kraj, malacky",0
125363,0,1,"kosicky kraj, kosice - okolie",16
125365,1,0,"presovsky kraj, presov",0
125366,1,0,"trnavsky kraj, galanta",0
125367,0,0,"zilinsky kraj, rajec",18
125368,0,0,"trenciansky kraj, prievidza",16
125369,0,0,"banskobystricky kraj, zvolen",0
125511,0,1,"zilinsky kraj, zilina",0
125550,0,1,"presovsky kraj, stropkov",19
125552,1,1,"banskobystricky kraj, banska bystrica",20
125559,1,0,"banskobystricky kraj, banska bystrica",0
125560,1,1,"zilinsky kraj, liptovsky hradok",14
125561,0,1,"trenciansky kraj, banovce nad bebravou",18
125562,1,0,"kosicky kraj, kosice - juh",15
125563,0,0,"trenciansky kraj, bojnice",0
125565,1,0,"banskobystricky kraj, banska stiavnica",21
125566,0,1,"presovsky kraj, stara lubovna",0
125567,1,1,"kosicky kraj, kosice - krasna nad hornadom",0
125568,0,1,"nitriansky kraj, vrable",0
125569,1,0,"kosicky kraj, michalovce",18
125570,0,1,"presovsky kraj, presov",0
125583,0,0,"banskobystricky kraj, banska bystrica",18
125748,0,1,"banskobystricky kraj, banska bystrica",0
125772,1,0,"trenciansky kraj, partizanske",0
125773,0,0,"trnavsky kraj, senica",22
125775,1,1,"trnavsky kraj, galanta",14
125776,1,1,"trnavsky kraj, galanta",17
125777,1,0,"zilinsky kraj, zilina",0
125779,1,0,"presovsky kraj, humenne",0
125780,0,1,"nitriansky kraj, topolcany",0
125781,0,0,"nitriansky kraj, nitra",14
125782,0,1,"nitriansky kraj, nitra",0
125783,1,0,"trenciansky kraj, prievidza",0
125784,1,0,"nitriansky kraj, sala",21
125785,0,1,"trnavsky kraj, trnava",17
125786,0,1,"presovsky kraj, poprad",0
125787,0,0,"nitriansky kraj, nove zamky",16
125788,1,1,"bratislavsky kraj, bratislava - ruzinov",17
125794,0,0,"zilinsky kraj, martin",22
125815,1,0,"kosicky kraj, moldava nad bodvou",0
125870,1,0,"banskobystricky kraj, brezno",12
125899,1,1,"zilinsky kraj, rajec",24
125902,0,0,"kosicky kraj, spisska nova ves",0
125903,1,0,"trnavsky kraj, senica",16
125904,1,1,"banskobystricky kraj, zvolen",0
125905,1,0,"trnavsky kraj, galanta",0
125906,1,0,"kosicky kraj, strazske",0
125907,1,1,"presovsky kraj, snina",19
125908,1,0,"banskobystricky kraj, banska bystrica",0
125910,0,0,"bratislavsky kraj, senec",17
125912,1,0,"bratislavsky kraj, bratislava - devinska nova ves",13
125913,1,0,"kosicky kraj, michalovce",22
125914,0,1,"kosicky kraj, michalovce",21
125915,0,1,"trenciansky kraj, trencin",0
125918,0,0,"kosicky kraj, kosice - ostatne",27
125920,1,1,"zahranicie, zahranicie - usa",0
126105,1,0,"nitriansky kraj, nove zamky",11
126106,1,0,"presovsky kraj, presov",0
126107,1,1,"zilinsky kraj, zilina",0
126108,1,0,"zilinsky kraj, dolny kubin",0
126111,0,0,"zahranicie, zahranicie - ostatne",0
126114,0,1,"bratislavsky kraj, senec",0
126118,1,1,"trenciansky kraj, handlova",18
126120,0,0,"kosicky kraj, kosice - zapad",0
126121,1,1,"banskobystricky kraj, detva",12
126122,1,1,"trnavsky kraj, senica",0
126211,0,1,"zahranicie, zahranicie - francuzsko",17
126212,1,0,"zahranicie, zahranicie - ostatne",18
126213,0,0,"nitriansky kraj, nitra",16
126214,1,0,"banskobystricky kraj, lucenec",0
126219,1,1,"bratislavsky kraj, bratislava - okolie",0
126220,0,0,"banskobystricky kraj, detva",0
126221,1,0,"bratislavsky kraj, malacky",19
126222,1,0,"presovsky kraj, levoca",20
126223,1,1,"banskobystricky kraj, poltar",0
126224,1,1,"presovsky kraj, humenne",0
126225,1,1,"kosicky kraj, michalovce",0
126226,1,1,"trnavsky kraj, senica",0
126227,1,0,"banskobystricky kraj, zvolen",0
126230,1,0,"zilinsky kraj, cadca",15
126332,0,0,"banskobystricky kraj, banska bystrica",0
126417,1,1,"zilinsky kraj, ruzomberok",27
126422,1,0,"kosicky kraj, kralovsky chlmec",0
126489,0,1,"presovsky kraj, bardejov",16
126490,1,1,"zahranicie, zahranicie - australia",17
126491,1,1,"kosicky kraj, spisska nova ves",0
126494,1,1,"trenciansky kraj, prievidza",0
126496,1,1,"nitriansky kraj, topolcany",14
126499,1,0,"nitriansky kraj, levice",11
126503,1,0,"nitriansky kraj, nitra",0
126505,1,0,"nitriansky kraj, zlate moravce",16
126507,0,0,"zahranicie, zahranicie - usa",13
126508,1,1,"trenciansky kraj, nove mesto nad vahom",15
126510,1,0,"banskobystricky kraj, zvolen",16
126561,0,1,"zilinsky kraj, trstena",18
126576,0,1,"zilinsky kraj, zilina",24
126593,0,0,"banskobystricky kraj, banska bystrica",18
126601,0,0,"zilinsky kraj, trstena",0
126621,0,1,"zilinsky kraj, zilina",0
126622,1,0,"banskobystricky kraj, banska bystrica",0
126677,1,0,"trenciansky kraj, stara tura",0
126703,0,0,"kosicky kraj, velke kapusany",21
126712,1,0,"presovsky kraj, spisska bela",0
126783,1,1,"bratislavsky kraj, senec",29
126801,1,0,"bratislavsky kraj, bratislava - petrzalka",0
126804,1,0,"zahranicie, zahranicie - ostatne",0
126834,0,1,"trenciansky kraj, puchov",0
126835,1,1,"kosicky kraj, kosice - zapad",21
126836,0,1,"kosicky kraj, kosice - sidlisko tahanovce",0
126838,1,0,"presovsky kraj, vranov nad toplou",0
126839,1,1,"trnavsky kraj, trnava",0
126841,1,0,"nitriansky kraj, levice",0
126842,0,1,"trnavsky kraj, holic",19
126843,1,0,"kosicky kraj, kosice - okolie",0
126844,1,1,"zilinsky kraj, namestovo",0
126846,1,1,"presovsky kraj, humenne",14
126847,1,1,"zilinsky kraj, ruzomberok",0
126849,0,1,"kosicky kraj, kosice - okolie",16
126851,1,1,"presovsky kraj, kezmarok",19
126855,0,1,"nitriansky kraj, nitra",16
126977,0,0,"banskobystricky kraj, zvolen",0
126995,1,1,"trnavsky kraj, sered",0
127013,1,0,"banskobystricky kraj, ziar nad hronom",20
127014,1,0,"kosicky kraj, kosice - okolie",13
127017,1,0,"kosicky kraj, kosice - okolie",0
127018,1,1,"banskobystricky kraj, detva",10
127019,1,0,"zahranicie, zahranicie - ostatne",23
127020,0,1,"bratislavsky kraj, bratislava - ostatne",21
127023,0,1,"trenciansky kraj, prievidza",16
127025,1,1,"trenciansky kraj, povazska bystrica",14
127026,1,0,"bratislavsky kraj, bratislava - okolie",0
127027,1,1,"nitriansky kraj, nitra",36
127029,1,1,"zahranicie, zahranicie - usa",19
127030,1,1,"zilinsky kraj, namestovo",0
127152,1,1,"trnavsky kraj, hlohovec",13
127153,1,0,"nitriansky kraj, komarno",0
127154,0,0,"trenciansky kraj, trencin",0
127155,1,1,"kosicky kraj, kosice - sidlisko tahanovce",13
127156,1,0,"kosicky kraj, michalovce",17
127157,1,1,"trenciansky kraj, handlova",0
127158,1,1,"trenciansky kraj, puchov",19
127159,0,0,"bratislavsky kraj, bratislava - lamac",21
127161,1,0,"nitriansky kraj, topolcany",0
127163,0,0,"nitriansky kraj, nitra",16
127164,1,0,"trnavsky kraj, senica",17
127165,1,1,"presovsky kraj, levoca",18
127166,0,0,"trenciansky kraj, nove mesto nad vahom",17
127167,1,0,"nitriansky kraj, nove zamky",15
127176,1,0,"banskobystricky kraj, banska bystrica",0
127283,1,1,"zilinsky kraj, cadca",0
127286,1,1,"zilinsky kraj, bytca",18
127311,1,1,"trnavsky kraj, trnava",22
127376,1,0,"banskobystricky kraj, brezno",0
127379,1,1,"kosicky kraj, kosice - saca",0
127390,1,0,"presovsky kraj, vranov nad toplou",0
127391,1,1,"zilinsky kraj, martin",0
127392,1,1,"trenciansky kraj, puchov",21
127393,1,1,"trenciansky kraj, puchov",18
127394,1,1,"zilinsky kraj, martin",13
127395,0,1,"nitriansky kraj, surany",0
127396,0,0,"nitriansky kraj, kolarovo",0
127397,0,1,"nitriansky kraj, nove zamky",16
127399,1,0,"presovsky kraj, poprad",0
127400,0,0,"zahranicie, zahranicie - usa",22
127402,1,1,"banskobystricky kraj, lucenec",19
127403,0,0,"trenciansky kraj, puchov",24
127404,0,0,"zahranicie, zahranicie - ostatne",0
127405,1,0,"presovsky kraj, presov",16
127406,0,0,"kosicky kraj, sobrance",0
127407,0,0,"nitriansky kraj, nove zamky",0
127408,1,1,"trenciansky kraj, novaky",0
127539,1,1,"zilinsky kraj, cadca",17
127582,1,1,"kosicky kraj, trebisov",0
127606,1,1,"trenciansky kraj, povazska bystrica",0
127607,1,0,"kosicky kraj, spisska nova ves",0
127608,0,0,"trnavsky kraj, sered",0
127609,0,0,"kosicky kraj, michalovce",19
127611,1,1,"trenciansky kraj, trencin",14
127612,0,1,"nitriansky kraj, nitra",14
127613,1,1,"banskobystricky kraj, banska stiavnica",0
127615,0,0,"zahranicie, zahranicie - usa",0
127616,0,0,"zilinsky kraj, ruzomberok",19
127617,1,0,"zahranicie, zahranicie - usa",15
127618,1,0,"bratislavsky kraj, bratislava - ruzinov",0
127619,1,1,"zilinsky kraj, tvrdosin",16
127620,1,0,"zilinsky kraj, zilina",13
127621,1,0,"presovsky kraj, presov",15
127755,1,1,"banskobystricky kraj, banska bystrica",24
127763,1,0,"zilinsky kraj, namestovo",20
127782,1,1,"zilinsky kraj, cadca",26
127791,0,0,"kosicky kraj, kosice - zapad",0
127792,1,1,"banskobystricky kraj, brezno",12
127793,1,1,"zahranicie, zahranicie - usa",17
127797,0,0,"kosicky kraj, moldava nad bodvou",0
127799,0,0,"trnavsky kraj, senica",0
127802,0,0,"zahranicie, zahranicie - gb",15
127805,0,0,"trenciansky kraj, dubnica nad vahom",0
127958,0,0,"banskobystricky kraj, banska stiavnica",0
128000,1,0,"trnavsky kraj, galanta",11
128001,1,0,"trenciansky kraj, trencin",15
128002,1,0,"bratislavsky kraj, bratislava - okolie",20
128003,1,0,"trnavsky kraj, gbely",20
128004,0,1,"bratislavsky kraj, bratislava - ruzinov",0
128005,0,0,"zahranicie, zahranicie - nemecko",0
128006,1,1,"trenciansky kraj, puchov",14
128007,0,0,"banskobystricky kraj, ziar nad hronom",15
128008,1,0,"trenciansky kraj, handlova",0
128009,0,0,"ceska republika, cz - praha",0
128010,1,0,"banskobystricky kraj, revuca",14
128011,1,0,"bratislavsky kraj, senec",18
128012,1,1,"trnavsky kraj, senica",0
128016,1,1,"zahranicie, zahranicie - ostatne",0
128133,1,1,"bratislavsky kraj, bratislava - petrzalka",28
128138,0,0,"kosicky kraj, spisska nova ves",0
128143,1,1,"banskobystricky kraj, banska bystrica",23
128144,0,0,"bratislavsky kraj, bratislava - ruzinov",22
128146,1,1,"zilinsky kraj, dolny kubin",0
128148,0,0,"zilinsky kraj, cadca",16
128149,1,0,"nitriansky kraj, nitra",0
128150,0,0,"bratislavsky kraj, bratislava - nove mesto",0
128151,1,0,"trenciansky kraj, povazska bystrica",14
128152,0,0,"bratislavsky kraj, bratislava - nove mesto",0
128153,1,1,"zilinsky kraj, zilina",0
128154,0,0,"nitriansky kraj, levice",19
128155,1,1,"zilinsky kraj, liptovsky hradok",15
128156,0,0,"ceska republika, cz - plzensky kraj",20
128157,1,1,"kosicky kraj, kosice - zapad",0
128158,1,0,"zilinsky kraj, dolny kubin",11
128160,0,1,"trenciansky kraj, prievidza",19
128162,0,1,"nitriansky kraj, nitra",28
128163,1,0,"bratislavsky kraj, modra",0
128180,1,0,"zilinsky kraj, zilina",15
128256,0,0,"zilinsky kraj, dolny kubin",21
128276,0,0,"kosicky kraj, kosice - sidlisko tahanovce",0
128277,1,0,"kosicky kraj, michalovce",15
128278,0,0,"kosicky kraj, spisska nova ves",0
128279,1,0,"presovsky kraj, bardejov",15
128280,1,0,"kosicky kraj, spisska nova ves",0
128281,1,0,"zahranicie, zahranicie - usa",0
128282,0,1,"nitriansky kraj, zlate moravce",27
128283,1,0,"trnavsky kraj, sered",0
128284,1,0,"bratislavsky kraj, bratislava - ruzinov",23
128285,1,0,"kosicky kraj, kosice - sidlisko tahanovce",19
128286,1,0,"bratislavsky kraj, bratislava - okolie",0
128287,1,1,"trnavsky kraj, skalica",24
128288,0,0,"trenciansky kraj, partizanske",18
128290,1,0,"zilinsky kraj, zilina",10
128292,0,1,"zahranicie, zahranicie - nemecko",21
128294,1,0,"kosicky kraj, trebisov",0
128296,1,0,"kosicky kraj, kosice - juh",0
128298,0,0,"nitriansky kraj, sala",0
128305,1,0,"bratislavsky kraj, bratislava - okolie",24
128333,1,1,"ceska republika, cz - plzensky kraj",0
128335,1,0,"bratislavsky kraj, bratislava - ostatne",23
128462,0,0,"zahranicie, zahranicie - usa",0
128463,0,0,"presovsky kraj, poprad",0
128470,1,0,"zilinsky kraj, zilina",15
128477,0,0,"kosicky kraj, kosice - dargovskych hrdinov",0
128583,0,1,"presovsky kraj, presov",15
128584,0,0,"kosicky kraj, trebisov",0
128585,1,1,"presovsky kraj, stara lubovna",26
128586,0,1,"presovsky kraj, bardejov",0
128587,1,0,"kosicky kraj, michalovce",0
128588,1,1,"presovsky kraj, snina",0
128589,0,0,"trnavsky kraj, senica",0
128590,1,0,"banskobystricky kraj, zvolen",19
128591,1,0,"presovsky kraj, humenne",12
128593,1,0,"nitriansky kraj, levice",11
128594,1,0,"kosicky kraj, trebisov",0
128595,1,0,"kosicky kraj, michalovce",0
128596,1,1,"kosicky kraj, kosice - okolie",20
128598,1,1,"trenciansky kraj, prievidza",0
128599,1,1,"banskobystricky kraj, banska bystrica",21
128610,1,1,"banskobystricky kraj, banska bystrica",14
128611,0,0,"banskobystricky kraj, brezno",14
128612,1,1,"banskobystricky kraj, brezno",29
128614,1,1,"banskobystricky kraj, brezno",15
128615,1,1,"banskobystricky kraj, banska bystrica",14
128616,0,1,"banskobystricky kraj, banska bystrica",18
128617,0,1,"banskobystricky kraj, banska bystrica",0
128618,1,1,"banskobystricky kraj, banska bystrica",0
128619,1,1,"banskobystricky kraj, banska bystrica",0
128620,0,0,"banskobystricky kraj, banska bystrica",0
128621,1,0,"banskobystricky kraj, banska bystrica",16
128669,0,0,"banskobystricky kraj, banska bystrica",0
128670,1,1,"banskobystricky kraj, banska bystrica",15
128673,1,1,"bratislavsky kraj, bratislava - okolie",0
128675,1,1,"banskobystricky kraj, banska bystrica",15
128676,0,0,"banskobystricky kraj, banska bystrica",16
128677,1,0,"zahranicie, zahranicie - francuzsko",0
128682,0,1,"trnavsky kraj, holic",0
128685,1,1,"banskobystricky kraj, banska bystrica",16
128686,1,1,"banskobystricky kraj, banska bystrica",0
128687,0,1,"banskobystricky kraj, brezno",14
128713,1,1,"banskobystricky kraj, banska bystrica",16
128715,1,1,"banskobystricky kraj, banska bystrica",17
128785,1,0,"banskobystricky kraj, banska stiavnica",18
128806,1,1,"banskobystricky kraj, banska bystrica",16
128807,1,0,"banskobystricky kraj, banska bystrica",0
128813,1,1,"banskobystricky kraj, banska bystrica",0
128816,1,0,"banskobystricky kraj, banska bystrica",19
128852,0,0,"nitriansky kraj, nove zamky",0
128854,0,1,"nitriansky kraj, levice",14
128857,1,1,"banskobystricky kraj, krupina",20
128858,1,1,"banskobystricky kraj, zarnovica",22
128859,1,1,"bratislavsky kraj, bratislava - okolie",0
128860,0,0,"zahranicie, zahranicie - ostatne",16
128861,0,0,"kosicky kraj, michalovce",15
128862,1,1,"kosicky kraj, kosice - okolie",14
128863,1,1,"kosicky kraj, kosice - ostatne",17
128864,1,0,"zahranicie, zahranicie - usa",0
128865,1,1,"kosicky kraj, roznava",19
128866,1,1,"nitriansky kraj, surany",24
128868,0,1,"banskobystricky kraj, krupina",17
128869,1,1,"trnavsky kraj, hlohovec",0
128870,1,1,"bratislavsky kraj, senec",0
128871,1,0,"presovsky kraj, presov",0
128873,1,1,"bratislavsky kraj, bratislava - ostatne",0
128874,0,1,"banskobystricky kraj, banska bystrica",15
128891,1,1,"banskobystricky kraj, banska bystrica",17
128892,1,0,"banskobystricky kraj, banska bystrica",16
128895,0,0,"banskobystricky kraj, brezno",0
128897,0,0,"banskobystricky kraj, banska bystrica",16
128899,0,0,"zahranicie, zahranicie - ostatne",0
128978,0,0,"banskobystricky kraj, banska bystrica",16
128979,1,0,"banskobystricky kraj, banska bystrica",15
128981,0,0,"banskobystricky kraj, banska bystrica",0
128983,1,1,"banskobystricky kraj, banska bystrica",13
128985,1,1,"banskobystricky kraj, banska bystrica",17
128987,1,0,"banskobystricky kraj, banska bystrica",14
128988,1,1,"banskobystricky kraj, banska bystrica",17
128989,1,1,"banskobystricky kraj, banska bystrica",0
128990,1,1,"banskobystricky kraj, banska bystrica",12
128991,1,1,"banskobystricky kraj, banska bystrica",0
128992,1,1,"banskobystricky kraj, banska bystrica",11
128993,1,1,"banskobystricky kraj, banska bystrica",0
128997,1,0,"banskobystricky kraj, lucenec",22
129001,1,0,"banskobystricky kraj, banska bystrica",18
129046,1,1,"zahranicie, zahranicie - gb",18
129052,1,0,"banskobystricky kraj, zvolen",19
129053,0,0,"ceska republika, cz - ustecky kraj",0
129055,0,0,"zilinsky kraj, martin",16
129056,1,1,"presovsky kraj, presov",15
129058,0,1,"presovsky kraj, podolinec",14
129059,0,1,"zilinsky kraj, martin",40
129061,1,0,"kosicky kraj, kosice - ostatne",0
129064,0,1,"nitriansky kraj, nove zamky",0
129066,1,1,"presovsky kraj, vranov nad toplou",0
129069,1,0,"trnavsky kraj, trnava",0
129070,1,0,"kosicky kraj, michalovce",22
129071,1,1,"kosicky kraj, spisska nova ves",21
129073,0,1,"kosicky kraj, kosice - zapad",0
129173,1,0,"banskobystricky kraj, brezno",0
129187,0,0,"trenciansky kraj, prievidza",0
129190,0,0,"nitriansky kraj, levice",17
129255,0,0,"zilinsky kraj, martin",19
129258,1,1,"trenciansky kraj, prievidza",12
129261,1,0,"zilinsky kraj, zilina",0
129278,0,1,"kosicky kraj, michalovce",16
129279,1,0,"nitriansky kraj, sala",0
129283,1,1,"presovsky kraj, stara lubovna",0
129285,0,1,"presovsky kraj, poprad",24
129288,0,0,"zahranicie, zahranicie - francuzsko",14
129368,1,1,"banskobystricky kraj, banska bystrica",17
129369,1,1,"banskobystricky kraj, banska stiavnica",0
129370,1,1,"banskobystricky kraj, banska bystrica",0
129371,1,1,"banskobystricky kraj, zarnovica",22
129372,1,1,"banskobystricky kraj, banska bystrica",18
129373,1,1,"banskobystricky kraj, banska bystrica",0
129375,1,1,"banskobystricky kraj, banska bystrica",11
129376,1,0,"zilinsky kraj, cadca",0
129455,1,1,"banskobystricky kraj, banska bystrica",18
129456,0,0,"zahranicie, zahranicie - kanada",14
129457,1,0,"zahranicie, zahranicie - usa",14
129459,1,1,"banskobystricky kraj, banska bystrica",13
129461,1,1,"trenciansky kraj, puchov",0
129463,1,1,"banskobystricky kraj, brezno",0
129464,0,0,"banskobystricky kraj, brezno",0
129466,1,0,"zahranicie, zahranicie - ostatne",11
129467,1,1,"banskobystricky kraj, banska bystrica",29
129468,1,1,"banskobystricky kraj, filakovo",25
129469,1,1,"zahranicie, zahranicie - ostatne",20
129470,1,0,"banskobystricky kraj, banska bystrica",27
129471,1,1,"banskobystricky kraj, banska bystrica",0
129472,1,0,"trnavsky kraj, samorin",18
129473,1,1,"banskobystricky kraj, banska bystrica",0
129474,0,0,"banskobystricky kraj, brezno",0
129568,0,1,"banskobystricky kraj, banska bystrica",0
129569,1,1,"banskobystricky kraj, banska bystrica",13
129570,1,1,"banskobystricky kraj, kremnica",15
129571,1,0,"banskobystricky kraj, banska bystrica",18
129572,0,0,"zahranicie, zahranicie - usa",0
129573,1,1,"banskobystricky kraj, banska bystrica",0
129574,1,1,"banskobystricky kraj, banska bystrica",17
129575,1,1,"banskobystricky kraj, banska bystrica",15
129576,1,0,"banskobystricky kraj, banska bystrica",0
129578,0,1,"trenciansky kraj, prievidza",16
129579,0,0,"nitriansky kraj, nitra",0
129580,1,1,"trenciansky kraj, dubnica nad vahom",0
129581,1,0,"zahranicie, zahranicie - australia",0
129583,1,1,"nitriansky kraj, nitra",0
129584,0,1,"kosicky kraj, kosice - stare mesto",0
129585,1,0,"presovsky kraj, poprad",15
129586,0,1,"trenciansky kraj, dubnica nad vahom",0
129590,1,0,"presovsky kraj, poprad",0
129726,0,0,"zahranicie, zahranicie - usa",0
129727,0,1,"banskobystricky kraj, banska bystrica",16
129728,1,1,"banskobystricky kraj, banska bystrica",17
129729,1,1,"banskobystricky kraj, banska bystrica",17
129733,1,0,"banskobystricky kraj, lucenec",15
129746,1,1,"banskobystricky kraj, banska bystrica",20
129762,1,0,"presovsky kraj, humenne",21
129777,0,1,"zilinsky kraj, dolny kubin",0
129778,0,1,"banskobystricky kraj, banska bystrica",14
129779,1,0,"banskobystricky kraj, banska bystrica",0
129780,1,0,"banskobystricky kraj, banska bystrica",0
129781,1,0,"banskobystricky kraj, banska bystrica",0
129782,1,0,"banskobystricky kraj, banska bystrica",18
129783,1,1,"banskobystricky kraj, banska bystrica",0
129784,1,1,"banskobystricky kraj, banska bystrica",17
129857,0,0,"kosicky kraj, kosice - okolie",0
129873,1,0,"nitriansky kraj, hurbanovo",17
129875,0,0,"banskobystricky kraj, brezno",0
129901,1,0,"zilinsky kraj, dolny kubin",25
129940,0,1,"bratislavsky kraj, pezinok",0
129941,0,1,"banskobystricky kraj, detva",24
129942,1,0,"trenciansky kraj, brezova pod bradlom",0
129943,1,0,"bratislavsky kraj, bratislava - petrzalka",13
129944,1,1,"nitriansky kraj, nitra",0
129946,1,1,"kosicky kraj, kosice - okolie",17
129947,0,1,"kosicky kraj, michalovce",0
129948,0,0,"kosicky kraj, gelnica",0
129950,0,1,"zilinsky kraj, martin",0
129952,1,1,"banskobystricky kraj, filakovo",0
129954,1,0,"bratislavsky kraj, bratislava - vrakuna",16
129955,0,1,"banskobystricky kraj, banska bystrica",0
129956,0,1,"banskobystricky kraj, banska bystrica",0
129957,1,1,"zilinsky kraj, ruzomberok",0
129958,1,1,"banskobystricky kraj, banska bystrica",0
129959,0,1,"banskobystricky kraj, banska bystrica",14
129960,1,1,"banskobystricky kraj, banska bystrica",23
129961,1,1,"banskobystricky kraj, banska bystrica",0
129962,1,1,"banskobystricky kraj, banska bystrica",0
129963,1,1,"banskobystricky kraj, dudince",0
130009,1,0,"kosicky kraj, kosice - okolie",0
130025,1,0,"trenciansky kraj, bojnice",0
130026,0,1,"banskobystricky kraj, banska bystrica",0
130027,1,1,"banskobystricky kraj, banska bystrica",17
130028,1,1,"banskobystricky kraj, banska bystrica",0
130116,0,0,"banskobystricky kraj, banska bystrica",18
130126,0,1,"trenciansky kraj, banovce nad bebravou",25
130127,1,0,"presovsky kraj, sabinov",0
130128,1,1,"presovsky kraj, poprad",0
130129,0,0,"zahranicie, zahranicie - kanada",0
130130,1,0,"trenciansky kraj, partizanske",0
130131,1,0,"trnavsky kraj, gbely",0
130132,1,1,"trenciansky kraj, puchov",0
130133,1,0,"bratislavsky kraj, bratislava - okolie",15
130134,1,0,"nitriansky kraj, nove zamky",0
130135,1,1,"kosicky kraj, kosice - juh",14
130138,1,1,"trenciansky kraj, prievidza",16
130139,0,0,"zilinsky kraj, zilina",0
130140,1,1,"banskobystricky kraj, banska bystrica",0
130143,1,1,"kosicky kraj, spisska nova ves",0
130182,1,0,"banskobystricky kraj, banska bystrica",17
130201,1,0,"banskobystricky kraj, banska bystrica",18
130314,1,0,"banskobystricky kraj, banska bystrica",19
130365,1,0,"nitriansky kraj, levice",0
130367,1,1,"zilinsky kraj, cadca",0
130368,0,1,"banskobystricky kraj, zvolen",0
130369,1,1,"nitriansky kraj, sala",17
130370,0,0,"zilinsky kraj, cadca",0
130446,0,1,"zahranicie, zahranicie - kanada",0
130452,1,1,"zilinsky kraj, cadca",27
130453,1,1,"zilinsky kraj, dolny kubin",15
130454,1,0,"banskobystricky kraj, ziar nad hronom",15
130456,1,1,"banskobystricky kraj, krupina",40
130487,1,0,"nitriansky kraj, nove zamky",11
130488,1,0,"zilinsky kraj, zilina",0
130489,1,0,"banskobystricky kraj, filakovo",18
130490,1,0,"banskobystricky kraj, banska bystrica",0
130491,1,0,"kosicky kraj, kosice - okolie",12
130492,1,0,"zahranicie, zahranicie - usa",0
130493,1,1,"zahranicie, zahranicie - usa",73
130494,0,0,"kosicky kraj, kosice - okolie",14
130495,1,0,"kosicky kraj, kosice - zapad",23
130497,1,1,"trenciansky kraj, prievidza",22
130499,1,0,"trenciansky kraj, nove mesto nad vahom",14
130500,0,0,"trenciansky kraj, prievidza",0
130501,1,1,"bratislavsky kraj, bratislava - okolie",16
130683,0,1,"kosicky kraj, kosice - dargovskych hrdinov",16
130684,1,1,"zilinsky kraj, liptovsky mikulas",19
130685,1,1,"banskobystricky kraj, banska bystrica",0
130686,1,1,"zilinsky kraj, zilina",14
130687,0,0,"banskobystricky kraj, ziar nad hronom",19
130754,0,0,"nitriansky kraj, sala",0
130755,1,0,"zilinsky kraj, cadca",13
130756,1,1,"kosicky kraj, cierna nad tisou",20
130757,0,0,"zilinsky kraj, cadca",0
130758,0,0,"zahranicie, zahranicie - kanada",0
130759,1,0,"trenciansky kraj, nove mesto nad vahom",12
130760,1,1,"zilinsky kraj, ruzomberok",16
130786,0,1,"zahranicie, zahranicie - ostatne",18
130845,0,0,"zahranicie, zahranicie - ostatne",15
131281,0,0,"presovsky kraj, presov",0
131288,1,0,"banskobystricky kraj, hrinova",16
131356,1,1,"trenciansky kraj, povazska bystrica",16
131396,1,0,"bratislavsky kraj, senec",23
131400,0,0,"zahranicie, zahranicie - ostatne",0
131403,0,1,"trenciansky kraj, handlova",16
131408,0,0,"nitriansky kraj, nitra",0
131509,1,1,"kosicky kraj, roznava",13
131545,0,0,"presovsky kraj, levoca",0
131552,1,0,"banskobystricky kraj, banska bystrica",14
131622,0,0,"zilinsky kraj, cadca",0
131623,0,1,"kosicky kraj, sobrance",20
131624,1,1,"zilinsky kraj, cadca",16
131625,1,0,"ceska republika, cz - ostravsky kraj",20
131626,0,0,"zilinsky kraj, martin",0
131627,1,0,"trenciansky kraj, povazska bystrica",14
131628,1,1,"zilinsky kraj, cadca",0
131629,1,0,"zahranicie, zahranicie - gb",0
131630,1,1,"banskobystricky kraj, detva",0
131648,1,0,"trenciansky kraj, partizanske",12
131650,0,0,"bratislavsky kraj, senec",0
131651,0,0,"bratislavsky kraj, senec",16
131652,1,1,"nitriansky kraj, hurbanovo",0
131654,0,0,"bratislavsky kraj, bratislava - nove mesto",22
131655,0,1,"zilinsky kraj, liptovsky hradok",16
131656,0,0,"kosicky kraj, kosice - zapad",18
131657,1,1,"bratislavsky kraj, bratislava - karlova ves",24
131658,1,0,"trenciansky kraj, puchov",0
131659,1,1,"zahranicie, zahranicie - usa",0
131660,0,1,"banskobystricky kraj, lucenec",18
131663,0,1,"presovsky kraj, svit",0
131665,1,1,"banskobystricky kraj, velky krtis",17
131675,1,1,"nitriansky kraj, komarno",21
131689,1,0,"zilinsky kraj, cadca",0
131690,0,1,"zilinsky kraj, zilina",0
131691,1,0,"kosicky kraj, kosice - sever",0
131692,1,0,"zilinsky kraj, cadca",14
131693,0,1,"zilinsky kraj, liptovsky mikulas",0
131705,0,0,"banskobystricky kraj, brezno",0
131773,1,0,"zahranicie, zahranicie - usa",19
131774,1,1,"zilinsky kraj, cadca",15
131775,1,0,"trnavsky kraj, hlohovec",22
131776,1,1,"zilinsky kraj, martin",0
131777,0,1,"zahranicie, zahranicie - usa",0
131778,1,1,"nitriansky kraj, komarno",15
131793,1,0,"banskobystricky kraj, banska bystrica",18
131832,1,1,"banskobystricky kraj, banska bystrica",17
131863,0,1,"banskobystricky kraj, rimavska sobota",20
131865,1,0,"ceska republika, cz - jihomoravsky kraj",0
131868,1,0,"kosicky kraj, kosice - ostatne",19
131869,1,0,"trenciansky kraj, dubnica nad vahom",14
131871,0,0,"trnavsky kraj, skalica",0
131873,1,1,"zilinsky kraj, martin",18
131874,0,1,"ceska republika, cz - praha",23
131875,0,0,"kosicky kraj, kosice - krasna nad hornadom",0
131876,1,0,"kosicky kraj, spisska nova ves",16
131879,0,1,"zahranicie, zahranicie - kanada",0
131880,0,1,"banskobystricky kraj, lucenec",0
131881,1,1,"nitriansky kraj, surany",20
131883,0,0,"trnavsky kraj, senica",0
131892,0,1,"zilinsky kraj, zilina",0
131894,1,1,"zilinsky kraj, cadca",15
131897,1,0,"banskobystricky kraj, rimavska sobota",16
131900,0,1,"zilinsky kraj, cadca",0
131902,1,0,"presovsky kraj, bardejov",0
131903,1,1,"presovsky kraj, snina",20
131904,1,1,"zilinsky kraj, cadca",25
131943,1,0,"banskobystricky kraj, banska bystrica",19
131985,1,1,"nitriansky kraj, tlmace",21
131986,1,1,"zahranicie, zahranicie - ostatne",39
131987,1,0,"zilinsky kraj, kysucke nove mesto",29
131993,0,1,"trenciansky kraj, trencin",36
131994,1,0,"kosicky kraj, kosice - sidlisko tahanovce",25
131995,1,0,"trenciansky kraj, brezova pod bradlom",18
131996,0,1,"bratislavsky kraj, bratislava - petrzalka",0
131997,0,1,"presovsky kraj, poprad",27
132019,0,0,"kosicky kraj, kosice - okolie",0
132055,0,0,"presovsky kraj, vranov nad toplou",22
132096,1,0,"zilinsky kraj, cadca",0
132097,1,0,"kosicky kraj, kosice - juh",30
132098,0,1,"bratislavsky kraj, malacky",0
132099,1,0,"zahranicie, zahranicie - ostatne",0
132100,0,0,"bratislavsky kraj, bratislava - ostatne",0
132101,0,0,"presovsky kraj, sabinov",0
132150,0,0,"banskobystricky kraj, velky krtis",0
132152,1,1,"banskobystricky kraj, brezno",22
132171,0,0,"zilinsky kraj, cadca",22
132173,1,1,"kosicky kraj, secovce",12
132175,1,1,"trenciansky kraj, prievidza",0
132183,1,1,"trnavsky kraj, senica",0
132188,0,0,"zahranicie, zahranicie - usa",0
132189,1,0,"zahranicie, zahranicie - usa",0
132194,1,1,"kosicky kraj, kosice - okolie",0
132202,0,0,"zahranicie, zahranicie - kanada",0
132203,0,1,"bratislavsky kraj, bratislava - petrzalka",0
132204,0,1,"nitriansky kraj, nove zamky",25
132205,0,0,"zilinsky kraj, krasno nad kysucou",41
132207,1,0,"zilinsky kraj, cadca",0
132209,1,0,"nitriansky kraj, nitra",15
132213,0,0,"zilinsky kraj, cadca",5
132216,1,0,"nitriansky kraj, zlate moravce",14
132217,0,0,"zilinsky kraj, cadca",17
132276,0,0,"zahranicie, zahranicie - rakusko",23
132277,0,1,"zahranicie, zahranicie - kanada",17
132278,0,1,"kosicky kraj, kosice - dargovskych hrdinov",0
132279,0,0,"zilinsky kraj, cadca",0
132281,1,1,"bratislavsky kraj, bratislava - vajnory",19
132289,1,0,"bratislavsky kraj, bratislava - petrzalka",16
132295,0,0,"kosicky kraj, michalovce",0
132306,1,0,"zahranicie, zahranicie - usa",0
132324,0,0,"zahranicie, zahranicie - ostatne",0
132390,0,0,"trnavsky kraj, trnava",15
132403,1,0,"kosicky kraj, kosice - okolie",30
132405,1,1,"zilinsky kraj, turcianske teplice",10
132418,1,0,"nitriansky kraj, komarno",0
132438,1,0,"zilinsky kraj, ruzomberok",15
132439,0,0,"bratislavsky kraj, bratislava - karlova ves",0
132440,1,1,"banskobystricky kraj, zvolen",0
132442,1,1,"trnavsky kraj, sered",0
132445,1,0,"trenciansky kraj, stara tura",25
132447,0,1,"presovsky kraj, presov",0
132449,1,1,"zilinsky kraj, trstena",0
132450,1,1,"zilinsky kraj, trstena",0
132452,1,1,"banskobystricky kraj, tisovec",13
132456,0,0,"bratislavsky kraj, bratislava - ruzinov",22
132457,1,1,"bratislavsky kraj, svaty jur",17
132460,0,0,"zahranicie, zahranicie - francuzsko",0
132461,1,0,"presovsky kraj, spisska bela",15
132464,1,1,"trnavsky kraj, senica",0
132579,1,0,"trnavsky kraj, hlohovec",0
132727,0,0,"trenciansky kraj, partizanske",0
132728,1,1,"bratislavsky kraj, bratislava - petrzalka",0
132729,1,0,"banskobystricky kraj, velky krtis",0
132730,1,0,"nitriansky kraj, levice",14
132731,1,0,"banskobystricky kraj, rimavska sobota",14
132732,1,1,"zilinsky kraj, dolny kubin",0
132733,0,1,"zilinsky kraj, zilina",0
132734,1,0,"zahranicie, zahranicie - usa",17
132735,1,0,"banskobystricky kraj, revuca",0
132837,1,1,"zilinsky kraj, zilina",0
132838,1,1,"zilinsky kraj, martin",0
132842,1,0,"trenciansky kraj, prievidza",17
132844,1,0,"kosicky kraj, kosice - krasna nad hornadom",13
132847,1,1,"kosicky kraj, kosice - sidlisko tahanovce",16
132850,1,1,"zilinsky kraj, liptovsky mikulas",0
132852,0,1,"presovsky kraj, kezmarok",25
132854,1,1,"trnavsky kraj, dunajska streda",15
133018,1,1,"nitriansky kraj, nove zamky",16
133019,1,1,"trenciansky kraj, prievidza",0
133020,1,1,"trenciansky kraj, nove mesto nad vahom",14
133021,1,1,"nitriansky kraj, levice",0
133022,1,1,"trnavsky kraj, leopoldov",0
133024,0,0,"kosicky kraj, kosice - stare mesto",22
133025,1,1,"zilinsky kraj, rajec",0
133027,0,1,"trenciansky kraj, nova dubnica",0
133028,1,1,"banskobystricky kraj, banska bystrica",0
133029,0,1,"bratislavsky kraj, bratislava - karlova ves",16
133030,0,1,"presovsky kraj, presov",41
133031,1,1,"trnavsky kraj, senica",19
133032,1,0,"zilinsky kraj, ruzomberok",0
133033,0,0,"zahranicie, zahranicie - ostatne",0
133034,0,1,"kosicky kraj, kosice - stare mesto",16
133116,1,0,"presovsky kraj, poprad",0
133122,1,1,"banskobystricky kraj, banska bystrica",17
133162,1,1,"trnavsky kraj, sered",14
133169,0,0,"zilinsky kraj, cadca",0
133233,0,0,"zahranicie, zahranicie - ostatne",0
133239,1,1,"trenciansky kraj, banovce nad bebravou",0
133276,1,0,"trnavsky kraj, trnava",15
133302,1,1,"kosicky kraj, kosice - zapad",0
133303,1,0,"trnavsky kraj, hlohovec",20
133308,1,1,"kosicky kraj, kosice - sidlisko tahanovce",0
133309,0,1,"bratislavsky kraj, bratislava - okolie",0
133310,0,0,"bratislavsky kraj, bratislava - karlova ves",0
133311,1,0,"nitriansky kraj, komarno",0
133314,1,1,"trenciansky kraj, partizanske",0
133315,1,0,"banskobystricky kraj, velky krtis",0
133466,0,1,"banskobystricky kraj, banska bystrica",0
133467,0,0,"banskobystricky kraj, banska bystrica",0
133468,1,1,"banskobystricky kraj, banska bystrica",0
133490,0,0,"presovsky kraj, bardejov",17
133517,0,0,"bratislavsky kraj, bratislava - okolie",0
133577,0,0,"banskobystricky kraj, brezno",19
133621,1,0,"zilinsky kraj, dolny kubin",0
133655,0,1,"kosicky kraj, krompachy",17
133657,1,0,"banskobystricky kraj, banska bystrica",19
133659,1,0,"trenciansky kraj, dubnica nad vahom",20
133660,1,0,"kosicky kraj, kosice - stare mesto",25
133663,0,1,"banskobystricky kraj, zvolen",16
133665,1,0,"trenciansky kraj, trencin",0
133670,1,0,"zahranicie, zahranicie - ostatne",24
133672,0,0,"nitriansky kraj, nove zamky",0
133675,1,1,"nitriansky kraj, levice",0
133678,1,1,"zilinsky kraj, zilina",0
133680,0,0,"zilinsky kraj, ruzomberok",0
133682,0,0,"trenciansky kraj, trencin",0
133688,1,0,"zilinsky kraj, namestovo",0
133690,1,1,"zahranicie, zahranicie - australia",16
133693,1,1,"banskobystricky kraj, banska bystrica",18
133871,1,0,"zilinsky kraj, trstena",0
133872,0,1,"nitriansky kraj, komarno",25
133873,1,1,"kosicky kraj, trebisov",0
133874,1,1,"banskobystricky kraj, zarnovica",20
133875,1,1,"bratislavsky kraj, bratislava - stare mesto",35
133876,0,1,"kosicky kraj, spisska nova ves",0
133878,1,0,"trenciansky kraj, puchov",0
133879,1,0,"presovsky kraj, presov",17
133880,1,1,"trenciansky kraj, dubnica nad vahom",0
133881,0,0,"nitriansky kraj, topolcany",16
133883,1,0,"trnavsky kraj, trnava",16
133885,1,0,"trenciansky kraj, ilava",21
133887,0,0,"presovsky kraj, poprad",0
133889,1,1,"trenciansky kraj, prievidza",15
133893,1,0,"trnavsky kraj, vrbove",0
133897,1,1,"kosicky kraj, spisska nova ves",16
133966,0,0,"nitriansky kraj, nove zamky",0
133970,1,0,"nitriansky kraj, nove zamky",0
133971,0,0,"zilinsky kraj, vrutky",21
134089,1,0,"banskobystricky kraj, detva",0
134091,0,0,"zilinsky kraj, tvrdosin",0
134202,1,0,"bratislavsky kraj, bratislava - petrzalka",20
134203,1,1,"banskobystricky kraj, zvolen",16
134204,1,0,"trenciansky kraj, partizanske",0
134206,0,0,"zilinsky kraj, zilina",0
134207,0,0,"zahranicie, zahranicie - australia",0
134208,1,0,"presovsky kraj, hanusovce nad toplou",0
134209,0,1,"nitriansky kraj, nitra",0
134210,0,1,"nitriansky kraj, hurbanovo",15
134211,1,0,"trenciansky kraj, trencin",0
134212,1,1,"kosicky kraj, spisska nova ves",14
134214,1,1,"nitriansky kraj, surany",10
134215,0,0,"trnavsky kraj, piestany",0
134365,1,0,"banskobystricky kraj, poltar",0
134382,1,1,"zilinsky kraj, namestovo",0
134384,0,0,"kosicky kraj, spisska nova ves",0
134386,0,1,"zahranicie, zahranicie - kanada",0
134387,0,1,"kosicky kraj, spisska nova ves",0
134388,1,0,"presovsky kraj, humenne",17
134390,1,1,"trnavsky kraj, skalica",15
134391,0,0,"nitriansky kraj, topolcany",0
134393,0,0,"zahranicie, zahranicie - ostatne",0
134397,0,0,"trnavsky kraj, trnava",0
134398,0,0,"trnavsky kraj, senica",23
134400,0,1,"trenciansky kraj, prievidza",23
134450,1,0,"kosicky kraj, kosice - sidlisko tahanovce",0
134452,1,1,"kosicky kraj, kosice - sidlisko tahanovce",0
134453,1,1,"kosicky kraj, kosice - sidlisko tahanovce",13
134456,0,1,"kosicky kraj, kosice - sidlisko tahanovce",0
134458,1,0,"kosicky kraj, kosice - sidlisko tahanovce",15
134462,1,1,"kosicky kraj, kosice - sidlisko tahanovce",0
134464,1,0,"kosicky kraj, kosice - sidlisko tahanovce",14
134466,1,0,"kosicky kraj, kosice - sidlisko tahanovce",0
134470,1,0,"kosicky kraj, kosice - sidlisko tahanovce",0
134481,1,0,"banskobystricky kraj, banska bystrica",17
134529,1,0,"kosicky kraj, kosice - sidlisko tahanovce",0
134530,1,0,"zahranicie, zahranicie - usa",0
134531,1,1,"kosicky kraj, kosice - sidlisko tahanovce",0
134533,1,1,"kosicky kraj, kosice - sidlisko tahanovce",0
134534,1,0,"kosicky kraj, kosice - sidlisko tahanovce",14
134535,1,1,"kosicky kraj, kosice - sidlisko tahanovce",0
134536,1,1,"kosicky kraj, kosice - sidlisko tahanovce",14
134537,1,1,"kosicky kraj, kosice - sidlisko tahanovce",0
134584,1,1,"banskobystricky kraj, banska bystrica",20
134610,1,1,"trenciansky kraj, trencin",26
134658,0,0,"banskobystricky kraj, banska bystrica",0
134935,0,0,"presovsky kraj, poprad",21
134940,0,1,"presovsky kraj, stara lubovna",21
134941,0,0,"trnavsky kraj, trnava",0
134942,1,1,"nitriansky kraj, nitra",17
134943,1,1,"trenciansky kraj, dubnica nad vahom",13
134945,0,1,"nitriansky kraj, nitra",16
134946,1,0,"trnavsky kraj, hlohovec",0
134948,0,1,"presovsky kraj, humenne",16
134950,0,0,"nitriansky kraj, sala",17
134952,1,0,"presovsky kraj, presov",16
134953,1,1,"kosicky kraj, kosice - zapad",0
134955,1,0,"bratislavsky kraj, bratislava - ostatne",0
134957,1,0,"zilinsky kraj, martin",0
135062,1,1,"trenciansky kraj, novaky",13
135065,1,1,"banskobystricky kraj, hrinova",22
135066,0,1,"zahranicie, zahranicie - australia",13
135067,0,0,"bratislavsky kraj, bratislava - lamac",19
135068,1,0,"trenciansky kraj, dubnica nad vahom",18
135069,1,1,"nitriansky kraj, sturovo",0
135070,1,0,"trenciansky kraj, partizanske",0
135072,1,1,"trnavsky kraj, senica",0
135073,0,0,"kosicky kraj, kosice - sidlisko tahanovce",0
135074,1,0,"banskobystricky kraj, hrinova",13
135075,1,1,"trenciansky kraj, trencin",19
135076,0,0,"zahranicie, zahranicie - usa",0
135077,1,0,"kosicky kraj, roznava",0
135078,1,1,"banskobystricky kraj, banska bystrica",0
135079,1,1,"presovsky kraj, bardejov",0
135081,0,0,"kosicky kraj, spisska nova ves",12
135082,1,0,"nitriansky kraj, topolcany",11
135087,0,0,"zahranicie, zahranicie - ostatne",22
135110,0,0,"zilinsky kraj, namestovo",14
135249,1,0,"trenciansky kraj, trencin",16
135251,1,1,"kosicky kraj, kosice - okolie",0
135252,0,0,"trenciansky kraj, trencin",21
135253,1,1,"bratislavsky kraj, malacky",18
135255,0,1,"zilinsky kraj, cadca",19
135256,1,0,"kosicky kraj, roznava",0
135257,0,0,"nitriansky kraj, topolcany",0
135261,1,0,"trnavsky kraj, galanta",18
135262,1,1,"trenciansky kraj, banovce nad bebravou",20
135263,1,1,"kosicky kraj, kosice - juh",17
135266,0,1,"zilinsky kraj, rajec",0
135267,1,0,"presovsky kraj, lipany",17
135268,0,1,"nitriansky kraj, sala",14
135270,1,1,"nitriansky kraj, nitra",0
135272,0,0,"presovsky kraj, poprad",16
135273,1,0,"ceska republika, cz - praha",0
135307,1,0,"zilinsky kraj, turzovka",17
135389,0,0,"trenciansky kraj, nemsova",18
135408,1,1,"banskobystricky kraj, banska bystrica",0
135411,1,1,"trnavsky kraj, trnava",20
135414,0,1,"trenciansky kraj, handlova",14
135415,1,1,"banskobystricky kraj, krupina",0
135416,1,0,"kosicky kraj, gelnica",0
135417,0,1,"kosicky kraj, michalovce",0
135418,1,0,"kosicky kraj, kosice - okolie",0
135422,0,1,"trenciansky kraj, prievidza",0
135423,1,0,"bratislavsky kraj, bratislava - petrzalka",0
135425,1,0,"banskobystricky kraj, banska bystrica",0
135430,0,0,"kosicky kraj, kosice - dargovskych hrdinov",18
135431,0,1,"presovsky kraj, stropkov",19
135432,1,0,"presovsky kraj, bardejov",22
135438,1,1,"kosicky kraj, roznava",18
135439,0,1,"presovsky kraj, sabinov",16
135506,1,1,"banskobystricky kraj, banska bystrica",18
135507,0,0,"trnavsky kraj, galanta",16
135509,0,0,"banskobystricky kraj, banska bystrica",0
135513,1,1,"banskobystricky kraj, banska bystrica",18
135514,0,1,"banskobystricky kraj, banska bystrica",0
135516,1,1,"zilinsky kraj, turcianske teplice",0
135518,1,0,"zilinsky kraj, dolny kubin",0
135519,1,1,"zahranicie, zahranicie - ostatne",19
135524,1,1,"trenciansky kraj, trencin",19
135526,1,0,"trenciansky kraj, nemsova",0
135529,1,0,"trenciansky kraj, trencin",17
135530,1,0,"zahranicie, zahranicie - usa",0
135607,1,0,"kosicky kraj, velke kapusany",13
135608,0,1,"bratislavsky kraj, bratislava - petrzalka",32
135609,0,1,"trenciansky kraj, povazska bystrica",0
135610,1,1,"presovsky kraj, presov",15
135611,1,0,"trnavsky kraj, trnava",36
135612,1,0,"banskobystricky kraj, nova bana",0
135613,0,1,"kosicky kraj, kosice - okolie",0
135614,0,1,"zahranicie, zahranicie - usa",0
135615,1,1,"zahranicie, zahranicie - usa",0
135616,0,1,"zilinsky kraj, namestovo",19
135617,1,0,"bratislavsky kraj, bratislava - stare mesto",16
135619,0,1,"trenciansky kraj, trencin",22
135620,0,0,"trnavsky kraj, hlohovec",14
135621,1,0,"ceska republika, cz - stredni cechy",26
135623,1,1,"zilinsky kraj, ruzomberok",14
135624,0,1,"trnavsky kraj, senica",17
135625,1,0,"presovsky kraj, levoca",0
135627,1,1,"trenciansky kraj, banovce nad bebravou",29
135630,1,1,"banskobystricky kraj, banska bystrica",0
135631,1,1,"banskobystricky kraj, detva",20
135632,0,0,"banskobystricky kraj, banska bystrica",17
135633,1,0,"zilinsky kraj, martin",18
135634,1,0,"banskobystricky kraj, zvolen",0
135668,1,1,"trenciansky kraj, stara tura",19
135679,1,1,"zahranicie, zahranicie - usa",19
135680,1,1,"trenciansky kraj, nemsova",0
135681,1,1,"trenciansky kraj, nemsova",0
135761,0,0,"zilinsky kraj, liptovsky mikulas",0
135762,1,0,"trenciansky kraj, prievidza",18
135764,0,1,"banskobystricky kraj, banska bystrica",19
135766,0,0,"zilinsky kraj, namestovo",18
135768,1,0,"banskobystricky kraj, brezno",17
135815,0,0,"ceska republika, cz - ustecky kraj",17
135816,0,1,"trnavsky kraj, senica",17
135817,0,1,"trenciansky kraj, trencin",20
135818,0,1,"trnavsky kraj, gbely",21
135844,1,1,"trenciansky kraj, stara tura",18
135924,1,0,"trenciansky kraj, stara tura",16
135977,1,1,"trenciansky kraj, partizanske",0
135979,0,1,"trenciansky kraj, trencin",0
135980,0,1,"trenciansky kraj, trencin",22
135981,0,1,"trenciansky kraj, banovce nad bebravou",19
135982,1,1,"trenciansky kraj, trencin",18
135983,1,0,"trenciansky kraj, nemsova",0
135984,1,1,"banskobystricky kraj, banska bystrica",19
135985,0,1,"nitriansky kraj, nitra",21
135986,1,0,"trenciansky kraj, nemsova",13
135987,1,1,"zahranicie, zahranicie - gb",22
135988,1,1,"trenciansky kraj, nemsova",12
135989,1,1,"presovsky kraj, bardejov",23
135990,0,1,"nitriansky kraj, nove zamky",19
135991,0,1,"trnavsky kraj, velky meder",0
135992,1,1,"zahranicie, zahranicie - ostatne",0
135993,1,1,"trnavsky kraj, sered",59
135994,1,1,"banskobystricky kraj, ziar nad hronom",19
136022,0,1,"trenciansky kraj, nemsova",18
136023,0,1,"zahranicie, zahranicie - ostatne",0
136024,1,1,"trenciansky kraj, nemsova",18
136025,1,1,"trenciansky kraj, trencin",0
136026,0,0,"trenciansky kraj, prievidza",17
136027,0,1,"bratislavsky kraj, senec",0
136028,0,1,"nitriansky kraj, topolcany",21
136029,0,0,"zilinsky kraj, namestovo",13
136030,1,1,"nitriansky kraj, nitra",13
136031,1,1,"bratislavsky kraj, bratislava - raca",19
136032,1,1,"zahranicie, zahranicie - ostatne",20
136033,0,1,"trenciansky kraj, partizanske",20
136034,1,1,"banskobystricky kraj, poltar",0
136035,0,0,"presovsky kraj, stara lubovna",13
136036,0,0,"presovsky kraj, presov",0
136037,1,1,"presovsky kraj, presov",32
136040,1,1,"bratislavsky kraj, bratislava - nove mesto",12
136041,1,0,"trenciansky kraj, partizanske",0
136044,1,1,"trnavsky kraj, holic",15
136045,1,0,"banskobystricky kraj, ziar nad hronom",16
136046,0,1,"trenciansky kraj, dubnica nad vahom",22
136047,1,1,"bratislavsky kraj, senec",12
136048,0,0,"trnavsky kraj, gbely",15
136062,1,1,"trnavsky kraj, sered",0
136087,1,0,"trenciansky kraj, novaky",0
136091,0,0,"kosicky kraj, michalovce",0
136098,1,1,"trenciansky kraj, dubnica nad vahom",0
136099,1,1,"trenciansky kraj, dubnica nad vahom",26
136100,0,1,"trenciansky kraj, trencin",22
136101,0,1,"nitriansky kraj, nitra",0
136102,0,1,"bratislavsky kraj, bratislava - devinska nova ves",19
136103,0,1,"kosicky kraj, gelnica",22
136104,1,1,"nitriansky kraj, sala",22
136105,0,1,"trenciansky kraj, trencin",21
136107,1,1,"trenciansky kraj, dubnica nad vahom",21
136109,0,1,"trenciansky kraj, trencin",22
136110,1,1,"kosicky kraj, moldava nad bodvou",21
136111,1,1,"presovsky kraj, humenne",21
136112,1,1,"trenciansky kraj, trencin",23
136113,1,1,"zahranicie, zahranicie - gb",22
136115,0,1,"nitriansky kraj, nove zamky",24
136117,0,1,"zahranicie, zahranicie - usa",0
136134,0,1,"trenciansky kraj, trencin",20
136135,0,1,"trenciansky kraj, povazska bystrica",19
136136,0,1,"trenciansky kraj, trencin",21
136137,0,0,"trenciansky kraj, nemsova",21
136138,1,1,"presovsky kraj, bardejov",21
136139,0,1,"trnavsky kraj, sered",24
136140,0,0,"trenciansky kraj, nemsova",0
136141,1,0,"trenciansky kraj, nemsova",18
136142,0,1,"zahranicie, zahranicie - ostatne",0
136143,0,1,"trenciansky kraj, trencin",19
136144,1,1,"ceska republika, cz - jihomoravsky kraj",0
136145,1,1,"trenciansky kraj, trencin",21
136146,0,0,"trenciansky kraj, dubnica nad vahom",0
136147,1,1,"zahranicie, zahranicie - ostatne",0
136148,0,1,"zahranicie, zahranicie - rakusko",0
136149,1,1,"trenciansky kraj, nemsova",19
136169,0,1,"nitriansky kraj, topolcany",16
136170,1,1,"presovsky kraj, presov",0
136171,0,0,"trenciansky kraj, dubnica nad vahom",24
136173,1,0,"zilinsky kraj, martin",20
136174,1,0,"zilinsky kraj, vrutky",0
136176,1,0,"kosicky kraj, kosice - okolie",0
136177,1,1,"kosicky kraj, spisska nova ves",12
136179,1,0,"trnavsky kraj, dunajska streda",14
136180,1,1,"kosicky kraj, moldava nad bodvou",0
136181,0,1,"banskobystricky kraj, revuca",0
136182,1,0,"zilinsky kraj, cadca",13
136184,1,0,"zilinsky kraj, dolny kubin",0
136185,1,0,"banskobystricky kraj, banska stiavnica",17
136186,1,0,"banskobystricky kraj, zarnovica",18
136187,1,1,"banskobystricky kraj, banska bystrica",20
136189,1,0,"banskobystricky kraj, banska bystrica",17
136190,0,0,"trenciansky kraj, handlova",18
136191,0,0,"banskobystricky kraj, ziar nad hronom",0
136192,1,0,"zilinsky kraj, zilina",18
136194,1,1,"banskobystricky kraj, banska bystrica",21
136195,1,0,"banskobystricky kraj, banska bystrica",0
136285,1,0,"trenciansky kraj, dubnica nad vahom",11
136292,1,1,"trnavsky kraj, sered",21
136297,1,1,"zilinsky kraj, martin",0
136299,0,0,"zilinsky kraj, martin",0
136307,0,1,"zilinsky kraj, martin",0
136311,1,0,"banskobystricky kraj, banska bystrica",0
136321,0,1,"trenciansky kraj, trencin",18
136322,0,1,"kosicky kraj, michalovce",26
136323,0,1,"trnavsky kraj, hlohovec",0
136324,0,1,"bratislavsky kraj, bratislava - stare mesto",34
136325,1,1,"trenciansky kraj, nemsova",19
136326,1,1,"trenciansky kraj, trencin",21
136327,0,1,"nitriansky kraj, topolcany",25
136328,1,1,"trenciansky kraj, trencin",22
136329,1,1,"trenciansky kraj, trencin",19
136376,1,0,"banskobystricky kraj, banska bystrica",0
136390,1,0,"kosicky kraj, kosice - ostatne",16
136391,0,1,"trnavsky kraj, hlohovec",0
136393,1,1,"bratislavsky kraj, pezinok",18
136394,1,0,"banskobystricky kraj, krupina",0
136395,1,1,"nitriansky kraj, vrable",0
136397,1,0,"nitriansky kraj, nove zamky",22
136398,0,1,"nitriansky kraj, sala",0
136399,0,1,"zahranicie, zahranicie - gb",35
136400,1,0,"kosicky kraj, kosice - juh",0
136403,0,0,"zilinsky kraj, liptovsky mikulas",18
136404,1,1,"presovsky kraj, bardejov",19
136405,1,1,"bratislavsky kraj, senec",0
136409,0,1,"zahranicie, zahranicie - ostatne",0
136481,1,1,"banskobystricky kraj, ziar nad hronom",0
136483,1,0,"banskobystricky kraj, banska bystrica",0
136485,1,0,"banskobystricky kraj, banska bystrica",17
136488,0,1,"banskobystricky kraj, banska bystrica",0
136489,1,1,"banskobystricky kraj, banska bystrica",0
136491,1,1,"presovsky kraj, kezmarok",21
136492,1,0,"banskobystricky kraj, banska bystrica",0
136513,1,1,"bratislavsky kraj, bratislava - lamac",29
136514,0,0,"zahranicie, zahranicie - gb",0
136515,1,0,"kosicky kraj, kosice - zapad",14
136517,1,0,"banskobystricky kraj, banska bystrica",14
136518,1,0,"kosicky kraj, kosice - okolie",12
136573,0,0,"presovsky kraj, medzilaborce",0
136574,1,1,"zahranicie, zahranicie - kanada",0
136575,1,0,"banskobystricky kraj, lucenec",18
136578,1,0,"zilinsky kraj, martin",0
136579,0,0,"nitriansky kraj, nitra",0
136583,1,1,"nitriansky kraj, levice",14
136587,1,1,"banskobystricky kraj, banska bystrica",0
136589,1,1,"banskobystricky kraj, banska stiavnica",18
136591,1,0,"kosicky kraj, kosice - stare mesto",17
136593,0,1,"zahranicie, zahranicie - ostatne",0
136615,1,1,"trenciansky kraj, novaky",0
136617,1,1,"banskobystricky kraj, banska bystrica",20
136619,0,0,"nitriansky kraj, nitra",16
136621,0,1,"banskobystricky kraj, banska bystrica",19
136622,1,1,"banskobystricky kraj, banska bystrica",22
136639,0,0,"zilinsky kraj, cadca",0
136659,1,0,"banskobystricky kraj, banska bystrica",17
136680,1,1,"kosicky kraj, gelnica",21
136681,1,1,"zilinsky kraj, martin",0
136683,1,0,"banskobystricky kraj, banska bystrica",17
136693,1,1,"trnavsky kraj, sered",0
136721,0,0,"banskobystricky kraj, tisovec",21
136722,1,0,"trnavsky kraj, galanta",11
136723,1,0,"trnavsky kraj, galanta",11
136724,1,0,"kosicky kraj, kosice - okolie",14
136725,1,1,"trnavsky kraj, senica",10
136726,1,0,"trenciansky kraj, nemsova",20
136745,0,0,"trnavsky kraj, piestany",0
136760,1,0,"presovsky kraj, podolinec",0
136778,1,0,"banskobystricky kraj, hnusta",21
136780,1,0,"zilinsky kraj, liptovsky mikulas",0
136785,0,1,"nitriansky kraj, hurbanovo",0
136787,1,0,"trnavsky kraj, vrbove",0
136789,1,0,"trnavsky kraj, trnava",0
136792,0,1,"nitriansky kraj, levice",0
136793,0,0,"trenciansky kraj, trencin",0
136794,1,0,"trnavsky kraj, sered",0
136795,0,1,"nitriansky kraj, surany",21
136796,1,1,"trenciansky kraj, povazska bystrica",20
136797,1,1,"banskobystricky kraj, tornala",19
136798,1,1,"trenciansky kraj, ilava",16
136799,1,1,"bratislavsky kraj, stupava",0
136800,1,1,"nitriansky kraj, nove zamky",3
136801,0,0,"presovsky kraj, spisska stara ves",18
136802,0,1,"banskobystricky kraj, brezno",28
136803,1,0,"banskobystricky kraj, brezno",31
136804,0,0,"banskobystricky kraj, brezno",0
136805,0,1,"zahranicie, zahranicie - francuzsko",0
136848,0,0,"banskobystricky kraj, brezno",0
136849,0,0,"banskobystricky kraj, banska bystrica",20
136850,1,0,"banskobystricky kraj, banska bystrica",21
136851,1,0,"presovsky kraj, poprad",0
136852,0,0,"banskobystricky kraj, brezno",31
136853,0,0,"banskobystricky kraj, velky krtis",0
136868,1,1,"zahranicie, zahranicie - francuzsko",15
136871,0,0,"trnavsky kraj, sered",0
136874,0,0,"banskobystricky kraj, banska bystrica",18
136902,0,0,"banskobystricky kraj, brezno",15
136903,1,1,"banskobystricky kraj, brezno",0
136904,1,1,"presovsky kraj, kezmarok",18
136943,1,1,"presovsky kraj, spisska stara ves",0
136944,1,0,"banskobystricky kraj, velky krtis",10
136945,0,0,"zilinsky kraj, martin",14
136946,0,1,"banskobystricky kraj, zvolen",14
136947,1,0,"trenciansky kraj, prievidza",11
136948,0,0,"presovsky kraj, snina",0
136949,1,1,"banskobystricky kraj, zvolen",11
136950,1,0,"zahranicie, zahranicie - usa",0
136951,1,1,"zilinsky kraj, namestovo",17
136952,1,0,"trenciansky kraj, partizanske",12
136967,1,1,"presovsky kraj, vysoke tatry",21
136968,0,0,"trnavsky kraj, galanta",19
136969,0,0,"banskobystricky kraj, brezno",20
136970,1,1,"banskobystricky kraj, brezno",21
136973,0,0,"nitriansky kraj, sala",15
136976,1,0,"bratislavsky kraj, bratislava - okolie",0
136980,1,0,"presovsky kraj, vranov nad toplou",19
136982,0,0,"banskobystricky kraj, lucenec",0
136983,0,0,"zilinsky kraj, tvrdosin",0
136985,0,0,"bratislavsky kraj, malacky",0
136986,0,1,"bratislavsky kraj, pezinok",0
136987,0,1,"kosicky kraj, kosice - zapad",0
136988,0,1,"banskobystricky kraj, lucenec",17
136989,0,1,"trenciansky kraj, puchov",0
136990,0,1,"banskobystricky kraj, brezno",0
136991,0,0,"zahranicie, zahranicie - usa",0
136992,1,0,"presovsky kraj, presov",13
137008,0,1,"zahranicie, zahranicie - usa",0
137011,1,1,"banskobystricky kraj, banska bystrica",17
137012,0,0,"banskobystricky kraj, banska bystrica",0
137025,1,0,"trenciansky kraj, stara tura",21
137026,1,0,"presovsky kraj, bardejov",17
137032,1,1,"banskobystricky kraj, banska bystrica",23
137034,1,1,"banskobystricky kraj, brezno",15
137062,1,0,"presovsky kraj, presov",0
137063,1,0,"presovsky kraj, poprad",19
137065,1,0,"nitriansky kraj, nitra",24
137066,1,0,"banskobystricky kraj, zvolen",22
137067,0,1,"banskobystricky kraj, brezno",24
137108,1,1,"bratislavsky kraj, bratislava - okolie",0
137109,1,0,"presovsky kraj, vranov nad toplou",15
137110,0,0,"nitriansky kraj, topolcany",0
137111,1,1,"presovsky kraj, poprad",0
137112,0,0,"zilinsky kraj, namestovo",0
137113,0,1,"trnavsky kraj, trnava",17
137114,1,1,"trenciansky kraj, nova dubnica",15
137115,1,0,"bratislavsky kraj, bratislava - lamac",16
137117,0,0,"trenciansky kraj, bojnice",0
137118,1,1,"trenciansky kraj, povazska bystrica",14
137119,1,1,"bratislavsky kraj, pezinok",17
137120,1,1,"trnavsky kraj, trnava",24
137121,0,0,"nitriansky kraj, topolcany",0
137122,1,0,"presovsky kraj, presov",101
137123,0,1,"banskobystricky kraj, rimavska sobota",0
137125,0,1,"kosicky kraj, kosice - zapad",0
137127,0,0,"nitriansky kraj, tlmace",0
137129,0,0,"kosicky kraj, kosice - juh",0
137130,1,0,"banskobystricky kraj, hrinova",0
137131,1,0,"bratislavsky kraj, bratislava - raca",0
137133,0,0,"zilinsky kraj, zilina",0
137135,1,0,"banskobystricky kraj, revuca",14
137136,1,0,"zilinsky kraj, ruzomberok",0
137137,0,1,"zahranicie, zahranicie - australia",0
137138,1,0,"zahranicie, zahranicie - usa",0
137169,0,0,"zahranicie, zahranicie - usa",19
137170,1,1,"banskobystricky kraj, brezno",23
137192,0,1,"zahranicie, zahranicie - rakusko",22
137215,0,1,"banskobystricky kraj, brezno",0
137223,1,1,"zilinsky kraj, ruzomberok",0
137225,1,0,"presovsky kraj, sabinov",15
137235,0,0,"presovsky kraj, poprad",0
137237,1,1,"presovsky kraj, poprad",0
137238,0,1,"banskobystricky kraj, brezno",0
137255,1,1,"bratislavsky kraj, bratislava - okolie",22
137265,1,1,"presovsky kraj, poprad",18
137287,1,1,"nitriansky kraj, topolcany",0
137344,1,1,"kosicky kraj, sobrance",0
137345,0,0,"kosicky kraj, kosice - zapad",0
137347,0,0,"kosicky kraj, spisska nova ves",15
137352,0,0,"presovsky kraj, sabinov",0
137355,1,0,"bratislavsky kraj, bratislava - ostatne",0
137357,1,1,"banskobystricky kraj, ziar nad hronom",0
137359,0,0,"nitriansky kraj, zlate moravce",0
137363,1,0,"nitriansky kraj, levice",0
137366,1,0,"trenciansky kraj, partizanske",22
137368,1,0,"trenciansky kraj, myjava",15
137376,0,1,"banskobystricky kraj, banska bystrica",19
137379,0,0,"banskobystricky kraj, banska bystrica",18
137390,1,0,"zahranicie, zahranicie - kanada",0
137391,1,1,"zilinsky kraj, zilina",0
137392,1,0,"kosicky kraj, moldava nad bodvou",0
137393,1,0,"presovsky kraj, stara lubovna",12
137400,1,0,"nitriansky kraj, levice",16
137489,1,0,"presovsky kraj, poprad",14
137490,0,0,"banskobystricky kraj, banska bystrica",0
137492,1,1,"kosicky kraj, kosice - sidlisko tahanovce",16
137495,1,0,"presovsky kraj, presov",0
137499,1,1,"trenciansky kraj, trencin",19
137501,1,1,"zilinsky kraj, dolny kubin",18
137503,0,1,"nitriansky kraj, zeliezovce",0
137505,1,1,"nitriansky kraj, komarno",15
137506,1,1,"trnavsky kraj, senica",0
137507,1,0,"zilinsky kraj, cadca",0
137508,1,1,"kosicky kraj, trebisov",15
137510,0,0,"presovsky kraj, poprad",0
137511,1,0,"nitriansky kraj, topolcany",0
137522,1,1,"banskobystricky kraj, lucenec",10
137523,1,1,"zahranicie, zahranicie - gb",13
137524,0,1,"presovsky kraj, lipany",15
137525,1,0,"trenciansky kraj, banovce nad bebravou",14
137526,1,0,"zilinsky kraj, zilina",14
137527,1,1,"zahranicie, zahranicie - usa",19
137565,0,0,"zilinsky kraj, cadca",0
137594,1,0,"kosicky kraj, kosice - juh",0
137602,1,0,"nitriansky kraj, sala",21
137653,0,0,"presovsky kraj, levoca",0
137698,0,1,"trnavsky kraj, trnava",0
137699,1,0,"zilinsky kraj, liptovsky mikulas",0
137700,1,1,"trenciansky kraj, trencin",0
137701,0,0,"kosicky kraj, spisska nova ves",0
137703,1,1,"kosicky kraj, kosice - sidlisko tahanovce",0
137704,1,1,"kosicky kraj, kosice - juh",0
137706,1,1,"trnavsky kraj, galanta",0
137707,1,1,"banskobystricky kraj, zvolen",15
137708,1,1,"kosicky kraj, michalovce",0
137709,0,0,"nitriansky kraj, topolcany",17
137710,1,0,"trenciansky kraj, prievidza",15
137714,1,0,"banskobystricky kraj, zarnovica",0
137715,1,1,"bratislavsky kraj, senec",0
137717,1,0,"bratislavsky kraj, bratislava - ostatne",0
137718,0,1,"nitriansky kraj, topolcany",19
137720,0,1,"presovsky kraj, kezmarok",14
137721,0,1,"nitriansky kraj, nitra",21
137722,1,1,"nitriansky kraj, topolcany",14
137723,0,0,"presovsky kraj, humenne",0
137724,1,1,"kosicky kraj, kosice - dargovskych hrdinov",0
137725,1,1,"kosicky kraj, spisska nova ves",0
137748,1,0,"banskobystricky kraj, banska bystrica",20
137749,1,1,"banskobystricky kraj, brezno",0
137750,1,0,"kosicky kraj, strazske",18
137751,0,0,"kosicky kraj, kosice - okolie",0
137752,0,1,"banskobystricky kraj, brezno",20
137770,1,0,"presovsky kraj, sabinov",7
137799,1,0,"zilinsky kraj, zilina",15
137801,1,0,"nitriansky kraj, komarno",20
137803,1,0,"zilinsky kraj, martin",12
137804,0,0,"banskobystricky kraj, poltar",10
137805,0,0,"nitriansky kraj, nitra",0
137806,1,0,"zilinsky kraj, martin",0
137808,0,0,"presovsky kraj, presov",0
137809,1,1,"kosicky kraj, kosice - okolie",11
137810,1,0,"banskobystricky kraj, zvolen",16
137811,1,1,"presovsky kraj, sabinov",15
137812,1,1,"trnavsky kraj, galanta",0
137813,1,0,"trenciansky kraj, novaky",0
137814,1,1,"zilinsky kraj, liptovsky mikulas",22
137827,0,0,"nitriansky kraj, levice",0
137912,0,0,"kosicky kraj, kosice - zapad",0
137916,1,1,"nitriansky kraj, nove zamky",0
137917,0,0,"presovsky kraj, presov",15
138108,0,0,"nitriansky kraj, topolcany",0
138163,1,0,"kosicky kraj, kosice - zapad",0
138296,0,0,"zahranicie, zahranicie - usa",17
138298,1,0,"trnavsky kraj, trnava",0
138301,0,1,"presovsky kraj, kezmarok",0
138302,0,0,"zahranicie, zahranicie - australia",14
138303,0,1,"nitriansky kraj, nitra",0
138381,1,1,"presovsky kraj, presov",7
138415,0,0,"trnavsky kraj, trnava",0
138422,0,0,"banskobystricky kraj, revuca",0
138426,1,1,"banskobystricky kraj, krupina",0
138429,1,1,"presovsky kraj, snina",17
138433,0,1,"trnavsky kraj, sered",22
138435,1,0,"kosicky kraj, roznava",0
138437,0,0,"kosicky kraj, michalovce",0
138440,1,0,"nitriansky kraj, nove zamky",0
138442,0,0,"presovsky kraj, sabinov",0
138443,1,0,"trenciansky kraj, prievidza",0
138444,1,1,"banskobystricky kraj, zvolen",22
138445,1,0,"presovsky kraj, giraltovce",21
138526,1,0,"presovsky kraj, levoca",0
138560,0,0,"bratislavsky kraj, bratislava - devinska nova ves",0
138644,1,0,"trnavsky kraj, gbely",0
138645,1,1,"trenciansky kraj, partizanske",0
138647,1,1,"presovsky kraj, bardejov",0
138649,0,0,"kosicky kraj, kosice - sever",17
138650,0,1,"presovsky kraj, presov",0
138651,0,0,"presovsky kraj, kezmarok",0
138653,1,0,"banskobystricky kraj, poltar",13
138654,0,0,"banskobystricky kraj, lucenec",0
138655,0,0,"presovsky kraj, presov",0
138658,1,0,"presovsky kraj, humenne",13
138660,1,0,"bratislavsky kraj, bratislava - vrakuna",23
138661,1,1,"trnavsky kraj, trnava",16
138692,1,1,"zilinsky kraj, ruzomberok",20
138693,1,0,"presovsky kraj, snina",16
138695,1,0,"kosicky kraj, kosice - okolie",0
138697,1,0,"banskobystricky kraj, hnusta",11
138698,0,0,"kosicky kraj, kosice - juh",0
138699,1,1,"zilinsky kraj, namestovo",11
138700,1,0,"zilinsky kraj, cadca",0
138726,1,0,"kosicky kraj, michalovce",24
138736,1,0,"zahranicie, zahranicie - ostatne",21
138753,1,1,"trenciansky kraj, partizanske",26
138832,1,0,"zilinsky kraj, cadca",0
138846,1,0,"presovsky kraj, snina",23
138900,1,0,"nitriansky kraj, topolcany",14
138901,1,0,"trnavsky kraj, trnava",0
138902,0,0,"kosicky kraj, kosice - okolie",0
138903,0,0,"banskobystricky kraj, brezno",0
138904,1,0,"zilinsky kraj, ruzomberok",15
138910,0,0,"zahranicie, zahranicie - nemecko",0
139031,1,0,"bratislavsky kraj, bratislava - petrzalka",17
139100,1,1,"zilinsky kraj, martin",11
139104,1,0,"kosicky kraj, kosice - zapad",13
139109,1,0,"trnavsky kraj, senica",17
139113,0,0,"trnavsky kraj, piestany",0
139115,0,0,"banskobystricky kraj, ziar nad hronom",18
139117,1,1,"kosicky kraj, trebisov",19
139118,1,0,"zilinsky kraj, cadca",15
139121,0,1,"zahranicie, zahranicie - ostatne",0
139122,0,1,"kosicky kraj, kosice - zapad",0
139123,0,1,"banskobystricky kraj, banska bystrica",0
139124,1,0,"trnavsky kraj, galanta",0
139141,1,1,"zilinsky kraj, martin",14
139142,1,0,"kosicky kraj, kosice - okolie",11
139143,1,0,"zilinsky kraj, dolny kubin",12
139146,1,1,"presovsky kraj, sabinov",17
139191,1,0,"banskobystricky kraj, hnusta",0
139363,1,0,"trnavsky kraj, piestany",0
139373,0,0,"presovsky kraj, lipany",15
139379,1,0,"trenciansky kraj, banovce nad bebravou",10
139380,1,0,"trenciansky kraj, povazska bystrica",0
139381,1,0,"presovsky kraj, lipany",15
139382,1,1,"zilinsky kraj, ruzomberok",0
139383,0,1,"trnavsky kraj, skalica",20
139384,1,0,"zilinsky kraj, liptovsky mikulas",15
139507,1,0,"trnavsky kraj, trnava",18
139571,0,0,"kosicky kraj, spisska nova ves",17
139572,1,1,"bratislavsky kraj, bratislava - ruzinov",0
139574,1,0,"banskobystricky kraj, brezno",0
139575,0,0,"nitriansky kraj, nove zamky",0
139576,1,0,"presovsky kraj, poprad",0
139586,0,1,"kosicky kraj, kosice - okolie",17
139587,0,0,"banskobystricky kraj, krupina",0
139588,1,0,"nitriansky kraj, topolcany",0
139589,1,0,"banskobystricky kraj, banska bystrica",0
139590,1,0,"banskobystricky kraj, zvolen",0
139591,1,0,"banskobystricky kraj, banska bystrica",13
139592,1,1,"zilinsky kraj, ruzomberok",12
139593,1,1,"trnavsky kraj, holic",12
139711,1,1,"zahranicie, zahranicie - ostatne",20
139714,0,1,"bratislavsky kraj, bratislava - raca",0
139716,0,0,"trnavsky kraj, sered",3
139718,0,0,"kosicky kraj, spisska nova ves",0
139720,0,1,"bratislavsky kraj, malacky",12
139721,0,1,"kosicky kraj, kosice - zapad",17
139723,1,1,"nitriansky kraj, surany",19
139728,0,0,"trenciansky kraj, puchov",0
139731,1,0,"trenciansky kraj, handlova",19
139732,1,1,"nitriansky kraj, nove zamky",0
139734,0,0,"zahranicie, zahranicie - usa",23
139735,1,1,"banskobystricky kraj, dudince",19
139736,0,1,"trnavsky kraj, gbely",0
139737,1,1,"presovsky kraj, bardejov",0
139738,0,0,"zahranicie, zahranicie - usa",0
139907,1,1,"trnavsky kraj, velky meder",16
139908,0,0,"banskobystricky kraj, banska bystrica",0
139909,0,0,"presovsky kraj, snina",0
139910,1,1,"zilinsky kraj, martin",13
139911,1,0,"presovsky kraj, bardejov",0
139912,1,1,"kosicky kraj, kosice - zapad",10
139913,1,0,"nitriansky kraj, nitra",11
139938,1,1,"trenciansky kraj, stara tura",19
140005,0,0,"trenciansky kraj, prievidza",24
140008,1,1,"zilinsky kraj, turcianske teplice",11
140009,1,1,"zilinsky kraj, trstena",0
140020,0,0,"banskobystricky kraj, banska bystrica",15
140024,1,0,"presovsky kraj, poprad",0
140029,0,1,"nitriansky kraj, sala",0
140036,0,0,"zahranicie, zahranicie - usa",0
140037,1,1,"banskobystricky kraj, zvolen",3
140039,1,1,"trnavsky kraj, senica",0
140043,1,0,"kosicky kraj, michalovce",0
140045,0,0,"zilinsky kraj, martin",0
140046,0,0,"trenciansky kraj, partizanske",0
140047,0,1,"presovsky kraj, sabinov",0
140048,0,1,"nitriansky kraj, nitra",25
140049,1,0,"kosicky kraj, roznava",0
140180,1,1,"banskobystricky kraj, banska bystrica",0
140191,1,0,"bratislavsky kraj, modra",0
140231,0,1,"trenciansky kraj, myjava",14
140232,0,0,"kosicky kraj, spisska nova ves",17
140233,1,0,"presovsky kraj, poprad",19
140234,1,0,"bratislavsky kraj, bratislava - okolie",0
140235,0,0,"kosicky kraj, spisska nova ves",0
140236,1,0,"trnavsky kraj, hlohovec",15
140237,1,1,"trnavsky kraj, hlohovec",17
140239,1,1,"bratislavsky kraj, bratislava - raca",21
140240,1,1,"bratislavsky kraj, bratislava - nove mesto",18
140241,1,1,"presovsky kraj, poprad",17
140243,0,1,"banskobystricky kraj, ziar nad hronom",17
140244,1,1,"presovsky kraj, lipany",13
140245,1,1,"zilinsky kraj, martin",0
140246,0,1,"kosicky kraj, krompachy",0
140344,1,0,"zilinsky kraj, cadca",0
140467,1,1,"zilinsky kraj, martin",21
140546,1,0,"banskobystricky kraj, detva",0
140548,1,1,"banskobystricky kraj, zarnovica",0
140549,1,1,"presovsky kraj, kezmarok",0
140550,1,0,"kosicky kraj, krompachy",0
140551,1,0,"nitriansky kraj, nove zamky",13
140552,1,0,"kosicky kraj, moldava nad bodvou",12
140553,1,1,"zilinsky kraj, vrutky",13
140554,1,0,"zilinsky kraj, namestovo",0
140555,1,1,"kosicky kraj, gelnica",13
140596,1,0,"trenciansky kraj, banovce nad bebravou",0
140671,0,0,"kosicky kraj, kosice - okolie",0
140674,1,1,"trenciansky kraj, banovce nad bebravou",13
140777,1,0,"zilinsky kraj, dolny kubin",0
140778,1,0,"presovsky kraj, poprad",15
140779,0,0,"kosicky kraj, kosice - zapad",0
140780,0,0,"kosicky kraj, kosice - zapad",0
140781,1,0,"presovsky kraj, spisska bela",16
140782,0,0,"zahranicie, zahranicie - usa",0
140783,1,1,"trenciansky kraj, puchov",15
140784,1,1,"trnavsky kraj, dunajska streda",13
140787,0,0,"zahranicie, zahranicie - nemecko",0
140788,1,1,"zilinsky kraj, cadca",14
140789,1,0,"zahranicie, zahranicie - nemecko",0
140793,1,0,"nitriansky kraj, topolcany",0
140859,0,0,"zahranicie, zahranicie - gb",0
140860,1,1,"zahranicie, zahranicie - usa",0
140935,0,0,"nitriansky kraj, nitra",17
141021,1,0,"trnavsky kraj, sered",17
141027,0,0,"banskobystricky kraj, hnusta",0
141029,1,0,"banskobystricky kraj, rimavska sobota",14
141047,0,0,"zahranicie, zahranicie - gb",14
141083,0,0,"bratislavsky kraj, malacky",24
141136,0,0,"kosicky kraj, kosice - okolie",0
141137,0,1,"presovsky kraj, kezmarok",13
141138,1,0,"zilinsky kraj, zilina",0
141139,0,0,"nitriansky kraj, tlmace",0
141140,1,0,"banskobystricky kraj, zvolen",13
141141,1,0,"kosicky kraj, kosice - krasna nad hornadom",14
141166,0,0,"kosicky kraj, kosice - dargovskych hrdinov",0
141169,1,0,"zilinsky kraj, namestovo",0
141181,1,0,"bratislavsky kraj, malacky",0
141185,1,0,"trenciansky kraj, puchov",19
141186,1,1,"bratislavsky kraj, malacky",12
141187,1,0,"bratislavsky kraj, malacky",0
141188,1,1,"bratislavsky kraj, malacky",0
141189,1,0,"bratislavsky kraj, malacky",37
141190,1,0,"trnavsky kraj, senica",12
141191,1,1,"bratislavsky kraj, bratislava - okolie",11
141192,1,1,"bratislavsky kraj, malacky",11
141252,1,0,"zahranicie, zahranicie - francuzsko",17
141255,1,1,"bratislavsky kraj, malacky",0
141256,1,0,"bratislavsky kraj, bratislava - okolie",0
141257,1,0,"bratislavsky kraj, malacky",0
141258,1,0,"bratislavsky kraj, malacky",12
141259,1,1,"bratislavsky kraj, malacky",12
141260,1,1,"bratislavsky kraj, malacky",17
141262,1,0,"bratislavsky kraj, malacky",0
141264,1,1,"bratislavsky kraj, malacky",0
141265,1,1,"bratislavsky kraj, malacky",0
141305,1,0,"presovsky kraj, stara lubovna",0
141307,1,1,"trenciansky kraj, prievidza",19
141314,1,0,"trnavsky kraj, holic",0
141316,0,0,"kosicky kraj, kosice - zapad",0
141317,1,0,"nitriansky kraj, nitra",23
141318,0,0,"presovsky kraj, poprad",20
141319,1,0,"nitriansky kraj, nove zamky",0
141320,1,1,"banskobystricky kraj, brezno",0
141321,1,0,"kosicky kraj, kosice - dargovskych hrdinov",21
141322,0,0,"bratislavsky kraj, malacky",21
141324,1,0,"zilinsky kraj, martin",0
141325,0,0,"trnavsky kraj, hlohovec",0
141327,1,0,"zilinsky kraj, ruzomberok",0
141338,1,1,"zilinsky kraj, zilina",19
141357,1,0,"banskobystricky kraj, hnusta",0
141358,1,0,"banskobystricky kraj, rimavska sobota",0
141363,0,0,"kosicky kraj, spisska nova ves",0
141400,0,0,"presovsky kraj, presov",0
141406,1,0,"zilinsky kraj, cadca",0
141429,1,0,"trnavsky kraj, senica",0
141440,0,0,"banskobystricky kraj, banska bystrica",0
141468,1,0,"zilinsky kraj, tvrdosin",13
141471,1,0,"kosicky kraj, kosice - okolie",0
141472,0,0,"zilinsky kraj, ruzomberok",0
141481,0,0,"kosicky kraj, trebisov",0
141482,1,0,"presovsky kraj, lipany",10
141483,1,1,"kosicky kraj, kosice - okolie",24
141484,1,0,"zahranicie, zahranicie - usa",18
141493,1,0,"zilinsky kraj, cadca",0
141503,1,0,"bratislavsky kraj, senec",10
141504,1,0,"presovsky kraj, lipany",0
141508,1,0,"trnavsky kraj, senica",13
141509,0,0,"trnavsky kraj, piestany",0
141513,0,0,"nitriansky kraj, nove zamky",0
141515,0,0,"zahranicie, zahranicie - australia",0
141516,1,1,"nitriansky kraj, levice",0
141517,0,0,"zahranicie, zahranicie - ostatne",18
141518,1,0,"nitriansky kraj, topolcany",0
141519,1,1,"banskobystricky kraj, lucenec",15
141520,1,1,"nitriansky kraj, topolcany",24
141596,0,0,"trenciansky kraj, banovce nad bebravou",15
141597,1,1,"trenciansky kraj, dubnica nad vahom",0
141598,0,0,"trenciansky kraj, prievidza",8
141599,1,0,"bratislavsky kraj, bratislava - okolie",14
141600,0,0,"kosicky kraj, michalovce",18
141602,1,0,"zilinsky kraj, kysucke nove mesto",12
141604,1,1,"trnavsky kraj, holic",0
141673,1,1,"nitriansky kraj, zeliezovce",0
141674,1,1,"trnavsky kraj, skalica",17
141676,1,0,"banskobystricky kraj, banska bystrica",0
141678,0,1,"nitriansky kraj, topolcany",21
141679,0,1,"kosicky kraj, kosice - okolie",0
141683,1,1,"bratislavsky kraj, senec",0
141684,0,0,"nitriansky kraj, hurbanovo",0
141685,1,0,"presovsky kraj, poprad",0
141689,1,0,"trnavsky kraj, galanta",9
141691,1,1,"zilinsky kraj, martin",16
141692,1,0,"presovsky kraj, vranov nad toplou",27
141693,1,0,"trenciansky kraj, prievidza",11
141694,1,0,"zilinsky kraj, liptovsky mikulas",15
141695,1,1,"bratislavsky kraj, bratislava - okolie",0
141729,1,0,"nitriansky kraj, nitra",13
141773,1,1,"kosicky kraj, spisska nova ves",0
141789,0,0,"nitriansky kraj, nitra",22
141818,1,1,"trenciansky kraj, dubnica nad vahom",15
141819,1,1,"zilinsky kraj, turzovka",0
141821,1,1,"banskobystricky kraj, hrinova",13
141822,0,1,"zahranicie, zahranicie - gb",0
141823,1,0,"zahranicie, zahranicie - usa",0
141824,1,0,"presovsky kraj, vranov nad toplou",13
141825,0,0,"trenciansky kraj, dubnica nad vahom",0
141826,0,1,"bratislavsky kraj, bratislava - petrzalka",15
141878,0,0,"presovsky kraj, sabinov",14
141894,1,0,"zilinsky kraj, rajec",16
141895,1,1,"trenciansky kraj, trencin",0
141896,0,1,"banskobystricky kraj, lucenec",0
141897,1,0,"trnavsky kraj, trnava",13
141899,0,1,"trenciansky kraj, trencin",17
141900,0,0,"zahranicie, zahranicie - usa",0
141901,1,0,"presovsky kraj, presov",0
141902,1,0,"kosicky kraj, michalovce",0
141903,1,1,"bratislavsky kraj, bratislava - okolie",15
141904,1,0,"trnavsky kraj, galanta",0
141905,1,1,"trnavsky kraj, trnava",15
141906,1,0,"bratislavsky kraj, bratislava - petrzalka",0
141907,0,0,"nitriansky kraj, vrable",0
141908,1,1,"zilinsky kraj, ruzomberok",14
141909,1,1,"kosicky kraj, kosice - zapad",0
141947,1,0,"presovsky kraj, presov",0
141949,1,1,"trnavsky kraj, samorin",16
141950,1,1,"kosicky kraj, spisska nova ves",18
141951,0,0,"presovsky kraj, poprad",14
141975,1,0,"banskobystricky kraj, tisovec",15
141977,0,0,"zahranicie, zahranicie - gb",0
141983,0,1,"trnavsky kraj, sered",15
142008,1,0,"kosicky kraj, kosice - okolie",20
142009,0,1,"kosicky kraj, krompachy",0
142010,1,1,"kosicky kraj, roznava",21
142011,0,1,"trenciansky kraj, prievidza",0
142012,0,0,"trenciansky kraj, handlova",14
142013,1,0,"banskobystricky kraj, banska bystrica",11
142043,1,1,"bratislavsky kraj, malacky",18
142045,0,1,"kosicky kraj, kosice - zapad",0
142046,0,1,"kosicky kraj, kosice - dargovskych hrdinov",15
142047,1,0,"nitriansky kraj, komarno",0
142048,1,1,"nitriansky kraj, nove zamky",15
142049,1,0,"trnavsky kraj, dunajska streda",23
142050,0,1,"zilinsky kraj, martin",0
142052,1,0,"zilinsky kraj, zilina",0
142053,0,1,"banskobystricky kraj, velky krtis",13
142055,1,0,"presovsky kraj, presov",0
142060,0,0,"presovsky kraj, snina",0
142061,1,1,"zahranicie, zahranicie - ostatne",20
142070,1,0,"zilinsky kraj, ruzomberok",0
142151,1,0,"kosicky kraj, kosice - juh",0
142153,0,0,"bratislavsky kraj, malacky",0
142155,1,0,"bratislavsky kraj, malacky",0
142156,1,0,"zahranicie, zahranicie - australia",11
142158,1,1,"bratislavsky kraj, malacky",15
142159,1,0,"bratislavsky kraj, malacky",21
142161,0,1,"bratislavsky kraj, malacky",0
142162,1,1,"bratislavsky kraj, malacky",19
142163,1,1,"bratislavsky kraj, bratislava - ostatne",33
142164,1,1,"bratislavsky kraj, malacky",0
142165,1,1,"bratislavsky kraj, malacky",18
142166,1,0,"bratislavsky kraj, malacky",17
142167,1,0,"bratislavsky kraj, senec",12
142168,1,1,"bratislavsky kraj, malacky",13
142175,1,0,"bratislavsky kraj, malacky",0
142225,1,0,"trenciansky kraj, banovce nad bebravou",14
142226,1,0,"zilinsky kraj, martin",13
142227,1,0,"nitriansky kraj, sala",22
142228,1,0,"kosicky kraj, moldava nad bodvou",0
142229,1,1,"trnavsky kraj, dunajska streda",13
142230,1,1,"bratislavsky kraj, malacky",0
142231,1,1,"zilinsky kraj, namestovo",0
142232,1,0,"trenciansky kraj, prievidza",0
142286,0,0,"presovsky kraj, snina",0
142287,0,1,"banskobystricky kraj, banska bystrica",0
142288,1,0,"presovsky kraj, presov",17
142290,1,0,"banskobystricky kraj, zvolen",0
142292,0,0,"nitriansky kraj, nitra",0
142294,1,1,"banskobystricky kraj, lucenec",19
142298,0,1,"zahranicie, zahranicie - ostatne",0
142299,1,0,"trenciansky kraj, partizanske",0
142301,0,0,"nitriansky kraj, kolarovo",0
142303,1,1,"bratislavsky kraj, bratislava - dubravka",0
142400,1,0,"nitriansky kraj, zlate moravce",12
142409,0,0,"trenciansky kraj, prievidza",0
142410,0,0,"kosicky kraj, kosice - okolie",13
142411,1,0,"banskobystricky kraj, revuca",15
142412,1,0,"bratislavsky kraj, bratislava - okolie",10
142413,0,0,"kosicky kraj, spisska nova ves",0
142414,1,0,"zahranicie, zahranicie - usa",0
142415,1,0,"zahranicie, zahranicie - usa",19
142416,0,0,"zilinsky kraj, martin",0
142417,1,1,"trnavsky kraj, piestany",0
142418,1,1,"kosicky kraj, kosice - sidlisko tahanovce",0
142419,1,0,"zahranicie, zahranicie - usa",19
142519,1,1,"banskobystricky kraj, lucenec",0
142520,0,1,"zahranicie, zahranicie - ostatne",0
142522,1,0,"bratislavsky kraj, bratislava - ruzinov",33
142523,1,1,"banskobystricky kraj, zvolen",0
142525,0,0,"nitriansky kraj, nove zamky",19
142526,1,1,"nitriansky kraj, komarno",17
142527,1,0,"trnavsky kraj, senica",0
142529,1,1,"trnavsky kraj, hlohovec",0
142530,1,1,"banskobystricky kraj, ziar nad hronom",17
142531,1,1,"trnavsky kraj, holic",18
142532,1,0,"presovsky kraj, humenne",17
142534,0,0,"kosicky kraj, kosice - sidlisko tahanovce",0
142536,1,0,"zilinsky kraj, martin",0
142537,1,0,"kosicky kraj, kosice - sever",0
142538,0,1,"kosicky kraj, roznava",23
142566,0,0,"zahranicie, zahranicie - australia",26
142626,1,0,"nitriansky kraj, nove zamky",12
142627,0,0,"zilinsky kraj, zilina",0
142628,0,0,"zilinsky kraj, martin",36
142634,0,1,"zilinsky kraj, namestovo",15
142636,0,0,"presovsky kraj, medzilaborce",0
142706,1,1,"nitriansky kraj, sala",0
142709,0,1,"presovsky kraj, poprad",21
142711,1,0,"presovsky kraj, poprad",16
142713,1,0,"zilinsky kraj, zilina",0
142715,1,1,"bratislavsky kraj, bratislava - okolie",0
142718,1,1,"presovsky kraj, presov",27
142719,1,0,"bratislavsky kraj, bratislava - dubravka",17
142721,0,1,"kosicky kraj, trebisov",0
142722,0,0,"kosicky kraj, gelnica",0
142725,1,1,"banskobystricky kraj, ziar nad hronom",0
142726,1,0,"presovsky kraj, bardejov",0
142727,1,1,"presovsky kraj, poprad",23
142728,1,1,"bratislavsky kraj, bratislava - nove mesto",0
142729,1,1,"zahranicie, zahranicie - francuzsko",14
142825,0,0,"ceska republika, cz - plzensky kraj",0
142826,0,0,"zahranicie, zahranicie - kanada",0
142827,0,0,"kosicky kraj, spisska nova ves",0
142828,1,0,"trenciansky kraj, banovce nad bebravou",14
142829,1,1,"kosicky kraj, sobrance",0
142841,0,0,"ceska republika, cz - praha",0
142941,0,1,"banskobystricky kraj, banska bystrica",0
142957,0,1,"nitriansky kraj, sahy",16
142958,1,1,"kosicky kraj, trebisov",16
142959,1,0,"banskobystricky kraj, hnusta",0
142960,1,0,"trenciansky kraj, puchov",16
142961,0,0,"banskobystricky kraj, tornala",0
142962,0,1,"zilinsky kraj, trstena",14
142963,0,1,"nitriansky kraj, nove zamky",0
142964,1,1,"kosicky kraj, spisska nova ves",17
142965,0,1,"bratislavsky kraj, bratislava - okolie",18
142966,1,1,"banskobystricky kraj, banska bystrica",16
142967,0,0,"trenciansky kraj, prievidza",0
142969,1,0,"zahranicie, zahranicie - ostatne",0
142970,0,1,"presovsky kraj, presov",16
142971,1,1,"banskobystricky kraj, banska bystrica",0
142972,0,0,"nitriansky kraj, vrable",0
142973,0,1,"kosicky kraj, kosice - sidlisko tahanovce",23
143043,1,0,"zahranicie, zahranicie - usa",0
143044,1,0,"trnavsky kraj, leopoldov",17
143069,0,0,"bratislavsky kraj, bratislava - raca",17
143071,0,0,"zilinsky kraj, cadca",0
143101,1,0,"nitriansky kraj, nove zamky",20
143102,1,1,"zahranicie, zahranicie - usa",0
143103,0,0,"zahranicie, zahranicie - gb",13
143104,1,1,"trnavsky kraj, piestany",0
143105,0,0,"zilinsky kraj, zilina",0
143106,1,0,"ceska republika, cz - karlovarsky kraj",0
143107,0,0,"kosicky kraj, michalovce",0
143108,0,0,"zahranicie, zahranicie - ostatne",25
143109,1,0,"kosicky kraj, kosice - krasna nad hornadom",34
143112,0,0,"nitriansky kraj, nove zamky",23
143113,0,1,"trenciansky kraj, nove mesto nad vahom",0
143114,0,1,"presovsky kraj, presov",0
143115,1,0,"banskobystricky kraj, banska bystrica",0
143116,0,1,"bratislavsky kraj, bratislava - petrzalka",0
143117,1,1,"banskobystricky kraj, banska bystrica",0
143118,1,1,"zilinsky kraj, tvrdosin",0
143119,1,1,"banskobystricky kraj, filakovo",0
143120,0,0,"banskobystricky kraj, rimavska sobota",0
143191,0,1,"banskobystricky kraj, tisovec",20
143281,0,0,"nitriansky kraj, nitra",0
143282,1,1,"presovsky kraj, snina",15
143284,1,0,"nitriansky kraj, zlate moravce",0
143288,1,1,"trenciansky kraj, banovce nad bebravou",0
143290,1,1,"bratislavsky kraj, bratislava - petrzalka",14
143298,1,0,"presovsky kraj, spisske podhradie",0
143299,1,1,"trnavsky kraj, trnava",0
143300,1,1,"presovsky kraj, humenne",0
143301,0,0,"trenciansky kraj, prievidza",13
143302,0,0,"banskobystricky kraj, ziar nad hronom",0
143303,0,0,"trnavsky kraj, trnava",17
143304,1,0,"bratislavsky kraj, malacky",0
143305,0,0,"trnavsky kraj, sered",0
143306,1,0,"zilinsky kraj, martin",0
143309,0,0,"nitriansky kraj, zlate moravce",19
143310,1,0,"kosicky kraj, kosice - okolie",0
143315,1,1,"presovsky kraj, spisske podhradie",16
143356,0,0,"zahranicie, zahranicie - australia",22
143449,1,1,"kosicky kraj, michalovce",0
143450,0,0,"kosicky kraj, kosice - okolie",0
143452,0,1,"banskobystricky kraj, detva",15
143453,0,0,"kosicky kraj, michalovce",0
143454,1,0,"kosicky kraj, kosice - okolie",15
143455,1,0,"trenciansky kraj, trencin",17
143457,1,1,"trenciansky kraj, banovce nad bebravou",0
143458,1,1,"nitriansky kraj, nitra",16
143459,1,1,"presovsky kraj, presov",0
143460,1,1,"presovsky kraj, kezmarok",0
143463,0,0,"nitriansky kraj, nitra",0
143464,0,1,"zilinsky kraj, zilina",17
143466,0,1,"trenciansky kraj, povazska bystrica",24
143467,0,0,"banskobystricky kraj, zvolen",0
143640,0,0,"bratislavsky kraj, bratislava - ostatne",21
143641,1,1,"presovsky kraj, vranov nad toplou",17
143642,0,1,"banskobystricky kraj, banska bystrica",12
143643,0,1,"zilinsky kraj, ruzomberok",20
143644,0,0,"presovsky kraj, stara lubovna",0
143704,0,0,"trnavsky kraj, sered",0
143768,0,1,"kosicky kraj, kosice - dargovskych hrdinov",23
143812,0,0,"zahranicie, zahranicie - francuzsko",0
143813,1,0,"presovsky kraj, stropkov",0
143814,1,0,"nitriansky kraj, levice",0
143815,1,0,"kosicky kraj, kosice - sidlisko tahanovce",14
143816,1,1,"zilinsky kraj, martin",0
143817,1,1,"zilinsky kraj, turcianske teplice",19
143818,1,1,"bratislavsky kraj, malacky",23
143819,1,1,"presovsky kraj, levoca",16
143820,1,0,"banskobystricky kraj, banska bystrica",16
143821,1,1,"nitriansky kraj, nitra",12
143822,1,0,"presovsky kraj, presov",17
143823,1,0,"kosicky kraj, kosice - okolie",0
143824,1,1,"kosicky kraj, trebisov",17
143825,1,0,"trnavsky kraj, sered",0
143826,0,1,"kosicky kraj, kosice - okolie",0
143827,0,1,"trenciansky kraj, prievidza",0
143829,1,1,"kosicky kraj, kosice - dargovskych hrdinov",17
143830,1,1,"trenciansky kraj, partizanske",18
143836,1,0,"presovsky kraj, vranov nad toplou",0
143885,0,0,"presovsky kraj, humenne",14
143886,1,1,"kosicky kraj, roznava",0
143887,0,1,"nitriansky kraj, nove zamky",17
144030,1,1,"trenciansky kraj, myjava",13
144031,1,0,"presovsky kraj, spisska bela",16
144033,1,0,"bratislavsky kraj, bratislava - ruzinov",21
144034,0,1,"kosicky kraj, trebisov",0
144035,0,0,"banskobystricky kraj, banska bystrica",17
144036,1,0,"presovsky kraj, vranov nad toplou",0
144037,1,0,"trnavsky kraj, skalica",22
144038,0,1,"trenciansky kraj, dubnica nad vahom",15
144039,1,0,"kosicky kraj, trebisov",18
144041,0,0,"zilinsky kraj, dolny kubin",0
144042,0,0,"banskobystricky kraj, zarnovica",45
144043,0,1,"trenciansky kraj, trencin",0
144044,0,0,"kosicky kraj, kosice - sever",0
144045,1,0,"presovsky kraj, spisska bela",14
144046,1,0,"presovsky kraj, vranov nad toplou",0
144047,0,0,"bratislavsky kraj, bratislava - ruzinov",0
144058,0,1,"banskobystricky kraj, ziar nad hronom",0
144193,1,1,"kosicky kraj, spisske vlachy",8
144194,1,0,"trenciansky kraj, puchov",11
144195,1,1,"trnavsky kraj, senica",0
144196,0,0,"nitriansky kraj, nove zamky",15
144197,1,0,"nitriansky kraj, nove zamky",0
144209,0,0,"kosicky kraj, trebisov",19
144293,1,0,"trnavsky kraj, senica",9
144322,0,1,"zahranicie, zahranicie - ostatne",18
144323,0,0,"banskobystricky kraj, hnusta",0
144324,1,1,"presovsky kraj, snina",19
144326,0,0,"presovsky kraj, humenne",0
144327,1,1,"banskobystricky kraj, poltar",13
144328,0,1,"trenciansky kraj, povazska bystrica",20
144329,1,1,"banskobystricky kraj, revuca",17
144331,0,1,"nitriansky kraj, nitra",18
144333,1,0,"trnavsky kraj, senica",23
144337,1,0,"banskobystricky kraj, zvolen",11
144339,1,0,"presovsky kraj, poprad",0
144340,1,0,"zilinsky kraj, ruzomberok",12
144343,1,0,"trenciansky kraj, puchov",19
144407,1,0,"trenciansky kraj, prievidza",0
144408,0,0,"zahranicie, zahranicie - ostatne",17
144410,1,1,"nitriansky kraj, nove zamky",0
144411,0,0,"zilinsky kraj, cadca",15
144412,1,1,"zilinsky kraj, martin",0
144413,1,0,"zahranicie, zahranicie - ostatne",0
144414,1,1,"zilinsky kraj, zilina",0
144416,1,0,"trenciansky kraj, nove mesto nad vahom",15
144418,1,0,"kosicky kraj, gelnica",10
144431,1,1,"banskobystricky kraj, hnusta",19
144432,0,0,"banskobystricky kraj, banska stiavnica",18
144433,1,0,"zilinsky kraj, martin",0
144434,0,0,"zilinsky kraj, namestovo",18
144435,0,1,"banskobystricky kraj, banska bystrica",0
144436,1,1,"banskobystricky kraj, zvolen",17
144437,1,0,"presovsky kraj, svit",15
144438,0,0,"zahranicie, zahranicie - ostatne",0
144439,0,1,"trenciansky kraj, partizanske",0
144440,1,0,"trenciansky kraj, nove mesto nad vahom",17
144441,1,1,"presovsky kraj, bardejov",0
144442,1,0,"kosicky kraj, kosice - sidlisko tahanovce",15
144443,1,1,"bratislavsky kraj, bratislava - okolie",22
144444,1,1,"presovsky kraj, lipany",19
144446,1,1,"kosicky kraj, kosice - okolie",17
144447,1,1,"presovsky kraj, svidnik",18
144449,0,0,"trnavsky kraj, senica",15
144453,1,1,"trenciansky kraj, trencin",0
144456,1,1,"nitriansky kraj, levice",0
144463,0,0,"banskobystricky kraj, banska bystrica",0
144487,0,0,"bratislavsky kraj, bratislava - ruzinov",26
144534,0,1,"zilinsky kraj, zilina",0
144536,0,1,"zilinsky kraj, zilina",15
144548,0,1,"nitriansky kraj, zlate moravce",0
144549,1,0,"bratislavsky kraj, bratislava - karlova ves",0
144551,1,0,"trnavsky kraj, trnava",0
144552,1,0,"banskobystricky kraj, filakovo",10
144553,1,0,"presovsky kraj, stara lubovna",0
144554,1,1,"kosicky kraj, spisska nova ves",15
144556,1,0,"presovsky kraj, presov",0
144557,1,0,"zilinsky kraj, zilina",0
144558,1,1,"presovsky kraj, hanusovce nad toplou",0
144560,1,1,"trnavsky kraj, trnava",0
144561,1,1,"bratislavsky kraj, bratislava - devinska nova ves",12
144563,0,0,"banskobystricky kraj, nova bana",0
144564,1,0,"presovsky kraj, stropkov",0
144565,1,0,"nitriansky kraj, levice",0
144566,1,0,"presovsky kraj, vranov nad toplou",0
144568,0,0,"kosicky kraj, kosice - ostatne",15
144569,1,0,"presovsky kraj, humenne",11
144574,0,0,"zilinsky kraj, zilina",16
144575,0,0,"nitriansky kraj, surany",0
144576,0,0,"trenciansky kraj, povazska bystrica",13
144577,1,0,"kosicky kraj, secovce",0
144578,1,0,"trenciansky kraj, banovce nad bebravou",11
144579,0,1,"bratislavsky kraj, malacky",11
144580,0,0,"banskobystricky kraj, brezno",13
144700,0,0,"zahranicie, zahranicie - ostatne",0
144719,0,0,"bratislavsky kraj, bratislava - raca",23
144720,0,0,"zilinsky kraj, namestovo",0
144721,0,0,"presovsky kraj, presov",13
144722,1,1,"banskobystricky kraj, banska bystrica",0
144723,1,0,"kosicky kraj, kosice - zapad",12
144724,1,1,"banskobystricky kraj, lucenec",0
144725,1,0,"trnavsky kraj, holic",13
144737,1,0,"trnavsky kraj, velky meder",26
144738,0,1,"nitriansky kraj, sala",0
144739,0,0,"banskobystricky kraj, nova bana",0
144740,0,0,"presovsky kraj, hanusovce nad toplou",20
144741,1,0,"zahranicie, zahranicie - ostatne",0
144742,1,0,"trnavsky kraj, galanta",0
144743,1,1,"presovsky kraj, svit",0
144744,0,1,"bratislavsky kraj, bratislava - raca",31
144745,1,1,"nitriansky kraj, zlate moravce",19
144747,0,0,"trenciansky kraj, novaky",0
144748,1,0,"presovsky kraj, poprad",0
144749,0,1,"banskobystricky kraj, ziar nad hronom",0
144750,1,1,"kosicky kraj, roznava",0
144751,1,0,"kosicky kraj, kosice - sever",0
144791,1,1,"banskobystricky kraj, lucenec",13
144899,0,0,"kosicky kraj, spisska nova ves",0
144900,1,0,"nitriansky kraj, nitra",0
144910,0,0,"banskobystricky kraj, banska bystrica",0
144934,0,0,"nitriansky kraj, zlate moravce",0
144937,1,0,"nitriansky kraj, nove zamky",12
144938,0,1,"zilinsky kraj, zilina",0
144939,0,0,"nitriansky kraj, nove zamky",15
144940,1,1,"banskobystricky kraj, lucenec",15
144941,1,0,"banskobystricky kraj, brezno",15
144944,0,1,"kosicky kraj, secovce",0
144945,0,0,"banskobystricky kraj, nova bana",15
144946,0,0,"zahranicie, zahranicie - francuzsko",0
144947,0,0,"trenciansky kraj, prievidza",0
144948,1,1,"zahranicie, zahranicie - usa",15
144950,1,0,"zilinsky kraj, martin",14
144951,1,0,"kosicky kraj, kosice - sever",16
144953,1,1,"zahranicie, zahranicie - usa",20
144955,1,1,"kosicky kraj, michalovce",0
145005,0,0,"zilinsky kraj, cadca",18
145031,0,0,"trenciansky kraj, trencin",20
145103,1,1,"kosicky kraj, gelnica",0
145104,1,0,"trenciansky kraj, prievidza",0
145105,1,0,"trnavsky kraj, trnava",0
145117,0,1,"trnavsky kraj, hlohovec",22
145125,1,0,"zilinsky kraj, turcianske teplice",0
145126,1,1,"trenciansky kraj, trencin",16
145127,1,1,"zahranicie, zahranicie - gb",24
145128,0,0,"trnavsky kraj, sladkovicovo",0
145129,0,1,"presovsky kraj, poprad",24
145130,1,0,"presovsky kraj, kezmarok",12
145131,1,1,"presovsky kraj, bardejov",17
145132,1,0,"trnavsky kraj, holic",13
145133,0,0,"zilinsky kraj, ruzomberok",0
145134,1,1,"presovsky kraj, humenne",17
145135,0,1,"trenciansky kraj, trencin",0
145136,1,1,"bratislavsky kraj, senec",11
145137,1,1,"trnavsky kraj, senica",0
145138,1,1,"trnavsky kraj, piestany",12
145139,1,1,"trnavsky kraj, sered",0
145140,0,0,"bratislavsky kraj, bratislava - raca",14
145141,0,0,"banskobystricky kraj, lucenec",0
145142,1,0,"zahranicie, zahranicie - usa",0
145145,1,0,"zilinsky kraj, zilina",21
145158,1,0,"zilinsky kraj, cadca",0
145211,1,0,"kosicky kraj, roznava",12
145213,0,0,"bratislavsky kraj, modra",14
145215,1,1,"zilinsky kraj, namestovo",0
145245,1,1,"banskobystricky kraj, brezno",15
145246,1,0,"zilinsky kraj, martin",0
145247,1,1,"zilinsky kraj, namestovo",15
145248,0,0,"trenciansky kraj, trencin",0
145250,1,0,"zahranicie, zahranicie - australia",0
145251,1,0,"zahranicie, zahranicie - rakusko",0
145288,0,0,"zilinsky kraj, zilina",0
145290,1,1,"zilinsky kraj, cadca",11
145291,1,1,"zilinsky kraj, martin",18
145293,1,0,"zilinsky kraj, cadca",11
145296,0,0,"kosicky kraj, velke kapusany",0
145297,1,1,"banskobystricky kraj, zvolen",16
145298,1,1,"kosicky kraj, roznava",0
145299,1,0,"kosicky kraj, kosice - sever",0
145300,0,0,"nitriansky kraj, surany",16
145301,0,0,"kosicky kraj, michalovce",12
145302,0,0,"presovsky kraj, lipany",20
145303,0,0,"presovsky kraj, humenne",16
145304,0,0,"bratislavsky kraj, bratislava - ostatne",0
145305,0,1,"zahranicie, zahranicie - ostatne",22
145306,1,1,"kosicky kraj, spisska nova ves",0
145307,1,0,"kosicky kraj, sobrance",0
145308,1,0,"bratislavsky kraj, bratislava - raca",20
145309,0,0,"bratislavsky kraj, bratislava - okolie",0
145310,0,0,"banskobystricky kraj, hnusta",0
145311,1,0,"zilinsky kraj, namestovo",21
145334,1,0,"presovsky kraj, humenne",0
145356,1,0,"zilinsky kraj, martin",18
145358,0,0,"nitriansky kraj, sala",0
145363,1,1,"zilinsky kraj, martin",21
145364,1,0,"zilinsky kraj, namestovo",0
145402,1,1,"trnavsky kraj, piestany",14
145493,1,1,"trenciansky kraj, prievidza",0
145494,0,1,"zilinsky kraj, namestovo",0
145518,0,0,"nitriansky kraj, sahy",0
145520,1,0,"trenciansky kraj, povazska bystrica",0
145522,0,1,"zilinsky kraj, ruzomberok",12
145524,0,0,"zahranicie, zahranicie - ostatne",0
145525,0,0,"kosicky kraj, kosice - zapad",16
145528,1,1,"trenciansky kraj, myjava",24
145530,0,1,"presovsky kraj, spisske podhradie",15
145531,1,1,"nitriansky kraj, sala",15
145532,1,0,"presovsky kraj, poprad",0
145533,0,1,"zilinsky kraj, bytca",15
145534,1,0,"bratislavsky kraj, malacky",0
145536,0,0,"trnavsky kraj, skalica",0
145538,1,1,"presovsky kraj, humenne",0
145539,1,0,"presovsky kraj, lipany",0
145540,1,0,"bratislavsky kraj, bratislava - petrzalka",0
145549,1,1,"zilinsky kraj, dolny kubin",13
145600,1,0,"banskobystricky kraj, brezno",0
145601,0,1,"banskobystricky kraj, poltar",12
145602,1,0,"trnavsky kraj, vrbove",0
145654,1,0,"trnavsky kraj, galanta",17
145675,0,0,"nitriansky kraj, hurbanovo",0
145676,0,0,"trnavsky kraj, trnava",0
145677,1,0,"ceska republika, cz - zlinsky kraj",0
145678,1,0,"kosicky kraj, gelnica",0
145679,1,0,"trnavsky kraj, hlohovec",0
145680,1,0,"kosicky kraj, michalovce",0
145681,0,0,"banskobystricky kraj, lucenec",0
145682,1,0,"kosicky kraj, sobrance",0
145685,0,1,"zilinsky kraj, zilina",0
145703,0,1,"nitriansky kraj, topolcany",0
145705,1,1,"presovsky kraj, stara lubovna",0
145706,1,1,"kosicky kraj, kosice - okolie",0
145707,1,1,"kosicky kraj, kosice - okolie",0
145708,0,1,"presovsky kraj, stara lubovna",0
145709,1,0,"zahranicie, zahranicie - ostatne",0
145711,1,1,"trenciansky kraj, prievidza",15
145713,1,1,"presovsky kraj, sabinov",0
145714,1,0,"presovsky kraj, levoca",16
145716,0,1,"trnavsky kraj, samorin",0
145730,0,0,"zahranicie, zahranicie - kanada",0
145731,1,0,"presovsky kraj, hanusovce nad toplou",14
145732,0,0,"presovsky kraj, presov",17
145733,1,1,"banskobystricky kraj, poltar",0
145734,0,0,"trenciansky kraj, prievidza",0
145735,1,0,"presovsky kraj, presov",15
145765,1,0,"zilinsky kraj, cadca",0
145767,1,0,"kosicky kraj, kosice - barca",13
145768,0,0,"presovsky kraj, presov",0
145781,0,0,"kosicky kraj, kosice - sidlisko tahanovce",0
145784,0,0,"nitriansky kraj, vrable",16
145786,1,0,"trenciansky kraj, myjava",0
145788,0,0,"kosicky kraj, kosice - dargovskych hrdinov",16
145789,0,0,"zilinsky kraj, namestovo",0
145812,1,0,"presovsky kraj, snina",0
145846,0,0,"presovsky kraj, snina",0
145848,1,0,"trenciansky kraj, novaky",0
145849,1,1,"trnavsky kraj, piestany",0
145850,1,1,"banskobystricky kraj, lucenec",16
145852,0,1,"kosicky kraj, kosice - ostatne",0
145853,1,0,"trenciansky kraj, trencin",0
145854,0,1,"kosicky kraj, kosice - stare mesto",0
145855,1,1,"banskobystricky kraj, tisovec",13
145856,1,0,"presovsky kraj, vranov nad toplou",0
145857,1,0,"zahranicie, zahranicie - francuzsko",0
145858,1,1,"presovsky kraj, presov",0
145859,1,1,"kosicky kraj, trebisov",0
145861,1,0,"zilinsky kraj, trstena",0
145862,1,1,"presovsky kraj, humenne",0
145864,1,1,"kosicky kraj, spisska nova ves",17
145910,0,0,"presovsky kraj, snina",15
145911,1,0,"zahranicie, zahranicie - usa",15
146009,0,1,"zilinsky kraj, trstena",14
146011,0,0,"zahranicie, zahranicie - ostatne",0
146012,1,0,"nitriansky kraj, zlate moravce",15
146013,0,0,"kosicky kraj, kosice - sidlisko tahanovce",0
146014,1,0,"trnavsky kraj, trnava",18
146016,0,0,"zilinsky kraj, martin",14
146018,0,1,"presovsky kraj, vranov nad toplou",20
146019,0,0,"trnavsky kraj, trnava",0
146020,0,0,"zilinsky kraj, cadca",0
146021,0,0,"zahranicie, zahranicie - ostatne",18
146022,1,1,"presovsky kraj, vranov nad toplou",22
146023,1,1,"trenciansky kraj, bojnice",17
146024,1,1,"kosicky kraj, trebisov",15
146025,0,1,"bratislavsky kraj, malacky",0
146026,0,1,"nitriansky kraj, vrable",0
146030,1,0,"trnavsky kraj, dunajska streda",16
146072,1,0,"presovsky kraj, bardejov",0
146074,1,0,"kosicky kraj, michalovce",0
146076,1,0,"kosicky kraj, kosice - zapad",0
146113,0,0,"presovsky kraj, poprad",0
146121,1,1,"kosicky kraj, kosice - okolie",15
146124,0,1,"bratislavsky kraj, bratislava - okolie",0
146126,1,0,"trenciansky kraj, banovce nad bebravou",0
146201,1,0,"trnavsky kraj, senica",17
146204,1,0,"kosicky kraj, michalovce",0
146206,1,0,"nitriansky kraj, levice",0
146209,0,0,"kosicky kraj, kosice - okolie",19
146275,1,0,"banskobystricky kraj, lucenec",0
146278,1,1,"trenciansky kraj, dubnica nad vahom",0
146280,1,1,"trenciansky kraj, banovce nad bebravou",15
146282,1,1,"presovsky kraj, kezmarok",16
146283,0,0,"nitriansky kraj, nove zamky",20
146285,0,0,"zahranicie, zahranicie - usa",0
146287,1,1,"banskobystricky kraj, lucenec",15
146290,0,1,"zilinsky kraj, cadca",0
146292,0,1,"zilinsky kraj, namestovo",16
146294,1,0,"bratislavsky kraj, bratislava - ostatne",0
146296,1,0,"kosicky kraj, roznava",0
146297,1,1,"banskobystricky kraj, velky krtis",13
146298,1,0,"presovsky kraj, snina",13
146299,1,0,"trenciansky kraj, myjava",13
146300,0,1,"bratislavsky kraj, senec",0
146301,0,0,"trnavsky kraj, sered",0
146357,0,1,"trnavsky kraj, senica",19
146364,0,0,"banskobystricky kraj, zvolen",0
146459,0,0,"zahranicie, zahranicie - usa",0
146462,1,1,"bratislavsky kraj, bratislava - raca",0
146477,1,1,"kosicky kraj, spisska nova ves",0
146478,1,0,"nitriansky kraj, nove zamky",0
146479,0,0,"nitriansky kraj, zeliezovce",14
146480,1,1,"kosicky kraj, roznava",12
146520,0,1,"trnavsky kraj, sered",20
146523,0,0,"kosicky kraj, kosice - zapad",24
146542,1,0,"kosicky kraj, spisska nova ves",12
146551,0,1,"banskobystricky kraj, lucenec",26
146562,1,1,"zahranicie, zahranicie - usa",0
146564,1,0,"banskobystricky kraj, zvolen",0
146565,1,0,"presovsky kraj, poprad",0
146566,1,1,"zilinsky kraj, zilina",17
146568,1,1,"presovsky kraj, snina",21
146569,1,1,"trenciansky kraj, puchov",13
146570,0,1,"trnavsky kraj, holic",18
146572,1,0,"banskobystricky kraj, zvolen",0
146573,1,1,"zilinsky kraj, cadca",13
146574,0,0,"bratislavsky kraj, senec",0
146576,1,1,"zilinsky kraj, dolny kubin",0
146578,0,1,"trnavsky kraj, dunajska streda",14
146581,0,1,"zilinsky kraj, ruzomberok",14
146582,0,0,"banskobystricky kraj, zvolen",0
146583,1,1,"bratislavsky kraj, stupava",0
146585,1,0,"trenciansky kraj, trencin",0
146586,1,1,"zahranicie, zahranicie - gb",0
146588,1,0,"trenciansky kraj, puchov",15
146671,1,0,"trenciansky kraj, novaky",13
146672,1,0,"bratislavsky kraj, senec",18
146673,1,0,"nitriansky kraj, topolcany",8
146674,1,0,"trnavsky kraj, holic",0
146675,0,1,"zahranicie, zahranicie - gb",15
146677,1,1,"presovsky kraj, levoca",21
146729,1,0,"kosicky kraj, kosice - sever",0
146754,0,0,"banskobystricky kraj, lucenec",19
146827,1,0,"kosicky kraj, michalovce",0
146829,1,0,"trnavsky kraj, galanta",10
146835,0,0,"zilinsky kraj, liptovsky mikulas",0
146842,0,1,"banskobystricky kraj, lucenec",19
146899,1,1,"kosicky kraj, kosice - stare mesto",18
146900,1,0,"kosicky kraj, kosice - okolie",0
146901,1,1,"banskobystricky kraj, rimavska sobota",16
146902,1,0,"nitriansky kraj, levice",0
146903,0,0,"banskobystricky kraj, nova bana",0
146904,0,0,"zilinsky kraj, ruzomberok",0
146967,1,0,"banskobystricky kraj, brezno",0
146979,0,1,"zahranicie, zahranicie - usa",27
146981,0,0,"zahranicie, zahranicie - ostatne",11
146982,1,0,"kosicky kraj, kosice - ostatne",17
146983,0,1,"banskobystricky kraj, zvolen",13
146984,1,0,"bratislavsky kraj, bratislava - okolie",0
146985,1,0,"trnavsky kraj, dunajska streda",0
146986,0,0,"zahranicie, zahranicie - ostatne",15
146987,1,1,"trenciansky kraj, banovce nad bebravou",11
146988,1,0,"banskobystricky kraj, krupina",0
146989,0,1,"trenciansky kraj, nove mesto nad vahom",0
146991,0,0,"nitriansky kraj, nove zamky",0
146993,1,1,"bratislavsky kraj, stupava",13
146995,0,1,"banskobystricky kraj, zvolen",0
146997,0,0,"kosicky kraj, michalovce",10
146999,0,0,"presovsky kraj, bardejov",0
147002,0,0,"zahranicie, zahranicie - ostatne",0
147004,1,1,"trnavsky kraj, holic",15
147007,1,1,"presovsky kraj, stropkov",0
147008,1,1,"presovsky kraj, stara lubovna",0
147022,1,0,"kosicky kraj, kosice - krasna nad hornadom",13
147023,1,0,"zilinsky kraj, ruzomberok",13
147024,1,0,"trnavsky kraj, trnava",13
147026,1,1,"trenciansky kraj, ilava",0
147109,0,1,"nitriansky kraj, levice",0
147160,0,0,"zahranicie, zahranicie - nemecko",16
147161,1,0,"banskobystricky kraj, revuca",14
147162,0,1,"trenciansky kraj, trencin",17
147164,1,1,"zahranicie, zahranicie - usa",0
147165,0,1,"trenciansky kraj, povazska bystrica",0
147166,0,0,"banskobystricky kraj, zvolen",0
147168,1,0,"zilinsky kraj, namestovo",14
147176,1,1,"presovsky kraj, spisska stara ves",12
147196,0,1,"bratislavsky kraj, bratislava - stare mesto",38
147213,1,0,"zilinsky kraj, zilina",14
147214,1,0,"kosicky kraj, kosice - okolie",14
147215,1,1,"ceska republika, cz - praha",24
147216,1,1,"presovsky kraj, poprad",0
147217,0,0,"presovsky kraj, bardejov",16
147218,1,0,"presovsky kraj, spisska bela",13
147219,0,0,"kosicky kraj, kosice - zapad",0
147220,1,0,"kosicky kraj, kosice - sidlisko tahanovce",0
147221,1,0,"presovsky kraj, sabinov",15
147222,1,1,"banskobystricky kraj, lucenec",15
147223,1,0,"kosicky kraj, kosice - zapad",0
147224,0,1,"presovsky kraj, kezmarok",0
147225,0,1,"zilinsky kraj, liptovsky mikulas",0
147226,1,0,"presovsky kraj, sabinov",18
147227,0,0,"zilinsky kraj, tvrdosin",0
147228,1,1,"nitriansky kraj, surany",17
147229,1,0,"nitriansky kraj, topolcany",0
147230,0,1,"presovsky kraj, sabinov",0
147299,1,0,"nitriansky kraj, sala",0
147375,1,0,"zahranicie, zahranicie - usa",0
147380,0,1,"trenciansky kraj, partizanske",0
147381,1,1,"bratislavsky kraj, bratislava - ruzinov",0
147382,1,1,"presovsky kraj, medzilaborce",12
147383,0,0,"zilinsky kraj, cadca",0
147384,1,1,"zilinsky kraj, trstena",15
147385,0,0,"zahranicie, zahranicie - usa",0
147386,1,1,"trenciansky kraj, nove mesto nad vahom",0
147388,1,1,"zilinsky kraj, zilina",0
147389,1,0,"trenciansky kraj, trencin",0
147390,1,1,"banskobystricky kraj, brezno",13
147391,1,1,"presovsky kraj, presov",15
147392,1,0,"zilinsky kraj, ruzomberok",13
147393,1,1,"trnavsky kraj, piestany",0
147395,0,0,"trnavsky kraj, trnava",14
147397,1,1,"trnavsky kraj, senica",0
147399,1,0,"banskobystricky kraj, krupina",25
147401,1,0,"presovsky kraj, poprad",16
147402,1,0,"zahranicie, zahranicie - francuzsko",15
147417,0,0,"nitriansky kraj, zeliezovce",0
147423,1,0,"presovsky kraj, poprad",11
147428,0,1,"kosicky kraj, kosice - okolie",0
147483,0,1,"trnavsky kraj, galanta",0
147580,1,1,"bratislavsky kraj, bratislava - ruzinov",0
147585,1,0,"trenciansky kraj, partizanske",13
147586,1,0,"kosicky kraj, kosice - sever",0
147636,1,0,"zilinsky kraj, zilina",0
147637,1,1,"banskobystricky kraj, nova bana",0
147638,1,1,"presovsky kraj, presov",11
147639,1,0,"trenciansky kraj, banovce nad bebravou",17
147640,1,0,"trnavsky kraj, senica",0
147641,1,1,"presovsky kraj, poprad",15
147642,0,0,"kosicky kraj, trebisov",0
147643,0,1,"presovsky kraj, bardejov",18
147644,0,0,"zilinsky kraj, liptovsky mikulas",0
147645,1,0,"kosicky kraj, spisska nova ves",0
147646,1,1,"banskobystricky kraj, banska bystrica",0
147647,1,1,"kosicky kraj, gelnica",20
147648,0,1,"bratislavsky kraj, bratislava - ostatne",0
147649,1,0,"trnavsky kraj, piestany",16
147650,1,1,"presovsky kraj, bardejov",15
147697,0,1,"zilinsky kraj, cadca",0
147744,0,1,"zilinsky kraj, dolny kubin",15
147796,1,1,"presovsky kraj, spisska bela",13
147798,1,1,"trnavsky kraj, hlohovec",12
147799,1,0,"kosicky kraj, cierna nad tisou",11
147908,1,1,"presovsky kraj, presov",0
147909,1,0,"banskobystricky kraj, brezno",15
147910,0,1,"kosicky kraj, kosice - sidlisko tahanovce",0
147911,0,0,"kosicky kraj, kosice - okolie",14
147912,1,0,"trenciansky kraj, nove mesto nad vahom",0
147913,1,1,"nitriansky kraj, hurbanovo",14
147914,1,1,"zilinsky kraj, ruzomberok",10
147915,1,0,"banskobystricky kraj, zvolen",14
147916,1,0,"nitriansky kraj, nitra",0
147917,0,0,"nitriansky kraj, sala",17
147918,1,1,"banskobystricky kraj, banska bystrica",18
147919,0,0,"zahranicie, zahranicie - ostatne",0
147920,0,0,"banskobystricky kraj, brezno",0
147921,1,0,"nitriansky kraj, levice",0
147922,1,1,"trenciansky kraj, handlova",14
147923,1,0,"presovsky kraj, snina",0
147924,0,1,"trenciansky kraj, prievidza",19
148025,0,0,"trnavsky kraj, holic",0
148051,1,0,"nitriansky kraj, sturovo",22
148101,0,1,"zilinsky kraj, liptovsky mikulas",0
148102,1,0,"trenciansky kraj, banovce nad bebravou",0
148103,1,0,"bratislavsky kraj, bratislava - petrzalka",25
148104,1,1,"bratislavsky kraj, senec",0
148105,1,1,"banskobystricky kraj, revuca",0
148106,1,1,"kosicky kraj, kosice - juh",0
148107,1,1,"bratislavsky kraj, bratislava - nove mesto",0
148108,0,0,"presovsky kraj, humenne",17
148109,0,0,"trnavsky kraj, gbely",0
148110,1,1,"trnavsky kraj, gbely",22
148111,1,1,"bratislavsky kraj, malacky",0
148112,1,0,"nitriansky kraj, sahy",0
148113,1,0,"kosicky kraj, kosice - okolie",14
148114,1,0,"kosicky kraj, kosice - sever",0
148115,1,1,"zilinsky kraj, zilina",15
148143,0,0,"zilinsky kraj, kysucke nove mesto",0
148216,1,1,"kosicky kraj, kosice - sidlisko tahanovce",14
148217,1,1,"kosicky kraj, secovce",20
148218,0,0,"kosicky kraj, kosice - sidlisko tahanovce",16
148219,0,0,"banskobystricky kraj, revuca",0
148220,0,1,"banskobystricky kraj, rimavska sobota",0
148221,0,0,"zahranicie, zahranicie - usa",0
148222,1,1,"kosicky kraj, trebisov",17
148223,1,1,"zilinsky kraj, martin",0
148224,1,0,"zilinsky kraj, liptovsky hradok",0
148225,1,0,"zilinsky kraj, ruzomberok",0
148226,0,1,"kosicky kraj, michalovce",0
148227,0,0,"zilinsky kraj, kysucke nove mesto",0
148228,1,1,"zahranicie, zahranicie - ostatne",16
148229,1,0,"banskobystricky kraj, zvolen",13
148230,1,0,"banskobystricky kraj, ziar nad hronom",13
148231,0,0,"banskobystricky kraj, velky krtis",14
148232,0,1,"trnavsky kraj, samorin",16
148312,0,0,"kosicky kraj, kosice - krasna nad hornadom",14
148314,1,1,"zahranicie, zahranicie - gb",0
148316,0,0,"trenciansky kraj, nove mesto nad vahom",0
148319,1,0,"kosicky kraj, kralovsky chlmec",10
148326,0,0,"zahranicie, zahranicie - gb",0
148328,1,1,"kosicky kraj, kosice - stare mesto",0
148329,1,1,"trenciansky kraj, partizanske",0
148330,1,1,"zilinsky kraj, martin",0
148350,1,1,"zilinsky kraj, tvrdosin",14
148371,1,0,"kosicky kraj, kosice - sever",12
148434,1,1,"trnavsky kraj, leopoldov",12
148436,0,0,"bratislavsky kraj, modra",0
148438,0,0,"trenciansky kraj, partizanske",0
148441,1,1,"zilinsky kraj, martin",0
148476,1,0,"banskobystricky kraj, banska stiavnica",13
148477,1,1,"trenciansky kraj, partizanske",14
148479,1,1,"kosicky kraj, kosice - sever",0
148480,1,1,"nitriansky kraj, levice",0
148481,1,0,"zilinsky kraj, zilina",0
148482,0,0,"banskobystricky kraj, brezno",0
148483,1,0,"zilinsky kraj, liptovsky hradok",0
148484,1,0,"bratislavsky kraj, malacky",14
148485,1,0,"zahranicie, zahranicie - usa",14
148486,1,0,"zilinsky kraj, namestovo",0
148487,1,0,"presovsky kraj, poprad",15
148488,1,1,"zilinsky kraj, bytca",21
148489,0,0,"nitriansky kraj, topolcany",11
148490,1,0,"banskobystricky kraj, banska bystrica",20
148491,1,0,"banskobystricky kraj, lucenec",0
148492,1,1,"trenciansky kraj, handlova",17
148493,1,1,"presovsky kraj, presov",15
148494,1,1,"trnavsky kraj, senica",0
148495,1,0,"kosicky kraj, kosice - juh",21
148496,0,0,"banskobystricky kraj, zvolen",20
148528,1,0,"zahranicie, zahranicie - kanada",26
148533,1,1,"trenciansky kraj, prievidza",13
148535,1,0,"kosicky kraj, kosice - juh",0
148636,1,0,"kosicky kraj, michalovce",0
148637,1,0,"presovsky kraj, vranov nad toplou",0
148711,1,1,"trnavsky kraj, sered",0
148712,1,0,"trnavsky kraj, trnava",0
148713,1,0,"presovsky kraj, vysoke tatry",13
148714,1,1,"zilinsky kraj, namestovo",20
148715,1,1,"trnavsky kraj, piestany",10
148716,0,1,"trnavsky kraj, senica",16
148717,1,1,"kosicky kraj, michalovce",0
148718,0,0,"zahranicie, zahranicie - usa",0
148719,1,1,"banskobystricky kraj, banska bystrica",0
148720,0,0,"kosicky kraj, trebisov",0
148721,1,1,"zilinsky kraj, liptovsky hradok",14
148770,0,0,"banskobystricky kraj, hnusta",0
148773,0,0,"presovsky kraj, humenne",0
148775,0,1,"presovsky kraj, svit",15
148793,1,0,"kosicky kraj, moldava nad bodvou",13
148797,1,1,"banskobystricky kraj, poltar",19
148798,1,0,"presovsky kraj, humenne",19
148799,1,1,"trenciansky kraj, trencin",15
148873,0,1,"banskobystricky kraj, ziar nad hronom",25
148924,1,0,"nitriansky kraj, nove zamky",4
148925,1,1,"zilinsky kraj, ruzomberok",0
148926,1,0,"nitriansky kraj, nove zamky",13
148927,1,0,"bratislavsky kraj, bratislava - nove mesto",0
148928,0,0,"zahranicie, zahranicie - usa",0
148929,1,1,"trnavsky kraj, senica",12
148930,1,1,"kosicky kraj, michalovce",0
148931,1,1,"trnavsky kraj, hlohovec",12
148932,1,1,"banskobystricky kraj, velky krtis",0
148933,1,0,"trenciansky kraj, trencin",18
148934,1,1,"trnavsky kraj, trnava",29
148935,1,0,"presovsky kraj, bardejov",24
148936,0,0,"banskobystricky kraj, zvolen",0
148937,1,0,"kosicky kraj, spisska nova ves",12
148938,1,0,"kosicky kraj, kosice - zapad",13
148939,1,0,"presovsky kraj, vranov nad toplou",18
148944,0,0,"zahranicie, zahranicie - francuzsko",15
148946,1,0,"presovsky kraj, stropkov",0
148947,1,0,"trenciansky kraj, prievidza",0
148963,0,0,"kosicky kraj, moldava nad bodvou",13
148964,1,0,"zilinsky kraj, zilina",13
148965,1,1,"banskobystricky kraj, zvolen",12
148966,0,0,"zilinsky kraj, namestovo",20
149094,1,0,"banskobystricky kraj, tornala",10
149095,1,0,"trnavsky kraj, piestany",0
149096,0,0,"kosicky kraj, spisska nova ves",0
149097,1,0,"kosicky kraj, spisska nova ves",27
149098,1,1,"banskobystricky kraj, banska stiavnica",16
149099,1,0,"trnavsky kraj, piestany",0
149100,1,1,"kosicky kraj, michalovce",14
149101,1,1,"kosicky kraj, kosice - krasna nad hornadom",0
149102,1,1,"zilinsky kraj, zilina",0
149103,0,0,"presovsky kraj, stara lubovna",0
149104,1,1,"nitriansky kraj, vrable",15
149105,0,0,"zilinsky kraj, cadca",16
149106,1,1,"presovsky kraj, poprad",20
149107,1,0,"zilinsky kraj, martin",0
149108,1,1,"banskobystricky kraj, banska bystrica",17
149109,0,0,"bratislavsky kraj, bratislava - stare mesto",0
149179,1,1,"kosicky kraj, roznava",13
149180,1,1,"banskobystricky kraj, brezno",0
149181,0,1,"trnavsky kraj, hlohovec",0
149182,1,1,"trenciansky kraj, bojnice",12
149183,0,0,"nitriansky kraj, nitra",0
149184,1,1,"trnavsky kraj, holic",12
149185,1,0,"zilinsky kraj, bytca",20
149289,1,0,"ceska republika, cz - praha",0
149295,1,0,"presovsky kraj, velky saris",15
149404,0,0,"nitriansky kraj, nitra",0
149405,0,0,"kosicky kraj, kosice - dargovskych hrdinov",0
149406,1,1,"presovsky kraj, sabinov",0
149407,0,0,"kosicky kraj, kosice - zapad",0
149408,1,1,"banskobystricky kraj, zvolen",0
149409,1,0,"kosicky kraj, kosice - krasna nad hornadom",0
149410,1,1,"trenciansky kraj, prievidza",12
149411,0,0,"kosicky kraj, kosice - sever",15
149412,1,1,"trenciansky kraj, puchov",0
149413,1,0,"trenciansky kraj, povazska bystrica",14
149414,0,0,"zilinsky kraj, ruzomberok",0
149415,0,1,"zilinsky kraj, trstena",16
149416,0,1,"bratislavsky kraj, bratislava - petrzalka",18
149417,1,1,"banskobystricky kraj, poltar",0
149427,1,0,"kosicky kraj, kosice - saca",13
149430,0,0,"bratislavsky kraj, senec",17
149431,1,0,"presovsky kraj, presov",16
149479,1,0,"trenciansky kraj, prievidza",0
149480,1,0,"presovsky kraj, levoca",14
149481,1,0,"kosicky kraj, roznava",0
149482,0,0,"zahranicie, zahranicie - gb",0
149502,1,1,"nitriansky kraj, levice",0
149539,1,1,"presovsky kraj, presov",22
149540,1,0,"presovsky kraj, hanusovce nad toplou",0
149541,0,1,"presovsky kraj, humenne",0
149542,1,0,"banskobystricky kraj, lucenec",0
149543,1,0,"trenciansky kraj, prievidza",0
149544,0,0,"zilinsky kraj, martin",0
149545,1,1,"banskobystricky kraj, detva",12
149546,1,0,"presovsky kraj, kezmarok",18
149547,1,0,"kosicky kraj, trebisov",0
149548,0,0,"banskobystricky kraj, banska bystrica",0
149549,1,1,"kosicky kraj, michalovce",0
149550,0,0,"kosicky kraj, kosice - zapad",38
149591,0,0,"banskobystricky kraj, filakovo",0
149607,1,1,"banskobystricky kraj, banska bystrica",0
149655,1,0,"banskobystricky kraj, nova bana",0
149790,0,0,"presovsky kraj, medzilaborce",0
149791,1,0,"banskobystricky kraj, poltar",0
149792,1,1,"nitriansky kraj, nitra",18
149793,0,0,"trenciansky kraj, prievidza",0
149852,1,1,"trenciansky kraj, nove mesto nad vahom",0
149853,1,1,"nitriansky kraj, nove zamky",0
149925,0,0,"bratislavsky kraj, bratislava - petrzalka",13
149926,1,1,"bratislavsky kraj, malacky",0
149928,1,1,"zahranicie, zahranicie - kanada",0
149929,1,1,"presovsky kraj, poprad",15
149931,1,1,"kosicky kraj, michalovce",14
149932,1,0,"kosicky kraj, kosice - okolie",14
149933,1,0,"trenciansky kraj, trencin",0
149935,1,1,"trenciansky kraj, nove mesto nad vahom",0
149937,1,0,"zilinsky kraj, tvrdosin",15
149938,1,1,"zilinsky kraj, namestovo",12
149939,0,0,"zilinsky kraj, cadca",0
149941,1,1,"kosicky kraj, michalovce",0
149942,1,0,"trenciansky kraj, banovce nad bebravou",16
149943,0,0,"kosicky kraj, kosice - sever",0
149944,1,1,"trenciansky kraj, nova dubnica",0
149945,1,0,"trenciansky kraj, nove mesto nad vahom",0
150009,1,1,"zilinsky kraj, cadca",14
150010,1,1,"presovsky kraj, bardejov",0
150011,0,0,"presovsky kraj, stara lubovna",0
150012,1,0,"zahranicie, zahranicie - francuzsko",12
150013,0,1,"presovsky kraj, stropkov",22
150143,0,0,"bratislavsky kraj, malacky",0
150144,1,1,"zilinsky kraj, ruzomberok",12
150146,1,0,"banskobystricky kraj, banska stiavnica",0
150148,1,0,"banskobystricky kraj, banska bystrica",16
150149,0,0,"banskobystricky kraj, poltar",0
150152,1,1,"banskobystricky kraj, banska bystrica",13
150154,0,1,"zilinsky kraj, cadca",17
150156,0,0,"nitriansky kraj, nitra",0
150160,1,0,"nitriansky kraj, nitra",0
150162,0,1,"zilinsky kraj, cadca",23
150164,1,0,"trnavsky kraj, piestany",21
150166,1,1,"presovsky kraj, levoca",16
150168,1,1,"presovsky kraj, presov",0
150169,0,1,"trnavsky kraj, senica",0
150171,1,1,"kosicky kraj, secovce",0
150173,0,0,"presovsky kraj, sabinov",18
150175,0,1,"trnavsky kraj, trnava",22
150180,1,0,"banskobystricky kraj, brezno",14
150229,0,0,"kosicky kraj, spisska nova ves",17
150289,1,0,"zahranicie, zahranicie - ostatne",29
150290,1,0,"zahranicie, zahranicie - usa",20
150291,1,1,"trnavsky kraj, hlohovec",0
150292,1,1,"zahranicie, zahranicie - francuzsko",22
150293,1,0,"kosicky kraj, kosice - okolie",15
150335,1,0,"zilinsky kraj, turzovka",0
150336,1,0,"nitriansky kraj, nitra",12
150342,1,1,"banskobystricky kraj, banska bystrica",0
150347,1,1,"kosicky kraj, kosice - sever",16
150349,1,0,"presovsky kraj, sabinov",0
150351,1,0,"presovsky kraj, humenne",0
150354,0,1,"nitriansky kraj, topolcany",39
150355,1,1,"trenciansky kraj, partizanske",0
150357,1,1,"presovsky kraj, stara lubovna",18
150359,1,1,"banskobystricky kraj, brezno",0
150361,0,0,"bratislavsky kraj, bratislava - stare mesto",0
150364,0,0,"presovsky kraj, presov",0
150365,1,0,"zilinsky kraj, liptovsky mikulas",0
150366,1,0,"presovsky kraj, poprad",0
150367,1,1,"zilinsky kraj, martin",0
150369,1,1,"bratislavsky kraj, malacky",0
150370,1,0,"zahranicie, zahranicie - kanada",0
150371,1,0,"kosicky kraj, kosice - zapad",0
150372,1,1,"zilinsky kraj, martin",19
150518,0,1,"bratislavsky kraj, malacky",0
150579,1,0,"zahranicie, zahranicie - kanada",0
150581,0,0,"nitriansky kraj, nove zamky",16
150585,1,0,"kosicky kraj, kosice - stare mesto",0
150586,1,0,"zahranicie, zahranicie - usa",0
150587,0,1,"zahranicie, zahranicie - kanada",17
150644,1,0,"trnavsky kraj, senica",0
150703,1,0,"bratislavsky kraj, bratislava - ruzinov",0
150704,1,1,"kosicky kraj, kosice - sidlisko tahanovce",14
150705,0,0,"trenciansky kraj, povazska bystrica",16
150706,1,1,"banskobystricky kraj, banska bystrica",0
150707,1,0,"zahranicie, zahranicie - ostatne",0
150708,1,1,"banskobystricky kraj, detva",0
150709,0,1,"nitriansky kraj, topolcany",0
150710,1,1,"banskobystricky kraj, lucenec",23
150711,1,0,"trenciansky kraj, novaky",20
150712,1,1,"banskobystricky kraj, revuca",0
150713,1,1,"trenciansky kraj, handlova",0
150714,0,1,"banskobystricky kraj, brezno",0
150715,1,0,"presovsky kraj, stara lubovna",0
150716,0,1,"nitriansky kraj, topolcany",19
150788,0,0,"zilinsky kraj, turzovka",0
150789,1,1,"nitriansky kraj, nitra",13
150791,1,0,"trnavsky kraj, holic",13
150828,0,1,"trnavsky kraj, sered",16
150844,0,1,"banskobystricky kraj, velky krtis",0
150846,1,1,"bratislavsky kraj, bratislava - dubravka",16
150848,1,1,"banskobystricky kraj, revuca",15
150850,0,0,"banskobystricky kraj, lucenec",15
150861,1,0,"trnavsky kraj, skalica",21
150891,1,0,"presovsky kraj, presov",0
150978,1,0,"trenciansky kraj, prievidza",16
150996,0,0,"banskobystricky kraj, nova bana",17
151010,0,0,"banskobystricky kraj, lucenec",16
151011,0,0,"bratislavsky kraj, bratislava - podunaj. biskupice",26
151012,0,0,"zilinsky kraj, tvrdosin",0
151013,0,1,"banskobystricky kraj, banska bystrica",20
151014,0,1,"banskobystricky kraj, rimavska sobota",0
151015,1,0,"trnavsky kraj, leopoldov",13
151016,0,0,"trnavsky kraj, galanta",18
151017,1,1,"trenciansky kraj, myjava",18
151018,0,1,"nitriansky kraj, surany",13
151019,1,1,"kosicky kraj, michalovce",13
151020,1,1,"kosicky kraj, kosice - sever",0
151026,1,1,"zilinsky kraj, zilina",0
151028,1,0,"zilinsky kraj, zilina",13
151037,1,0,"zilinsky kraj, cadca",0
151112,1,0,"trenciansky kraj, puchov",18
151151,0,0,"trenciansky kraj, prievidza",12
151200,0,1,"presovsky kraj, presov",16
151202,1,1,"trenciansky kraj, prievidza",0
151203,0,0,"trenciansky kraj, trencin",0
151204,0,0,"zahranicie, zahranicie - usa",0
151205,0,1,"trnavsky kraj, trnava",18
151206,1,1,"presovsky kraj, bardejov",0
151207,1,1,"bratislavsky kraj, bratislava - okolie",26
151208,0,1,"bratislavsky kraj, bratislava - stare mesto",0
151209,0,0,"kosicky kraj, kosice - zapad",0
151210,1,1,"kosicky kraj, kosice - dargovskych hrdinov",12
151211,0,0,"banskobystricky kraj, zvolen",0
151212,1,1,"trenciansky kraj, partizanske",13
151213,1,1,"zahranicie, zahranicie - usa",0
151214,1,1,"trnavsky kraj, trnava",15
151215,0,0,"presovsky kraj, kezmarok",26
151216,1,0,"zahranicie, zahranicie - australia",0
151217,1,0,"trenciansky kraj, prievidza",15
151218,1,0,"trnavsky kraj, senica",0
151333,1,0,"banskobystricky kraj, filakovo",15
151336,0,0,"zahranicie, zahranicie - ostatne",15
151347,1,0,"banskobystricky kraj, brezno",17
151394,0,0,"banskobystricky kraj, banska bystrica",16
151395,0,1,"nitriansky kraj, sala",0
151396,1,0,"kosicky kraj, kosice - juh",15
151397,1,1,"presovsky kraj, sabinov",0
151398,0,1,"presovsky kraj, poprad",0
151399,1,1,"trnavsky kraj, trnava",22
151400,1,1,"presovsky kraj, presov",15
151401,0,0,"zahranicie, zahranicie - kanada",0
151402,1,0,"nitriansky kraj, sturovo",18
151403,1,0,"bratislavsky kraj, malacky",16
151405,1,0,"kosicky kraj, michalovce",12
151407,1,1,"presovsky kraj, svidnik",0
151408,1,1,"presovsky kraj, vranov nad toplou",0
151411,1,0,"kosicky kraj, kosice - juh",92
151413,0,1,"nitriansky kraj, nove zamky",16
151415,1,0,"zilinsky kraj, liptovsky mikulas",0
151540,1,0,"bratislavsky kraj, bratislava - stare mesto",13
151577,0,1,"presovsky kraj, poprad",13
151579,0,0,"trenciansky kraj, nove mesto nad vahom",20
151581,1,0,"trenciansky kraj, trencin",19
151582,1,0,"zilinsky kraj, ruzomberok",0
151583,1,1,"nitriansky kraj, nitra",15
151584,0,1,"presovsky kraj, bardejov",0
151585,0,1,"nitriansky kraj, levice",0
151586,0,1,"kosicky kraj, spisska nova ves",16
151587,1,0,"presovsky kraj, poprad",0
151588,0,0,"kosicky kraj, kosice - zapad",21
151589,1,0,"trnavsky kraj, senica",0
151590,1,0,"trenciansky kraj, stara tura",12
151591,1,0,"presovsky kraj, presov",0
151592,1,0,"ceska republika, cz - jihomoravsky kraj",18
151593,1,1,"nitriansky kraj, nove zamky",0
151594,1,1,"trenciansky kraj, prievidza",20
151595,1,0,"trenciansky kraj, prievidza",0
151596,1,1,"banskobystricky kraj, zarnovica",20
151597,1,1,"kosicky kraj, spisska nova ves",0
151598,1,0,"trnavsky kraj, holic",18
151609,1,0,"presovsky kraj, kezmarok",0
151625,1,0,"trenciansky kraj, trencin",0
151626,0,0,"zilinsky kraj, liptovsky mikulas",0
151627,1,1,"banskobystricky kraj, rimavska sobota",0
151725,0,0,"ceska republika, cz - plzensky kraj",1
151726,1,0,"banskobystricky kraj, zvolen",0
151727,1,1,"trenciansky kraj, trencianske teplice",15
151728,1,0,"presovsky kraj, stara lubovna",0
151775,0,1,"zahranicie, zahranicie - usa",0
151777,1,0,"banskobystricky kraj, nova bana",15
151779,1,0,"bratislavsky kraj, pezinok",0
151788,0,1,"zahranicie, zahranicie - gb",22
151789,1,1,"zilinsky kraj, ruzomberok",0
151790,0,0,"presovsky kraj, presov",0
151791,0,1,"kosicky kraj, kosice - stare mesto",0
151792,0,1,"zahranicie, zahranicie - australia",17
151793,0,0,"kosicky kraj, kosice - zapad",0
151794,1,0,"kosicky kraj, kosice - zapad",0
151795,1,1,"kosicky kraj, sobrance",0
151796,1,1,"trenciansky kraj, povazska bystrica",20
151797,1,0,"trenciansky kraj, prievidza",24
151798,1,0,"bratislavsky kraj, bratislava - dubravka",20
151799,1,0,"trenciansky kraj, ilava",15
151800,0,0,"trnavsky kraj, holic",19
151801,1,1,"zilinsky kraj, zilina",23
151802,1,0,"bratislavsky kraj, bratislava - podunaj. biskupice",0
151845,1,0,"presovsky kraj, humenne",0
151847,1,1,"zilinsky kraj, namestovo",13
151851,0,0,"banskobystricky kraj, banska bystrica",0
151898,1,1,"banskobystricky kraj, banska bystrica",0
151919,1,1,"trenciansky kraj, prievidza",15
151921,1,1,"zahranicie, zahranicie - ostatne",0
151954,1,0,"trenciansky kraj, trencin",29
151955,0,0,"bratislavsky kraj, bratislava - karlova ves",16
151958,1,1,"nitriansky kraj, levice",0
151960,0,0,"banskobystricky kraj, zvolen",0
151962,0,0,"kosicky kraj, spisska nova ves",17
151964,1,0,"nitriansky kraj, levice",0
151966,0,1,"bratislavsky kraj, malacky",0
151968,1,1,"zahranicie, zahranicie - nemecko",18
151970,1,1,"zilinsky kraj, namestovo",17
151972,1,1,"zahranicie, zahranicie - nemecko",0
151974,0,1,"trnavsky kraj, trnava",0
151975,1,1,"presovsky kraj, stara lubovna",15
151978,1,1,"banskobystricky kraj, hrinova",12
151979,1,1,"trenciansky kraj, prievidza",15
151980,0,0,"presovsky kraj, kezmarok",0
151981,1,0,"kosicky kraj, trebisov",0
151982,0,1,"banskobystricky kraj, brezno",0
151983,1,1,"kosicky kraj, kosice - dargovskych hrdinov",0
151984,1,0,"zilinsky kraj, bytca",12
151985,0,0,"kosicky kraj, kosice - okolie",0
151986,0,1,"zilinsky kraj, turzovka",0
152001,0,0,"zilinsky kraj, martin",19
152026,1,0,"trenciansky kraj, partizanske",10
152061,0,0,"kosicky kraj, spisska nova ves",17
152112,1,0,"banskobystricky kraj, brezno",0
152151,1,1,"zilinsky kraj, zilina",0
152152,1,0,"kosicky kraj, michalovce",14
152153,0,0,"banskobystricky kraj, lucenec",18
152154,0,1,"presovsky kraj, poprad",0
152155,1,1,"banskobystricky kraj, banska bystrica",17
152156,1,0,"banskobystricky kraj, banska bystrica",0
152157,0,1,"trenciansky kraj, nove mesto nad vahom",18
152158,1,1,"presovsky kraj, poprad",17
152159,0,1,"trnavsky kraj, samorin",0
152160,1,1,"nitriansky kraj, nitra",24
152161,1,1,"trenciansky kraj, prievidza",22
152162,1,1,"banskobystricky kraj, zvolen",18
152163,1,1,"kosicky kraj, kosice - krasna nad hornadom",0
152164,1,1,"kosicky kraj, kosice - okolie",15
152165,0,1,"kosicky kraj, michalovce",0
152166,0,0,"presovsky kraj, sabinov",0
152178,0,0,"banskobystricky kraj, banska bystrica",30
152206,0,1,"zahranicie, zahranicie - ostatne",0
152326,1,1,"kosicky kraj, kosice - sever",0
152327,1,1,"banskobystricky kraj, hrinova",15
152328,0,1,"bratislavsky kraj, bratislava - petrzalka",28
152329,1,1,"kosicky kraj, kosice - zapad",27
152330,1,1,"bratislavsky kraj, bratislava - vrakuna",28
152423,0,0,"trnavsky kraj, senica",0
152561,1,0,"presovsky kraj, svidnik",22
152562,1,1,"trenciansky kraj, nove mesto nad vahom",0
152563,1,0,"bratislavsky kraj, bratislava - ruzinov",0
152564,1,1,"nitriansky kraj, zlate moravce",22
152565,1,0,"bratislavsky kraj, modra",0
152576,1,1,"zahranicie, zahranicie - francuzsko",17
152617,1,0,"zilinsky kraj, cadca",26
152808,1,1,"trnavsky kraj, trnava",0
152809,1,0,"trenciansky kraj, puchov",16
152811,1,1,"nitriansky kraj, surany",20
152812,0,0,"ceska republika, cz - praha",18
152813,0,0,"zahranicie, zahranicie - ostatne",0
152826,0,0,"presovsky kraj, presov",0
152827,0,1,"kosicky kraj, kosice - ostatne",24
152828,1,1,"zahranicie, zahranicie - gb",0
152829,0,0,"banskobystricky kraj, filakovo",0
152830,0,0,"kosicky kraj, spisska nova ves",13
152919,0,1,"bratislavsky kraj, bratislava - dubravka",14
152928,1,1,"zahranicie, zahranicie - usa",19
152986,1,1,"nitriansky kraj, topolcany",0
152987,1,1,"zilinsky kraj, liptovsky hradok",13
152988,1,0,"kosicky kraj, kosice - okolie",13
152989,1,0,"presovsky kraj, presov",0
153056,1,1,"kosicky kraj, spisska nova ves",12
153135,1,0,"zahranicie, zahranicie - usa",12
153193,1,1,"banskobystricky kraj, brezno",15
153218,1,1,"trenciansky kraj, novaky",16
153219,0,0,"presovsky kraj, bardejov",0
153220,0,1,"presovsky kraj, sabinov",16
153221,0,0,"presovsky kraj, presov",0
153222,1,0,"presovsky kraj, lipany",17
153357,1,1,"zilinsky kraj, turcianske teplice",12
153358,0,0,"banskobystricky kraj, nova bana",0
153359,0,0,"banskobystricky kraj, lucenec",14
153377,0,0,"trnavsky kraj, vrbove",0
153378,1,1,"presovsky kraj, sabinov",0
153379,0,0,"nitriansky kraj, kolarovo",0
153380,0,0,"presovsky kraj, presov",0
153381,1,0,"bratislavsky kraj, bratislava - okolie",0
153382,0,1,"presovsky kraj, presov",16
153383,0,0,"presovsky kraj, sabinov",0
153385,0,0,"zilinsky kraj, zilina",37
153392,1,0,"trenciansky kraj, myjava",14
153440,1,0,"presovsky kraj, stropkov",15
153441,0,0,"zilinsky kraj, tvrdosin",0
153448,0,1,"kosicky kraj, kosice - ostatne",36
153452,1,0,"trenciansky kraj, prievidza",22
153475,1,0,"trenciansky kraj, prievidza",21
153541,0,1,"zahranicie, zahranicie - usa",0
153542,1,0,"nitriansky kraj, nitra",0
153543,0,1,"zilinsky kraj, liptovsky mikulas",31
153570,0,0,"zilinsky kraj, zilina",15
153678,1,0,"banskobystricky kraj, banska bystrica",12
153679,1,0,"zilinsky kraj, martin",0
153696,0,0,"kosicky kraj, spisska nova ves",0
153719,1,1,"banskobystricky kraj, banska bystrica",19
153721,1,1,"banskobystricky kraj, banska bystrica",0
153731,1,1,"trnavsky kraj, trnava",20
153746,0,0,"trnavsky kraj, galanta",0
153827,1,1,"zilinsky kraj, trstena",13
153828,1,1,"zilinsky kraj, trstena",15
153829,1,1,"nitriansky kraj, vrable",15
153830,0,0,"zilinsky kraj, zilina",14
153831,0,1,"presovsky kraj, poprad",19
153832,0,0,"trenciansky kraj, trencin",0
153892,1,0,"zahranicie, zahranicie - nemecko",18
153947,0,0,"kosicky kraj, kosice - ostatne",0
153996,0,1,"trnavsky kraj, hlohovec",15
154061,1,1,"zilinsky kraj, turzovka",15
154085,1,1,"zahranicie, zahranicie - usa",16
154096,1,0,"bratislavsky kraj, bratislava - ruzinov",0
154185,1,1,"zahranicie, zahranicie - gb",0
154186,0,1,"kosicky kraj, trebisov",0
154187,1,0,"trenciansky kraj, trencin",15
154188,1,1,"banskobystricky kraj, tornala",13
154189,1,0,"trenciansky kraj, prievidza",0
154190,1,0,"kosicky kraj, krompachy",0
154191,1,1,"presovsky kraj, levoca",23
154192,1,0,"trenciansky kraj, prievidza",17
154193,0,0,"nitriansky kraj, nitra",0
154315,0,0,"nitriansky kraj, levice",0
154369,0,1,"kosicky kraj, spisska nova ves",15
154390,1,0,"nitriansky kraj, levice",0
154451,1,0,"zilinsky kraj, martin",0
154452,1,0,"zilinsky kraj, zilina",0
154453,1,0,"nitriansky kraj, levice",12
154637,0,1,"nitriansky kraj, nove zamky",0
154639,0,1,"bratislavsky kraj, bratislava - podunaj. biskupice",0
154659,1,0,"banskobystricky kraj, ziar nad hronom",14
154726,0,0,"trnavsky kraj, hlohovec",21
154773,1,0,"kosicky kraj, kosice - sidlisko tahanovce",10
154775,1,1,"nitriansky kraj, nove zamky",16
154776,0,0,"nitriansky kraj, nove zamky",15
154819,1,0,"banskobystricky kraj, hnusta",0
154928,0,0,"kosicky kraj, kosice - sever",0
154931,1,1,"presovsky kraj, presov",20
154943,1,0,"trenciansky kraj, povazska bystrica",23
154944,0,1,"trnavsky kraj, senica",14
154945,1,1,"trnavsky kraj, piestany",0
154946,1,1,"trenciansky kraj, nove mesto nad vahom",16
154947,0,1,"kosicky kraj, spisska nova ves",15
154948,1,1,"banskobystricky kraj, brezno",15
154970,1,0,"banskobystricky kraj, banska bystrica",0
154971,1,0,"trenciansky kraj, trencin",12
155060,1,1,"trnavsky kraj, hlohovec",20
155235,1,0,"presovsky kraj, vranov nad toplou",0
155236,1,1,"presovsky kraj, vranov nad toplou",11
155238,1,0,"trenciansky kraj, puchov",0
155349,1,0,"trnavsky kraj, hlohovec",0
155508,1,1,"kosicky kraj, michalovce",0
155579,0,1,"ceska republika, cz - olomoucky kraj",0
155583,0,0,"nitriansky kraj, levice",15
155672,0,1,"kosicky kraj, kosice - okolie",15
155675,0,0,"kosicky kraj, kosice - saca",12
155676,0,0,"zilinsky kraj, rajec",0
155677,1,1,"nitriansky kraj, levice",0
155678,1,0,"zilinsky kraj, martin",0
155765,0,1,"banskobystricky kraj, brezno",26
155782,0,1,"zilinsky kraj, zilina",21
155820,1,0,"nitriansky kraj, topolcany",0
155871,1,1,"presovsky kraj, kezmarok",14
156027,0,0,"zahranicie, zahranicie - usa",15
156063,1,1,"zahranicie, zahranicie - kanada",0
156064,1,0,"kosicky kraj, spisska nova ves",0
156065,0,0,"presovsky kraj, giraltovce",15
156155,1,0,"presovsky kraj, spisska bela",13
156162,0,0,"zilinsky kraj, zilina",0
156164,1,0,"zilinsky kraj, zilina",0
156166,1,0,"banskobystricky kraj, revuca",14
156205,1,1,"trenciansky kraj, prievidza",15
156206,1,1,"presovsky kraj, humenne",17
156207,0,0,"trenciansky kraj, prievidza",0
156208,0,1,"nitriansky kraj, topolcany",15
156258,1,0,"nitriansky kraj, nitra",15
156259,1,0,"trnavsky kraj, vrbove",0
156286,1,0,"kosicky kraj, kosice - zapad",0
156287,1,1,"trenciansky kraj, partizanske",13
156288,1,1,"kosicky kraj, kosice - okolie",12
156317,0,0,"presovsky kraj, poprad",0
156319,1,0,"zilinsky kraj, zilina",16
156377,0,0,"zahranicie, zahranicie - gb",0
156378,1,1,"presovsky kraj, presov",15
156381,1,0,"nitriansky kraj, zlate moravce",0
156398,1,1,"nitriansky kraj, nove zamky",0
156399,1,0,"presovsky kraj, bardejov",11
156401,1,0,"nitriansky kraj, topolcany",14
156404,1,1,"nitriansky kraj, nitra",18
156588,0,1,"kosicky kraj, michalovce",0
156590,1,1,"zahranicie, zahranicie - usa",16
156594,1,0,"nitriansky kraj, levice",0
156605,1,0,"kosicky kraj, kosice - okolie",0
156614,1,1,"kosicky kraj, kosice - zapad",0
156615,1,0,"trenciansky kraj, prievidza",15
156695,1,1,"trnavsky kraj, hlohovec",0
156803,0,1,"presovsky kraj, poprad",0
156804,1,0,"trenciansky kraj, povazska bystrica",0
156805,1,1,"trenciansky kraj, puchov",20
156806,1,1,"kosicky kraj, gelnica",0
156960,1,0,"trenciansky kraj, partizanske",0
156970,0,0,"zilinsky kraj, trstena",16
156973,1,1,"kosicky kraj, kosice - okolie",15
156975,0,0,"trenciansky kraj, nove mesto nad vahom",18
156978,1,0,"trenciansky kraj, partizanske",0
156981,1,0,"presovsky kraj, presov",14
157036,1,0,"presovsky kraj, snina",0
157037,0,1,"zilinsky kraj, martin",0
157137,1,1,"trenciansky kraj, prievidza",16
157138,1,1,"nitriansky kraj, kolarovo",0
157139,1,1,"zilinsky kraj, martin",11
157140,0,0,"zahranicie, zahranicie - usa",0
157141,1,1,"trenciansky kraj, banovce nad bebravou",0
157142,1,1,"trenciansky kraj, trencin",0
157208,1,1,"kosicky kraj, krompachy",13
157210,1,0,"zilinsky kraj, zilina",12
157321,0,1,"trenciansky kraj, banovce nad bebravou",16
157353,0,0,"nitriansky kraj, vrable",0
157357,1,1,"kosicky kraj, trebisov",0
157358,1,0,"kosicky kraj, kosice - okolie",0
157359,1,0,"trnavsky kraj, piestany",0
157360,1,0,"zilinsky kraj, dolny kubin",13
157361,0,1,"banskobystricky kraj, rimavska sobota",0
157362,1,0,"nitriansky kraj, sala",0
157466,0,1,"zilinsky kraj, zilina",21
157470,1,0,"banskobystricky kraj, lucenec",0
157471,0,0,"nitriansky kraj, nove zamky",19
157580,1,0,"presovsky kraj, kezmarok",19
157631,0,0,"trenciansky kraj, trencin",16
157632,0,0,"nitriansky kraj, nove zamky",0
157633,1,0,"kosicky kraj, krompachy",12
157634,1,1,"kosicky kraj, kosice - okolie",0
157635,1,0,"zilinsky kraj, liptovsky mikulas",0
157636,0,1,"trenciansky kraj, ilava",22
157637,1,0,"trenciansky kraj, puchov",0
157671,1,1,"presovsky kraj, vranov nad toplou",0
157932,1,0,"banskobystricky kraj, zvolen",0
157971,1,0,"kosicky kraj, kosice - okolie",0
157978,1,1,"nitriansky kraj, komarno",0
157982,1,1,"kosicky kraj, michalovce",0
158039,1,0,"presovsky kraj, vranov nad toplou",0
158040,1,0,"kosicky kraj, kosice - okolie",0
158042,1,0,"presovsky kraj, bardejov",0
158079,1,1,"nitriansky kraj, levice",13
158114,1,1,"bratislavsky kraj, bratislava - petrzalka",0
158115,0,1,"zahranicie, zahranicie - usa",0
158116,1,0,"banskobystricky kraj, detva",0
158117,1,1,"presovsky kraj, kezmarok",17
158184,1,1,"banskobystricky kraj, lucenec",0
158327,1,1,"trenciansky kraj, prievidza",14
158348,0,0,"nitriansky kraj, topolcany",0
158355,1,1,"bratislavsky kraj, bratislava - dubravka",0
158356,0,0,"kosicky kraj, strazske",0
158357,1,1,"presovsky kraj, snina",0
158435,0,1,"nitriansky kraj, nove zamky",24
158489,0,0,"kosicky kraj, kosice - okolie",13
158491,1,0,"trnavsky kraj, piestany",0
158492,1,0,"bratislavsky kraj, bratislava - dubravka",0
158493,1,1,"zahranicie, zahranicie - usa",0
158550,1,0,"banskobystricky kraj, banska bystrica",0
158576,1,1,"zilinsky kraj, zilina",0
158578,0,0,"zahranicie, zahranicie - ostatne",0
158579,0,0,"kosicky kraj, trebisov",0
158580,0,1,"zilinsky kraj, cadca",0
158581,1,1,"kosicky kraj, kosice - juh",13
158739,1,1,"zahranicie, zahranicie - ostatne",0
158740,1,1,"presovsky kraj, vranov nad toplou",16
158741,1,0,"trenciansky kraj, partizanske",11
158770,1,1,"kosicky kraj, trebisov",0
158771,0,0,"trnavsky kraj, samorin",37
158772,1,1,"kosicky kraj, dobsina",16
158826,0,1,"bratislavsky kraj, bratislava - nove mesto",19
158847,0,0,"presovsky kraj, poprad",17
158893,1,1,"zahranicie, zahranicie - usa",0
158894,1,1,"trnavsky kraj, piestany",15
158934,1,1,"presovsky kraj, giraltovce",14
158936,0,0,"zahranicie, zahranicie - nemecko",0
158939,1,1,"kosicky kraj, kosice - okolie",15
158942,1,0,"trenciansky kraj, nove mesto nad vahom",11
158982,1,0,"banskobystricky kraj, brezno",0
159103,1,1,"trenciansky kraj, nova dubnica",19
159104,0,0,"kosicky kraj, kosice - sever",16
159105,1,1,"trenciansky kraj, trencin",111
159106,1,1,"nitriansky kraj, topolcany",16
159107,1,0,"kosicky kraj, michalovce",0
159108,0,0,"trnavsky kraj, piestany",18
159112,1,1,"trenciansky kraj, prievidza",15
159170,0,0,"banskobystricky kraj, lucenec",24
159211,1,1,"banskobystricky kraj, brezno",14
159214,1,0,"trenciansky kraj, nove mesto nad vahom",18
159223,0,0,"trnavsky kraj, senica",0
159224,1,0,"presovsky kraj, presov",0
159226,0,0,"presovsky kraj, kezmarok",13
159227,1,0,"nitriansky kraj, sturovo",11
159229,0,0,"kosicky kraj, strazske",0
159231,0,0,"zahranicie, zahranicie - usa",0
159294,0,0,"bratislavsky kraj, bratislava - ruzinov",0
159303,1,0,"zilinsky kraj, zilina",18
159347,1,1,"kosicky kraj, kosice - okolie",16
159371,1,0,"nitriansky kraj, sahy",17
159397,1,1,"trnavsky kraj, piestany",15
159398,0,0,"kosicky kraj, kosice - zapad",0
159408,1,1,"trenciansky kraj, brezova pod bradlom",17
159513,1,0,"nitriansky kraj, sturovo",0
159514,0,0,"trenciansky kraj, novaky",0
159515,1,0,"trenciansky kraj, trencin",0
159516,0,1,"trnavsky kraj, skalica",0
159546,1,1,"presovsky kraj, stara lubovna",17
159548,1,1,"trenciansky kraj, puchov",0
159549,0,0,"bratislavsky kraj, bratislava - okolie",0
159550,1,0,"nitriansky kraj, nitra",14
159580,1,1,"zilinsky kraj, tvrdosin",0
159599,0,0,"zilinsky kraj, cadca",0
159683,1,0,"kosicky kraj, michalovce",20
159719,1,0,"banskobystricky kraj, velky krtis",0
159732,0,0,"presovsky kraj, kezmarok",17
159736,1,0,"trenciansky kraj, nemsova",0
159876,1,0,"nitriansky kraj, nove zamky",23
159952,1,0,"nitriansky kraj, nove zamky",0
159979,1,0,"trnavsky kraj, piestany",0
159980,1,0,"kosicky kraj, kosice - okolie",0
160316,1,1,"trenciansky kraj, puchov",0
160382,0,0,"zahranicie, zahranicie - gb",0
160439,1,1,"trenciansky kraj, stara tura",10
160441,0,0,"zahranicie, zahranicie - ostatne",0
160443,1,1,"kosicky kraj, kosice - okolie",0
160448,1,0,"zilinsky kraj, namestovo",12
160455,0,0,"banskobystricky kraj, revuca",0
160583,1,1,"bratislavsky kraj, malacky",0
160584,1,0,"bratislavsky kraj, bratislava - karlova ves",25
160597,0,1,"zilinsky kraj, zilina",0
160675,0,0,"nitriansky kraj, topolcany",0
160689,0,0,"banskobystricky kraj, poltar",0
160693,1,0,"banskobystricky kraj, poltar",0
160707,1,1,"banskobystricky kraj, lucenec",0
160710,0,0,"bratislavsky kraj, bratislava - vajnory",0
160741,0,1,"presovsky kraj, humenne",21
160967,1,0,"banskobystricky kraj, lucenec",0
160968,1,0,"kosicky kraj, moldava nad bodvou",8
160969,1,1,"presovsky kraj, kezmarok",0
160970,1,1,"banskobystricky kraj, rimavska sobota",0
160971,0,1,"presovsky kraj, sabinov",0
160972,1,0,"presovsky kraj, humenne",0
160987,1,0,"bratislavsky kraj, bratislava - ruzinov",14
160989,0,1,"presovsky kraj, vranov nad toplou",0
160994,1,1,"zahranicie, zahranicie - usa",15
161095,1,0,"kosicky kraj, kosice - zapad",0
161103,1,1,"zilinsky kraj, vrutky",0
161104,1,0,"banskobystricky kraj, krupina",0
161105,1,0,"nitriansky kraj, nitra",15
161106,0,0,"zahranicie, zahranicie - francuzsko",0
161107,1,0,"trenciansky kraj, prievidza",17
161108,1,0,"nitriansky kraj, zeliezovce",0
161109,1,0,"nitriansky kraj, nitra",16
161110,1,0,"trnavsky kraj, trnava",25
161139,1,0,"nitriansky kraj, nove zamky",20
161182,1,0,"zilinsky kraj, cadca",15
161183,1,1,"zahranicie, zahranicie - nemecko",0
161184,1,1,"presovsky kraj, stara lubovna",11
161185,1,0,"presovsky kraj, stara lubovna",12
161277,1,1,"banskobystricky kraj, brezno",23
161328,0,0,"kosicky kraj, spisska nova ves",0
161361,1,1,"trenciansky kraj, myjava",17
161362,0,0,"banskobystricky kraj, brezno",0
161363,1,1,"nitriansky kraj, topolcany",14
161364,1,1,"trenciansky kraj, prievidza",0
161365,1,0,"trnavsky kraj, galanta",0
161366,0,0,"nitriansky kraj, nove zamky",0
161367,0,0,"zahranicie, zahranicie - ostatne",0
161368,1,1,"zahranicie, zahranicie - francuzsko",14
161462,0,1,"nitriansky kraj, nitra",19
161463,1,1,"kosicky kraj, michalovce",13
161465,1,0,"trnavsky kraj, skalica",0
161467,1,1,"banskobystricky kraj, zvolen",0
161479,1,0,"trenciansky kraj, prievidza",0
161480,1,0,"ceska republika, cz - praha",23
161481,1,0,"zahranicie, zahranicie - francuzsko",18
161482,1,0,"nitriansky kraj, levice",17
161483,0,0,"trenciansky kraj, partizanske",0
161484,1,0,"kosicky kraj, sobrance",12
161485,1,1,"zilinsky kraj, rajec",22
161486,1,0,"trenciansky kraj, trencin",0
161487,1,1,"trenciansky kraj, nove mesto nad vahom",0
161488,0,1,"kosicky kraj, spisska nova ves",0
161489,0,1,"zahranicie, zahranicie - rakusko",16
161490,0,0,"nitriansky kraj, nitra",0
161491,1,1,"presovsky kraj, kezmarok",22
161520,1,0,"kosicky kraj, michalovce",0
161540,0,0,"zilinsky kraj, martin",16
161566,1,0,"nitriansky kraj, zlate moravce",0
161603,1,0,"trnavsky kraj, hlohovec",17
161604,1,0,"nitriansky kraj, nove zamky",14
161605,1,0,"trenciansky kraj, puchov",0
161650,1,1,"banskobystricky kraj, brezno",15
161712,1,0,"trnavsky kraj, holic",0
161713,1,0,"zilinsky kraj, trstena",13
161732,1,0,"trnavsky kraj, skalica",14
161733,0,0,"presovsky kraj, presov",0
161734,1,0,"trenciansky kraj, partizanske",0
161735,1,1,"zahranicie, zahranicie - kanada",0
161736,1,0,"presovsky kraj, presov",12
161737,0,0,"trenciansky kraj, nova dubnica",0
161755,1,1,"banskobystricky kraj, lucenec",0
161814,1,0,"trenciansky kraj, trencin",17
161815,0,0,"zilinsky kraj, martin",17
161816,1,0,"presovsky kraj, humenne",16
161861,0,0,"presovsky kraj, sabinov",0
161867,0,0,"nitriansky kraj, topolcany",0
161918,0,0,"zilinsky kraj, namestovo",17
161919,0,0,"nitriansky kraj, nove zamky",20
161920,1,0,"nitriansky kraj, sahy",16
161930,1,0,"bratislavsky kraj, bratislava - okolie",25
161932,1,1,"kosicky kraj, michalovce",0
162005,0,0,"presovsky kraj, podolinec",0
162006,0,1,"bratislavsky kraj, bratislava - okolie",0
162007,1,1,"zilinsky kraj, tvrdosin",112
162011,0,0,"ceska republika, cz - plzensky kraj",0
162241,1,1,"nitriansky kraj, topolcany",0
162245,1,1,"kosicky kraj, kosice - juh",16
162337,0,0,"nitriansky kraj, vrable",0
162342,0,1,"bratislavsky kraj, senec",15
162346,1,0,"zahranicie, zahranicie - australia",0
162348,1,1,"trenciansky kraj, ilava",86
162410,1,0,"zahranicie, zahranicie - gb",22
162441,1,1,"nitriansky kraj, zlate moravce",0
162445,1,0,"kosicky kraj, kosice - zapad",0
162447,0,0,"trenciansky kraj, trencin",0
162454,0,0,"banskobystricky kraj, brezno",13
162457,0,0,"presovsky kraj, spisska bela",0
162459,0,0,"presovsky kraj, snina",0
162500,1,1,"bratislavsky kraj, bratislava - petrzalka",20
162502,0,0,"nitriansky kraj, nitra",0
162657,0,0,"banskobystricky kraj, zvolen",0
162658,1,1,"trnavsky kraj, trnava",0
162659,0,0,"presovsky kraj, poprad",19
162660,0,0,"nitriansky kraj, nove zamky",16
162730,1,0,"nitriansky kraj, nitra",0
162731,1,0,"trenciansky kraj, nove mesto nad vahom",13
162733,1,0,"trnavsky kraj, trnava",22
162735,1,1,"nitriansky kraj, topolcany",37
162748,1,0,"trenciansky kraj, trencin",0
162773,1,0,"banskobystricky kraj, banska bystrica",0
162779,0,1,"banskobystricky kraj, banska bystrica",0
162780,0,0,"presovsky kraj, bardejov",0
162781,1,0,"nitriansky kraj, komarno",0
162782,0,0,"presovsky kraj, bardejov",15
162783,1,0,"trenciansky kraj, ilava",13
162846,1,0,"zahranicie, zahranicie - ostatne",10
163065,1,0,"zilinsky kraj, namestovo",0
163132,1,0,"trenciansky kraj, trencin",0
163134,1,0,"zilinsky kraj, zilina",0
163135,0,0,"zilinsky kraj, namestovo",16
163138,1,1,"presovsky kraj, stara lubovna",0
163140,0,0,"kosicky kraj, gelnica",0
163141,1,0,"kosicky kraj, kosice - zapad",0
163142,1,1,"zilinsky kraj, dolny kubin",16
163143,0,0,"zilinsky kraj, trstena",16
163253,1,0,"presovsky kraj, presov",14
163282,1,0,"kosicky kraj, michalovce",0
163283,1,1,"presovsky kraj, vranov nad toplou",0
163284,0,1,"kosicky kraj, michalovce",0
163285,1,1,"nitriansky kraj, levice",0
163286,0,0,"banskobystricky kraj, revuca",0
163287,1,0,"zilinsky kraj, zilina",0
163288,1,1,"kosicky kraj, kosice - stare mesto",0
163289,1,0,"presovsky kraj, poprad",14
163290,0,1,"nitriansky kraj, zlate moravce",0
163291,1,0,"zilinsky kraj, zilina",0
163345,1,0,"trenciansky kraj, myjava",18
163414,1,0,"presovsky kraj, vranov nad toplou",0
163415,1,0,"presovsky kraj, sabinov",16
163492,1,0,"banskobystricky kraj, velky krtis",11
163493,1,0,"bratislavsky kraj, bratislava - okolie",0
163494,1,1,"trnavsky kraj, sered",0
163495,0,0,"zahranicie, zahranicie - ostatne",37
163496,0,1,"zahranicie, zahranicie - usa",0
163497,0,0,"nitriansky kraj, sala",0
163498,1,0,"trenciansky kraj, povazska bystrica",15
163509,1,0,"presovsky kraj, presov",0
163510,1,0,"kosicky kraj, spisska nova ves",14
163641,1,0,"presovsky kraj, kezmarok",18
163642,0,0,"nitriansky kraj, zlate moravce",15
163677,1,0,"banskobystricky kraj, detva",26
163679,1,1,"bratislavsky kraj, senec",13
163682,1,1,"banskobystricky kraj, ziar nad hronom",15
163684,1,0,"bratislavsky kraj, modra",0
163686,1,0,"presovsky kraj, vranov nad toplou",0
163902,1,0,"trnavsky kraj, sered",22
163903,0,0,"trnavsky kraj, trnava",15
163904,1,0,"trenciansky kraj, brezova pod bradlom",0
163905,0,0,"zilinsky kraj, cadca",0
163906,0,1,"presovsky kraj, humenne",14
163907,0,0,"trenciansky kraj, bojnice",0
163966,1,0,"trnavsky kraj, piestany",18
164046,1,0,"presovsky kraj, kezmarok",22
164049,1,0,"kosicky kraj, kosice - zapad",23
164053,0,0,"kosicky kraj, kosice - dargovskych hrdinov",13
164084,1,0,"bratislavsky kraj, bratislava - okolie",18
164106,0,0,"nitriansky kraj, topolcany",0
164108,1,0,"zahranicie, zahranicie - ostatne",0
164109,1,1,"banskobystricky kraj, zvolen",20
164110,1,1,"zilinsky kraj, turzovka",0
164146,0,0,"kosicky kraj, michalovce",0
164147,1,0,"trnavsky kraj, skalica",22
164167,1,0,"kosicky kraj, kosice - dargovskych hrdinov",24
164218,0,0,"bratislavsky kraj, bratislava - ostatne",0
164221,1,1,"banskobystricky kraj, banska bystrica",0
164222,1,0,"banskobystricky kraj, revuca",0
164239,1,0,"trnavsky kraj, trnava",14
164371,1,0,"bratislavsky kraj, stupava",0
164378,0,0,"trnavsky kraj, trnava",0
164382,0,0,"zahranicie, zahranicie - usa",0
164385,1,1,"banskobystricky kraj, zvolen",0
164389,0,0,"trenciansky kraj, povazska bystrica",0
164391,1,1,"nitriansky kraj, nitra",23
164396,1,1,"banskobystricky kraj, hrinova",0
164408,1,0,"kosicky kraj, trebisov",21
164424,1,1,"nitriansky kraj, nitra",19
164511,1,1,"trenciansky kraj, banovce nad bebravou",14
164513,0,0,"zilinsky kraj, liptovsky mikulas",0
164541,0,0,"zahranicie, zahranicie - ostatne",77
164542,1,0,"presovsky kraj, presov",0
164543,1,0,"presovsky kraj, sabinov",0
164544,1,0,"trenciansky kraj, banovce nad bebravou",0
164620,1,0,"nitriansky kraj, levice",14
164652,0,1,"presovsky kraj, stara lubovna",0
164656,1,1,"trenciansky kraj, nova dubnica",14
164667,1,1,"kosicky kraj, kosice - zapad",15
164738,1,0,"bratislavsky kraj, modra",0
164838,1,1,"presovsky kraj, vranov nad toplou",18
164839,1,0,"kosicky kraj, trebisov",0
164921,1,0,"trenciansky kraj, trencin",0
164939,0,0,"zilinsky kraj, martin",17
165202,0,1,"trenciansky kraj, handlova",25
165203,0,1,"kosicky kraj, kosice - zapad",13
165265,1,0,"presovsky kraj, podolinec",14
165266,1,1,"nitriansky kraj, nove zamky",16
165334,0,0,"kosicky kraj, gelnica",18
165336,1,1,"banskobystricky kraj, zvolen",13
165367,0,0,"trenciansky kraj, ilava",0
165390,0,0,"trenciansky kraj, nove mesto nad vahom",16
165394,1,1,"nitriansky kraj, kolarovo",0
165503,0,0,"zahranicie, zahranicie - francuzsko",0
165513,1,1,"nitriansky kraj, nitra",0
165560,1,1,"banskobystricky kraj, lucenec",0
165726,0,1,"nitriansky kraj, topolcany",14
165727,0,1,"zahranicie, zahranicie - australia",0
165831,1,0,"zilinsky kraj, namestovo",14
165901,0,1,"zilinsky kraj, ruzomberok",0
165909,1,0,"kosicky kraj, spisska nova ves",0
165952,0,1,"banskobystricky kraj, hrinova",0
166070,0,0,"trenciansky kraj, puchov",0
166071,0,1,"trnavsky kraj, trnava",15
166072,1,1,"trenciansky kraj, trencin",3
166073,1,1,"zilinsky kraj, turzovka",11
166074,1,0,"presovsky kraj, stara lubovna",0
166075,1,0,"zilinsky kraj, turzovka",0
166076,0,0,"nitriansky kraj, zlate moravce",0
166077,1,1,"bratislavsky kraj, bratislava - ruzinov",0
166078,0,1,"presovsky kraj, bardejov",0
166084,0,0,"presovsky kraj, bardejov",17
166296,1,0,"trenciansky kraj, trencin",17
166298,0,0,"trnavsky kraj, hlohovec",18
166300,0,1,"kosicky kraj, michalovce",16
166302,1,1,"bratislavsky kraj, malacky",0
166575,1,1,"trenciansky kraj, prievidza",0
166576,1,1,"kosicky kraj, michalovce",9
166578,0,0,"nitriansky kraj, nitra",15
166580,0,0,"kosicky kraj, michalovce",0
166627,1,0,"kosicky kraj, kosice - okolie",17
166751,1,0,"trnavsky kraj, gbely",16
166828,1,0,"presovsky kraj, poprad",16
166829,0,0,"kosicky kraj, kosice - zapad",0
166830,0,0,"presovsky kraj, sabinov",0
166991,1,1,"banskobystricky kraj, ziar nad hronom",16
167036,1,1,"zahranicie, zahranicie - gb",18
167065,1,0,"presovsky kraj, presov",20
167066,1,0,"banskobystricky kraj, zvolen",12
167067,1,1,"presovsky kraj, sabinov",0
167068,1,1,"banskobystricky kraj, detva",19
167143,0,1,"trnavsky kraj, piestany",100
167144,1,1,"banskobystricky kraj, banska bystrica",0
167146,1,0,"trenciansky kraj, nove mesto nad vahom",15
167147,0,0,"nitriansky kraj, nove zamky",0
167276,1,0,"trenciansky kraj, bojnice",0
167277,1,0,"banskobystricky kraj, velky krtis",12
167278,1,1,"presovsky kraj, stropkov",31
167279,1,1,"trenciansky kraj, puchov",14
167280,1,1,"zahranicie, zahranicie - usa",0
167281,0,0,"presovsky kraj, presov",11
167282,1,1,"presovsky kraj, presov",0
167283,1,1,"presovsky kraj, stara lubovna",0
167314,1,1,"kosicky kraj, krompachy",0
167317,0,0,"zahranicie, zahranicie - kanada",0
167365,0,0,"zilinsky kraj, zilina",0
167411,1,1,"presovsky kraj, hanusovce nad toplou",21
167538,0,0,"nitriansky kraj, zlate moravce",0
167539,0,0,"trnavsky kraj, senica",0
167540,0,0,"banskobystricky kraj, nova bana",15
167634,1,0,"zilinsky kraj, martin",11
167743,1,0,"presovsky kraj, hanusovce nad toplou",23
167791,1,1,"zilinsky kraj, liptovsky mikulas",15
167801,0,0,"trenciansky kraj, prievidza",0
167803,1,1,"kosicky kraj, kosice - zapad",0
167807,1,1,"zahranicie, zahranicie - ostatne",16
167814,1,1,"trenciansky kraj, dubnica nad vahom",0
167891,1,1,"presovsky kraj, vranov nad toplou",21
168082,0,1,"banskobystricky kraj, ziar nad hronom",15
168083,1,0,"zilinsky kraj, bytca",0
168084,0,0,"zahranicie, zahranicie - kanada",0
168095,0,0,"trnavsky kraj, hlohovec",11
168407,1,1,"banskobystricky kraj, rimavska sobota",0
168408,0,1,"banskobystricky kraj, brezno",0
168410,1,0,"presovsky kraj, kezmarok",17
168411,0,1,"trenciansky kraj, trencin",17
168412,1,1,"presovsky kraj, presov",0
168413,0,0,"presovsky kraj, presov",0
168414,1,1,"presovsky kraj, humenne",13
168532,1,0,"trenciansky kraj, puchov",17
168685,0,0,"zahranicie, zahranicie - usa",0
168686,1,1,"presovsky kraj, humenne",0
168687,0,0,"zilinsky kraj, turcianske teplice",11
168766,0,1,"banskobystricky kraj, lucenec",0
168825,0,0,"bratislavsky kraj, bratislava - petrzalka",0
168936,1,0,"trnavsky kraj, senica",12
169022,0,0,"presovsky kraj, giraltovce",0
169041,1,1,"presovsky kraj, humenne",12
169042,1,1,"trenciansky kraj, handlova",14
169043,1,0,"trnavsky kraj, samorin",0
169044,1,1,"kosicky kraj, secovce",16
169045,0,0,"trenciansky kraj, trencin",0
169046,1,1,"nitriansky kraj, nitra",0
169049,1,0,"zilinsky kraj, ruzomberok",0
169053,0,0,"kosicky kraj, michalovce",0
169057,0,1,"trnavsky kraj, hlohovec",25
169106,1,0,"kosicky kraj, kosice - okolie",8
169294,0,0,"trnavsky kraj, senica",0
169296,1,0,"trenciansky kraj, dubnica nad vahom",0
169349,1,0,"banskobystricky kraj, detva",0
169379,0,1,"banskobystricky kraj, lucenec",0
169380,1,1,"zahranicie, zahranicie - gb",0
169381,1,0,"banskobystricky kraj, zvolen",15
169382,1,1,"zilinsky kraj, liptovsky mikulas",13
169383,0,1,"trenciansky kraj, trencin",0
169507,1,0,"kosicky kraj, spisska nova ves",13
169593,0,0,"banskobystricky kraj, nova bana",0
169594,1,0,"banskobystricky kraj, tornala",15
169595,0,1,"nitriansky kraj, zlate moravce",0
169596,0,0,"trenciansky kraj, prievidza",0
169597,1,0,"trenciansky kraj, prievidza",0
169598,0,0,"banskobystricky kraj, zvolen",0
169599,0,0,"banskobystricky kraj, banska bystrica",0
169600,1,1,"banskobystricky kraj, rimavska sobota",21
169601,1,1,"presovsky kraj, spisska bela",17
169677,1,0,"nitriansky kraj, levice",18
169693,1,0,"banskobystricky kraj, hrinova",0
169740,0,0,"banskobystricky kraj, banska bystrica",18
169765,1,1,"zahranicie, zahranicie - usa",0
169769,1,1,"presovsky kraj, bardejov",15
169770,1,1,"zilinsky kraj, namestovo",0
169771,1,0,"kosicky kraj, kosice - ostatne",0
169774,1,1,"presovsky kraj, stara lubovna",13
169776,1,0,"kosicky kraj, kosice - zapad",0
169782,0,0,"banskobystricky kraj, lucenec",23
169783,1,0,"kosicky kraj, kosice - stare mesto",17
169842,1,0,"nitriansky kraj, levice",18
169862,1,1,"banskobystricky kraj, ziar nad hronom",0
169904,1,1,"trnavsky kraj, trnava",21
169918,1,0,"kosicky kraj, kosice - juh",33
170012,1,0,"kosicky kraj, velke kapusany",0
170059,1,1,"banskobystricky kraj, zvolen",19
170060,1,0,"trenciansky kraj, partizanske",16
170061,0,1,"nitriansky kraj, sala",0
170063,0,1,"trenciansky kraj, trencin",0
170065,1,1,"banskobystricky kraj, brezno",0
170066,0,1,"trenciansky kraj, prievidza",0
170067,0,0,"bratislavsky kraj, pezinok",0
170091,1,1,"banskobystricky kraj, lucenec",16
170338,1,1,"trenciansky kraj, nove mesto nad vahom",21
170410,1,0,"trnavsky kraj, samorin",15
170412,1,0,"zilinsky kraj, zilina",23
170413,1,0,"nitriansky kraj, levice",0
170414,0,0,"zilinsky kraj, trstena",0
170417,0,1,"presovsky kraj, lipany",20
170418,1,0,"bratislavsky kraj, senec",18
170419,0,1,"presovsky kraj, poprad",17
170420,1,0,"nitriansky kraj, nitra",15
170421,1,0,"presovsky kraj, presov",17
170422,0,1,"zahranicie, zahranicie - australia",0
170592,1,0,"nitriansky kraj, zlate moravce",14
170597,1,0,"presovsky kraj, vranov nad toplou",12
170600,0,1,"zahranicie, zahranicie - ostatne",0
170645,1,0,"trnavsky kraj, galanta",17
170732,1,0,"zilinsky kraj, zilina",0
170819,1,0,"presovsky kraj, presov",0
170820,0,1,"presovsky kraj, bardejov",19
170824,1,0,"banskobystricky kraj, hrinova",13
170889,1,0,"bratislavsky kraj, bratislava - ruzinov",0
170923,1,1,"presovsky kraj, snina",21
170927,1,0,"trenciansky kraj, prievidza",42
170928,0,0,"zahranicie, zahranicie - usa",0
170929,1,0,"trenciansky kraj, partizanske",0
170971,1,0,"trnavsky kraj, hlohovec",0
171026,0,0,"zahranicie, zahranicie - ostatne",22
171077,1,0,"zilinsky kraj, ruzomberok",16
171208,1,1,"presovsky kraj, presov",25
171300,0,1,"banskobystricky kraj, sliac",18
171318,0,0,"nitriansky kraj, nove zamky",0
171319,1,0,"trenciansky kraj, puchov",13
171490,1,0,"presovsky kraj, presov",10
171491,1,1,"trenciansky kraj, ilava",0
171492,1,1,"kosicky kraj, kosice - sever",25
171493,1,1,"presovsky kraj, lipany",15
171494,1,1,"presovsky kraj, poprad",14
171495,1,0,"bratislavsky kraj, malacky",0
171496,1,1,"nitriansky kraj, levice",26
171578,1,0,"bratislavsky kraj, senec",0
171619,1,1,"trenciansky kraj, trencin",0
171620,1,0,"trenciansky kraj, partizanske",0
171621,1,0,"zilinsky kraj, namestovo",0
171780,0,1,"trenciansky kraj, povazska bystrica",28
171816,1,1,"trnavsky kraj, senica",9
171817,0,1,"trenciansky kraj, trencin",0
171818,1,0,"zahranicie, zahranicie - ostatne",34
171819,1,1,"bratislavsky kraj, bratislava - okolie",0
171820,0,1,"nitriansky kraj, nitra",15
171821,1,1,"presovsky kraj, sabinov",15
171868,1,1,"trenciansky kraj, prievidza",0
171874,1,1,"trenciansky kraj, puchov",0
171939,1,1,"zahranicie, zahranicie - usa",32
171940,1,0,"nitriansky kraj, vrable",0
171941,1,1,"kosicky kraj, krompachy",14
172153,1,0,"presovsky kraj, kezmarok",14
172164,1,0,"kosicky kraj, krompachy",0
172220,1,0,"kosicky kraj, spisska nova ves",0
172305,0,1,"kosicky kraj, kosice - okolie",23
172315,1,1,"banskobystricky kraj, krupina",18
172318,1,0,"zilinsky kraj, tvrdosin",0
172364,0,0,"nitriansky kraj, sala",15
172365,0,0,"kosicky kraj, spisska nova ves",0
172366,0,0,"bratislavsky kraj, bratislava - petrzalka",32
172367,0,0,"presovsky kraj, poprad",0
172368,0,0,"zahranicie, zahranicie - ostatne",0
172369,0,1,"banskobystricky kraj, banska stiavnica",28
172370,1,1,"zahranicie, zahranicie - ostatne",19
172372,0,0,"zahranicie, zahranicie - francuzsko",17
172374,1,0,"banskobystricky kraj, rimavska sobota",14
172507,1,0,"presovsky kraj, presov",13
172618,1,0,"trenciansky kraj, myjava",13
172669,0,0,"nitriansky kraj, nove zamky",0
172671,0,0,"banskobystricky kraj, poltar",13
172672,1,1,"kosicky kraj, kosice - zapad",0
172683,0,0,"nitriansky kraj, topolcany",20
172687,0,0,"kosicky kraj, kosice - zapad",0
172735,1,1,"nitriansky kraj, nove zamky",0
172738,0,0,"zahranicie, zahranicie - ostatne",15
172741,1,1,"zilinsky kraj, tvrdosin",14
172750,0,0,"zahranicie, zahranicie - usa",0
172853,0,0,"bratislavsky kraj, bratislava - devinska nova ves",0
172859,1,0,"nitriansky kraj, levice",0
172863,1,1,"trenciansky kraj, banovce nad bebravou",26
172977,0,0,"banskobystricky kraj, lucenec",0
172992,1,0,"presovsky kraj, hanusovce nad toplou",16
173027,1,1,"bratislavsky kraj, bratislava - petrzalka",0
173030,0,0,"zahranicie, zahranicie - ostatne",0
173035,1,0,"kosicky kraj, kosice - okolie",0
173037,0,0,"trnavsky kraj, hlohovec",0
173038,1,0,"presovsky kraj, vranov nad toplou",16
173049,1,1,"zilinsky kraj, tvrdosin",17
173192,0,1,"banskobystricky kraj, lucenec",0
173269,0,0,"presovsky kraj, kezmarok",16
173291,1,1,"ceska republika, cz - praha",0
173297,1,1,"zahranicie, zahranicie - usa",15
173403,0,0,"nitriansky kraj, hurbanovo",18
173450,1,0,"bratislavsky kraj, bratislava - petrzalka",15
173539,0,1,"presovsky kraj, presov",0
173540,0,0,"banskobystricky kraj, lucenec",16
173541,1,1,"presovsky kraj, kezmarok",0
173634,1,0,"kosicky kraj, kosice - zapad",0
173642,0,1,"trenciansky kraj, prievidza",0
173648,0,0,"zahranicie, zahranicie - kanada",0
173723,1,0,"nitriansky kraj, komarno",10
173743,0,1,"zahranicie, zahranicie - francuzsko",0
173744,1,0,"banskobystricky kraj, rimavska sobota",0
173745,0,0,"nitriansky kraj, vrable",0
173748,1,1,"presovsky kraj, presov",0
173769,1,1,"kosicky kraj, roznava",21
173821,0,0,"presovsky kraj, bardejov",17
173829,1,0,"nitriansky kraj, vrable",17
173852,0,0,"nitriansky kraj, nove zamky",21
173859,0,0,"zahranicie, zahranicie - usa",0
173914,0,1,"presovsky kraj, humenne",18
173968,1,0,"banskobystricky kraj, banska bystrica",0
173969,0,1,"presovsky kraj, vranov nad toplou",0
173970,0,0,"presovsky kraj, sabinov",16
173971,1,1,"kosicky kraj, michalovce",0
173972,1,1,"bratislavsky kraj, bratislava - raca",24
173973,1,1,"ceska republika, cz - zlinsky kraj",0
173975,1,1,"kosicky kraj, kosice - zapad",0
173978,0,0,"trnavsky kraj, trnava",0
174137,0,0,"trnavsky kraj, senica",0
174139,1,1,"banskobystricky kraj, lucenec",0
174234,1,1,"zilinsky kraj, ruzomberok",15
174235,0,0,"presovsky kraj, medzilaborce",0
174236,0,0,"kosicky kraj, trebisov",0
174237,1,0,"presovsky kraj, poprad",0
174238,1,0,"kosicky kraj, kosice - saca",12
174261,1,1,"banskobystricky kraj, banska bystrica",0
174444,0,0,"kosicky kraj, trebisov",0
174623,1,1,"kosicky kraj, kosice - sidlisko tahanovce",0
174624,1,1,"nitriansky kraj, topolcany",8
174625,0,1,"trenciansky kraj, nove mesto nad vahom",14
174626,0,0,"bratislavsky kraj, bratislava - petrzalka",26
174868,1,1,"zilinsky kraj, ruzomberok",0
174872,1,0,"presovsky kraj, humenne",17
174876,1,0,"trenciansky kraj, povazska bystrica",0
174877,1,0,"nitriansky kraj, nitra",0
174910,0,0,"nitriansky kraj, nitra",19
174993,1,1,"presovsky kraj, sabinov",18
175094,1,1,"trenciansky kraj, prievidza",30
175095,1,0,"banskobystricky kraj, banska bystrica",0
175096,1,0,"trenciansky kraj, puchov",0
175245,1,1,"presovsky kraj, poprad",17
175253,1,0,"zilinsky kraj, trstena",13
175428,0,0,"kosicky kraj, spisska nova ves",16
175429,0,0,"banskobystricky kraj, ziar nad hronom",0
175430,1,1,"trenciansky kraj, prievidza",18
175477,1,0,"presovsky kraj, poprad",0
175487,1,0,"zilinsky kraj, martin",17
175690,1,1,"zilinsky kraj, namestovo",0
175691,0,0,"zahranicie, zahranicie - ostatne",0
175693,1,0,"presovsky kraj, snina",13
175694,1,0,"presovsky kraj, vranov nad toplou",0
175696,0,0,"kosicky kraj, roznava",0
175762,1,1,"presovsky kraj, bardejov",18
175875,1,0,"zilinsky kraj, tvrdosin",0
175877,1,0,"zahranicie, zahranicie - ostatne",0
175937,0,0,"bratislavsky kraj, bratislava - okolie",15
175982,1,1,"trenciansky kraj, prievidza",23
175993,1,0,"zilinsky kraj, zilina",19
175997,1,1,"bratislavsky kraj, bratislava - nove mesto",0
176002,1,1,"nitriansky kraj, nove zamky",0
176004,0,1,"nitriansky kraj, sala",0
176005,1,1,"zilinsky kraj, namestovo",0
176027,0,0,"banskobystricky kraj, ziar nad hronom",8
176028,0,0,"banskobystricky kraj, lucenec",16
176073,1,1,"trenciansky kraj, nove mesto nad vahom",10
176208,0,1,"kosicky kraj, kosice - zapad",14
176209,0,0,"zilinsky kraj, namestovo",0
176210,1,0,"presovsky kraj, stara lubovna",15
176211,1,0,"banskobystricky kraj, krupina",0
176212,1,0,"bratislavsky kraj, bratislava - ostatne",0
176213,1,0,"presovsky kraj, presov",0
176279,0,1,"kosicky kraj, michalovce",0
176280,0,0,"bratislavsky kraj, bratislava - petrzalka",0
176281,1,1,"zilinsky kraj, trstena",15
176385,1,1,"nitriansky kraj, zlate moravce",12
176423,1,1,"banskobystricky kraj, banska bystrica",0
176434,1,1,"presovsky kraj, presov",14
176435,0,0,"trnavsky kraj, trnava",0
176436,0,1,"zilinsky kraj, zilina",0
176437,0,0,"trenciansky kraj, banovce nad bebravou",14
176438,1,0,"zilinsky kraj, tvrdosin",0
176457,0,0,"presovsky kraj, vranov nad toplou",0
176458,0,0,"banskobystricky kraj, rimavska sobota",0
176539,1,1,"trenciansky kraj, trencin",18
176544,1,1,"presovsky kraj, medzilaborce",11
176575,1,0,"zilinsky kraj, zilina",0
176608,1,0,"presovsky kraj, bardejov",14
176614,1,1,"trenciansky kraj, puchov",0
176618,0,0,"zahranicie, zahranicie - usa",0
176734,1,1,"trnavsky kraj, sered",11
176735,1,0,"banskobystricky kraj, ziar nad hronom",0
176813,1,0,"zilinsky kraj, cadca",0
176814,0,0,"trnavsky kraj, senica",0
176815,1,1,"presovsky kraj, poprad",0
176816,1,0,"presovsky kraj, poprad",0
176833,0,0,"trenciansky kraj, trencin",0
176835,1,0,"presovsky kraj, presov",16
176909,1,1,"banskobystricky kraj, rimavska sobota",19
176915,0,0,"nitriansky kraj, surany",0
176916,0,0,"zahranicie, zahranicie - ostatne",0
176919,1,0,"bratislavsky kraj, bratislava - nove mesto",0
177040,0,1,"presovsky kraj, vranov nad toplou",20
177043,0,0,"presovsky kraj, snina",17
177045,0,0,"kosicky kraj, kosice - okolie",15
177050,0,0,"presovsky kraj, lipany",0
177052,1,0,"trenciansky kraj, puchov",15
177058,0,1,"nitriansky kraj, sala",0
177062,0,0,"bratislavsky kraj, bratislava - ruzinov",19
177070,1,0,"kosicky kraj, kosice - dargovskych hrdinov",15
177188,1,1,"presovsky kraj, vranov nad toplou",0
177399,1,0,"bratislavsky kraj, bratislava - ruzinov",0
177500,1,1,"zahranicie, zahranicie - usa",0
177736,1,0,"kosicky kraj, kosice - okolie",0
177737,0,0,"presovsky kraj, presov",16
177738,0,0,"presovsky kraj, stara lubovna",0
177907,1,1,"trenciansky kraj, puchov",0
177908,0,1,"nitriansky kraj, topolcany",16
177912,1,1,"bratislavsky kraj, bratislava - devinska nova ves",15
177915,0,0,"presovsky kraj, presov",16
178464,0,0,"zilinsky kraj, zilina",23
178476,1,0,"zahranicie, zahranicie - ostatne",14
178521,1,0,"kosicky kraj, kosice - sidlisko tahanovce",0
178522,0,1,"zahranicie, zahranicie - ostatne",20
178523,1,0,"zilinsky kraj, rajecke teplice",13
178612,1,1,"banskobystricky kraj, banska stiavnica",0
178713,0,0,"trnavsky kraj, trnava",16
178714,1,0,"nitriansky kraj, nitra",26
178715,1,0,"trenciansky kraj, ilava",14
178832,0,0,"banskobystricky kraj, krupina",0
178843,1,0,"zilinsky kraj, ruzomberok",15
178985,1,1,"trnavsky kraj, trnava",11
178986,1,1,"trenciansky kraj, puchov",12
178987,1,1,"kosicky kraj, kosice - ostatne",15
178990,1,0,"trenciansky kraj, trencin",16
178992,0,0,"presovsky kraj, poprad",0
178994,1,0,"nitriansky kraj, levice",17
178997,0,0,"presovsky kraj, stara lubovna",15
179148,1,0,"presovsky kraj, sabinov",8
179151,1,1,"banskobystricky kraj, nova bana",13
179155,1,0,"zilinsky kraj, bytca",0
179321,0,0,"trenciansky kraj, stara tura",19
179339,1,0,"kosicky kraj, spisska nova ves",0
179340,1,0,"trenciansky kraj, nove mesto nad vahom",15
179341,1,0,"nitriansky kraj, nove zamky",0
179548,0,1,"trenciansky kraj, banovce nad bebravou",0
179552,1,0,"trenciansky kraj, nova dubnica",0
179554,1,0,"nitriansky kraj, sala",15
179708,0,0,"trnavsky kraj, hlohovec",17
179765,1,0,"banskobystricky kraj, ziar nad hronom",17
179766,1,1,"presovsky kraj, presov",0
179767,1,1,"zilinsky kraj, namestovo",0
179768,0,0,"trenciansky kraj, trencin",0
179973,1,1,"nitriansky kraj, topolcany",18
179975,1,1,"zilinsky kraj, martin",15
179976,0,1,"bratislavsky kraj, modra",0
179977,0,1,"presovsky kraj, stara lubovna",15
179978,1,0,"presovsky kraj, medzilaborce",17
179979,1,1,"nitriansky kraj, topolcany",0
180006,1,1,"nitriansky kraj, sala",19
180007,0,0,"presovsky kraj, kezmarok",0
180238,1,0,"zilinsky kraj, namestovo",13
180239,0,1,"kosicky kraj, spisska nova ves",0
180241,1,1,"trenciansky kraj, nove mesto nad vahom",0
180243,0,0,"banskobystricky kraj, rimavska sobota",0
180244,0,1,"kosicky kraj, secovce",0
180246,1,0,"zahranicie, zahranicie - francuzsko",0
180250,1,0,"zilinsky kraj, bytca",0
180416,0,0,"kosicky kraj, kosice - zapad",13
180530,0,0,"kosicky kraj, michalovce",0
180531,1,1,"trenciansky kraj, novaky",16
180532,0,0,"bratislavsky kraj, bratislava - raca",0
180687,0,0,"trnavsky kraj, holic",0
180697,1,0,"trnavsky kraj, holic",0
180761,1,0,"zilinsky kraj, dolny kubin",20
180762,1,0,"trnavsky kraj, trnava",20
180763,0,0,"kosicky kraj, kosice - okolie",0
180764,1,1,"banskobystricky kraj, velky krtis",34
180765,1,0,"kosicky kraj, michalovce",18
180832,0,0,"presovsky kraj, vranov nad toplou",20
180833,1,1,"kosicky kraj, kosice - dargovskych hrdinov",14
180834,1,1,"zahranicie, zahranicie - gb",0
180835,0,0,"trenciansky kraj, partizanske",0
180836,1,0,"bratislavsky kraj, bratislava - petrzalka",0
180837,0,1,"zahranicie, zahranicie - francuzsko",0
180846,0,1,"zilinsky kraj, ruzomberok",0
181006,1,0,"trenciansky kraj, prievidza",17
181007,0,0,"banskobystricky kraj, revuca",0
181010,1,0,"kosicky kraj, spisska nova ves",13
181011,1,0,"kosicky kraj, trebisov",26
181020,1,1,"zilinsky kraj, zilina",16
181097,0,0,"banskobystricky kraj, banska bystrica",0
181149,0,0,"trenciansky kraj, trencin",0
181150,0,1,"presovsky kraj, presov",21
181151,1,0,"kosicky kraj, spisska nova ves",0
181152,0,0,"trnavsky kraj, skalica",19
181153,0,1,"trenciansky kraj, puchov",16
181154,0,1,"presovsky kraj, presov",0
181155,1,0,"bratislavsky kraj, malacky",0
181156,0,0,"banskobystricky kraj, ziar nad hronom",0
181157,0,0,"nitriansky kraj, zeliezovce",0
181158,0,1,"zahranicie, zahranicie - usa",18
181159,1,1,"trenciansky kraj, puchov",18
181160,0,0,"zilinsky kraj, ruzomberok",18
181208,0,0,"zahranicie, zahranicie - usa",0
181214,1,1,"presovsky kraj, bardejov",0
181215,1,0,"presovsky kraj, presov",17
181216,1,1,"trnavsky kraj, piestany",14
181217,1,0,"trnavsky kraj, trnava",0
181218,0,0,"kosicky kraj, kosice - okolie",18
181219,1,0,"presovsky kraj, poprad",17
181220,1,1,"nitriansky kraj, surany",26
181221,1,0,"presovsky kraj, poprad",23
181222,1,1,"kosicky kraj, spisska nova ves",0
181275,0,0,"banskobystricky kraj, zvolen",17
181289,1,0,"nitriansky kraj, nitra",0
181290,0,1,"kosicky kraj, spisska nova ves",14
181291,0,0,"kosicky kraj, roznava",0
181292,1,1,"trenciansky kraj, partizanske",0
181293,0,0,"kosicky kraj, kosice - saca",0
181294,1,0,"nitriansky kraj, nitra",17
181295,1,0,"bratislavsky kraj, bratislava - raca",15
181296,1,0,"presovsky kraj, presov",23
181297,1,0,"kosicky kraj, kosice - ostatne",0
181527,0,0,"presovsky kraj, stropkov",0
181592,0,0,"kosicky kraj, spisska nova ves",30
181595,0,0,"kosicky kraj, trebisov",0
181596,0,0,"kosicky kraj, kosice - stare mesto",0
181597,1,0,"presovsky kraj, stara lubovna",20
181598,0,0,"nitriansky kraj, nitra",0
181599,0,0,"zahranicie, zahranicie - ostatne",18
181600,0,1,"banskobystricky kraj, revuca",0
181601,0,1,"zahranicie, zahranicie - kanada",21
181690,1,0,"presovsky kraj, presov",16
181978,0,0,"presovsky kraj, presov",19
182048,1,1,"nitriansky kraj, nove zamky",19
182050,0,1,"kosicky kraj, kosice - okolie",17
182052,1,0,"banskobystricky kraj, velky krtis",21
182054,1,1,"zilinsky kraj, dolny kubin",16
182058,1,0,"presovsky kraj, poprad",0
182090,1,0,"bratislavsky kraj, bratislava - vrakuna",21
182164,1,1,"zilinsky kraj, zilina",20
182195,1,1,"trnavsky kraj, sladkovicovo",17
182196,1,0,"trenciansky kraj, partizanske",0
182197,1,0,"nitriansky kraj, nove zamky",0
182198,1,1,"trenciansky kraj, puchov",16
182209,0,0,"trenciansky kraj, nove mesto nad vahom",0
182312,0,0,"zilinsky kraj, zilina",0
182315,0,0,"nitriansky kraj, topolcany",0
182316,0,0,"zahranicie, zahranicie - ostatne",0
182317,0,0,"trenciansky kraj, partizanske",18
182318,1,1,"trnavsky kraj, trnava",20
182358,1,0,"zilinsky kraj, martin",16
182469,0,0,"nitriansky kraj, vrable",0
182471,1,0,"nitriansky kraj, topolcany",18
182473,0,1,"nitriansky kraj, topolcany",15
182476,0,0,"kosicky kraj, kosice - stare mesto",28
182477,0,0,"banskobystricky kraj, lucenec",25
182478,1,0,"trenciansky kraj, trencin",0
182550,1,0,"banskobystricky kraj, kremnica",0
182599,1,0,"zilinsky kraj, martin",19
182600,1,1,"zilinsky kraj, liptovsky mikulas",28
182601,0,1,"kosicky kraj, roznava",19
182602,0,1,"zahranicie, zahranicie - gb",0
182603,1,0,"kosicky kraj, kosice - dargovskych hrdinov",0
182648,0,0,"banskobystricky kraj, zvolen",20
182764,1,0,"zilinsky kraj, tvrdosin",16
182765,0,0,"nitriansky kraj, nove zamky",17
182766,0,0,"presovsky kraj, poprad",0
182767,1,0,"kosicky kraj, velke kapusany",17
182768,1,0,"presovsky kraj, bardejov",0
182770,0,0,"kosicky kraj, kosice - sidlisko tahanovce",0
182771,1,0,"kosicky kraj, strazske",0
182850,1,1,"kosicky kraj, kosice - ostatne",17
182851,1,1,"zahranicie, zahranicie - kanada",0
182852,1,1,"nitriansky kraj, nove zamky",18
182853,0,0,"kosicky kraj, michalovce",18
182854,0,1,"banskobystricky kraj, lucenec",15
182855,1,1,"trenciansky kraj, nova dubnica",14
182856,0,0,"trnavsky kraj, piestany",0
182993,1,0,"zahranicie, zahranicie - francuzsko",0
182994,1,0,"trenciansky kraj, ilava",0
182998,1,1,"zilinsky kraj, namestovo",21
183278,0,0,"nitriansky kraj, levice",0
183325,0,0,"zahranicie, zahranicie - ostatne",0
183430,1,1,"nitriansky kraj, komarno",0
183431,1,1,"trnavsky kraj, trnava",17
183448,0,0,"trnavsky kraj, trnava",0
183707,1,0,"banskobystricky kraj, filakovo",20
183708,1,0,"zilinsky kraj, vrutky",17
183709,1,0,"trenciansky kraj, banovce nad bebravou",19
183710,0,0,"presovsky kraj, presov",16
183711,1,1,"trnavsky kraj, sered",0
183712,0,1,"zahranicie, zahranicie - usa",20
183713,0,1,"kosicky kraj, gelnica",0
183714,1,0,"kosicky kraj, sobrance",16
183794,0,0,"trenciansky kraj, povazska bystrica",25
183863,0,0,"kosicky kraj, medzev",0
183941,0,1,"trenciansky kraj, bojnice",18
183943,1,1,"trenciansky kraj, prievidza",15
183944,0,0,"bratislavsky kraj, bratislava - vrakuna",17
183945,0,0,"zahranicie, zahranicie - usa",18
183947,0,0,"zilinsky kraj, liptovsky mikulas",0
183948,1,1,"kosicky kraj, strazske",17
183949,1,0,"trenciansky kraj, trencin",0
183950,0,0,"zahranicie, zahranicie - ostatne",0
184036,1,0,"banskobystricky kraj, rimavska sobota",19
184037,0,0,"trenciansky kraj, prievidza",19
184038,0,1,"nitriansky kraj, topolcany",22
184039,0,0,"bratislavsky kraj, bratislava - ostatne",0
184040,0,0,"trenciansky kraj, prievidza",23
184041,0,0,"nitriansky kraj, komarno",19
184042,0,0,"presovsky kraj, presov",0
184043,1,0,"presovsky kraj, poprad",17
184149,1,0,"banskobystricky kraj, lucenec",20
184156,1,0,"trnavsky kraj, vrbove",0
184157,1,0,"kosicky kraj, kosice - okolie",18
184158,1,1,"banskobystricky kraj, rimavska sobota",0
184160,1,0,"banskobystricky kraj, rimavska sobota",18
184161,0,1,"kosicky kraj, spisska nova ves",0
184162,1,0,"nitriansky kraj, nitra",15
184165,1,1,"nitriansky kraj, zeliezovce",19
184168,0,1,"kosicky kraj, michalovce",19
184170,1,1,"kosicky kraj, kosice - okolie",18
184206,1,0,"bratislavsky kraj, bratislava - okolie",17
184293,1,0,"zilinsky kraj, trstena",12
184538,0,0,"trenciansky kraj, novaky",16
184540,1,1,"trenciansky kraj, trencianske teplice",17
184543,1,0,"trenciansky kraj, prievidza",18
184544,0,0,"kosicky kraj, krompachy",0
184545,1,0,"kosicky kraj, roznava",20
184546,1,0,"presovsky kraj, bardejov",0
184583,0,0,"banskobystricky kraj, velky krtis",20
184746,0,1,"trenciansky kraj, partizanske",21
184747,1,1,"nitriansky kraj, nove zamky",18
184748,1,0,"nitriansky kraj, hurbanovo",20
184749,0,0,"nitriansky kraj, nitra",0
184947,1,1,"kosicky kraj, spisska nova ves",0
184958,1,1,"zahranicie, zahranicie - usa",15
185077,0,0,"trnavsky kraj, piestany",22
185078,1,0,"trnavsky kraj, galanta",22
185079,1,1,"kosicky kraj, kosice - zapad",16
185080,0,0,"banskobystricky kraj, revuca",25
185081,0,1,"presovsky kraj, poprad",0
185082,0,0,"bratislavsky kraj, bratislava - ostatne",26
185083,0,1,"nitriansky kraj, nove zamky",18
185084,0,0,"trenciansky kraj, handlova",0
185203,1,0,"zilinsky kraj, zilina",26
185204,1,0,"zahranicie, zahranicie - usa",0
185206,0,0,"kosicky kraj, kosice - zapad",17
185207,0,1,"bratislavsky kraj, malacky",0
185208,1,1,"bratislavsky kraj, bratislava - karlova ves",19
185347,0,1,"trenciansky kraj, puchov",22
185416,1,0,"presovsky kraj, poprad",15
185455,1,1,"bratislavsky kraj, bratislava - karlova ves",19
185456,1,1,"presovsky kraj, podolinec",21
185457,0,1,"trenciansky kraj, bojnice",0
185465,1,0,"presovsky kraj, stara lubovna",18
185474,0,0,"banskobystricky kraj, zarnovica",21
185537,1,0,"bratislavsky kraj, bratislava - okolie",21
185578,1,0,"trnavsky kraj, trnava",21
185581,1,0,"trenciansky kraj, prievidza",19
185582,0,1,"zilinsky kraj, dolny kubin",0
185583,1,1,"kosicky kraj, spisska nova ves",19
185614,1,0,"nitriansky kraj, topolcany",0
185754,1,0,"kosicky kraj, kosice - okolie",15
185757,0,0,"trenciansky kraj, trencin",20
185759,0,0,"bratislavsky kraj, bratislava - nove mesto",27
185761,0,0,"bratislavsky kraj, bratislava - podunaj. biskupice",0
185765,1,1,"presovsky kraj, poprad",14
185770,0,0,"kosicky kraj, moldava nad bodvou",17
185773,1,1,"presovsky kraj, presov",20
185830,1,0,"bratislavsky kraj, bratislava - ruzinov",24
185983,1,0,"bratislavsky kraj, bratislava - petrzalka",23
185984,0,0,"banskobystricky kraj, banska bystrica",0
185985,0,0,"bratislavsky kraj, senec",0
185986,1,1,"trnavsky kraj, skalica",0
185987,0,1,"zahranicie, zahranicie - ostatne",0
185988,0,0,"bratislavsky kraj, bratislava - petrzalka",0
185989,1,0,"presovsky kraj, presov",22
185990,0,0,"zahranicie, zahranicie - gb",26
185991,1,0,"banskobystricky kraj, zarnovica",23
186123,1,1,"presovsky kraj, sabinov",17
186124,1,0,"bratislavsky kraj, bratislava - okolie",0
186125,1,0,"nitriansky kraj, vrable",19
186126,1,1,"presovsky kraj, poprad",0
186127,1,1,"banskobystricky kraj, banska bystrica",0
186128,0,1,"nitriansky kraj, topolcany",18
186129,1,0,"bratislavsky kraj, bratislava - ruzinov",17
186130,1,1,"trenciansky kraj, puchov",20
186131,1,0,"zahranicie, zahranicie - francuzsko",0
186132,1,0,"kosicky kraj, kosice - sidlisko tahanovce",14
186133,0,0,"banskobystricky kraj, ziar nad hronom",20
186167,1,1,"presovsky kraj, presov",17
186170,0,0,"trenciansky kraj, dubnica nad vahom",0
186275,1,1,"banskobystricky kraj, zvolen",19
186276,1,0,"kosicky kraj, spisska nova ves",0
186277,1,1,"bratislavsky kraj, bratislava - petrzalka",31
186278,1,0,"kosicky kraj, kosice - okolie",0
186279,0,1,"trnavsky kraj, trnava",0
186280,0,1,"presovsky kraj, presov",15
186290,0,0,"presovsky kraj, bardejov",22
186315,1,0,"zilinsky kraj, zilina",17
186434,0,0,"trnavsky kraj, trnava",15
186435,1,0,"presovsky kraj, presov",0
186436,0,0,"zilinsky kraj, vrutky",19
186437,1,1,"kosicky kraj, moldava nad bodvou",20
186438,0,0,"banskobystricky kraj, revuca",18
186439,1,1,"presovsky kraj, stropkov",30
186440,0,0,"zahranicie, zahranicie - ostatne",0
186500,1,0,"zilinsky kraj, cadca",15
186656,0,0,"banskobystricky kraj, ziar nad hronom",18
186657,0,0,"banskobystricky kraj, poltar",24
186658,1,1,"bratislavsky kraj, bratislava - dubravka",0
186659,1,1,"zahranicie, zahranicie - australia",0
186660,0,0,"presovsky kraj, presov",24
186661,1,1,"trenciansky kraj, dubnica nad vahom",21
186768,0,1,"presovsky kraj, sabinov",0
186807,0,1,"presovsky kraj, poprad",0
186808,1,0,"presovsky kraj, spisska bela",0
186812,0,0,"zilinsky kraj, namestovo",19
186926,1,1,"trenciansky kraj, banovce nad bebravou",13
186927,0,1,"trnavsky kraj, piestany",23
186928,1,1,"presovsky kraj, humenne",21
186929,1,1,"bratislavsky kraj, malacky",0
186931,1,1,"nitriansky kraj, nitra",24
186932,1,1,"nitriansky kraj, nitra",22
186933,0,0,"kosicky kraj, sobrance",18
187000,0,1,"kosicky kraj, medzev",0
187001,1,0,"nitriansky kraj, nove zamky",24
187002,1,1,"presovsky kraj, humenne",18
187003,0,0,"kosicky kraj, kosice - okolie",0
187004,1,0,"presovsky kraj, poprad",18
187005,1,0,"bratislavsky kraj, bratislava - dubravka",19
187009,0,1,"trenciansky kraj, bojnice",25
187204,1,1,"presovsky kraj, presov",16
187205,1,0,"bratislavsky kraj, bratislava - vrakuna",0
187206,1,1,"bratislavsky kraj, bratislava - raca",23
187207,0,0,"kosicky kraj, roznava",23
187289,1,1,"kosicky kraj, michalovce",0
187323,1,1,"trenciansky kraj, partizanske",15
187383,0,0,"presovsky kraj, presov",23
187384,0,1,"zahranicie, zahranicie - ostatne",28
187385,1,1,"kosicky kraj, kosice - okolie",13
187386,0,0,"kosicky kraj, spisska nova ves",0
187387,1,1,"banskobystricky kraj, rimavska sobota",23
187388,1,1,"presovsky kraj, presov",18
187389,1,0,"trenciansky kraj, trencin",0
187390,1,0,"kosicky kraj, kosice - okolie",33
187520,0,0,"banskobystricky kraj, banska bystrica",17
187521,1,0,"presovsky kraj, levoca",15
187561,1,0,"zahranicie, zahranicie - gb",0
187650,1,0,"trenciansky kraj, nove mesto nad vahom",24
187651,1,0,"presovsky kraj, snina",24
187652,0,1,"trenciansky kraj, ilava",0
187653,1,0,"zilinsky kraj, zilina",0
187654,1,0,"presovsky kraj, poprad",16
187655,1,0,"trnavsky kraj, senica",14
187656,1,1,"zilinsky kraj, turzovka",14
187714,1,1,"nitriansky kraj, zeliezovce",17
187808,1,0,"zahranicie, zahranicie - ostatne",21
187809,1,0,"zahranicie, zahranicie - ostatne",13
187810,0,0,"bratislavsky kraj, bratislava - ostatne",21
187811,0,0,"kosicky kraj, kosice - zapad",19
187812,0,0,"presovsky kraj, presov",0
187813,1,1,"kosicky kraj, kosice - stare mesto",24
187878,1,1,"banskobystricky kraj, rimavska sobota",31
187954,1,0,"zilinsky kraj, liptovsky mikulas",0
187955,1,0,"nitriansky kraj, nove zamky",28
187956,0,1,"presovsky kraj, presov",17
187957,1,0,"kosicky kraj, kosice - okolie",25
188049,0,0,"trnavsky kraj, trnava",19
188052,1,0,"trenciansky kraj, partizanske",20
188057,1,1,"trenciansky kraj, prievidza",14
188063,0,0,"banskobystricky kraj, banska bystrica",21
188346,1,0,"kosicky kraj, kosice - okolie",15
188352,1,0,"presovsky kraj, humenne",20
188353,0,1,"trenciansky kraj, prievidza",0
188354,1,1,"presovsky kraj, levoca",20
188355,0,0,"nitriansky kraj, nove zamky",19
188356,1,1,"nitriansky kraj, sala",14
188357,0,0,"banskobystricky kraj, sliac",21
188358,0,0,"zahranicie, zahranicie - ostatne",0
188426,1,1,"presovsky kraj, podolinec",0
188584,0,0,"presovsky kraj, presov",24
188585,1,0,"nitriansky kraj, zeliezovce",0
188586,0,0,"kosicky kraj, krompachy",0
188590,0,0,"banskobystricky kraj, brezno",0
188810,0,0,"presovsky kraj, lipany",15
188820,1,1,"trenciansky kraj, prievidza",17
188821,1,0,"trenciansky kraj, nove mesto nad vahom",13
188822,1,0,"trenciansky kraj, trencin",0
188836,1,1,"zilinsky kraj, tvrdosin",14
188861,1,0,"trnavsky kraj, trnava",0
188902,0,0,"trnavsky kraj, trnava",0
188939,1,0,"nitriansky kraj, nitra",15
188956,0,1,"trenciansky kraj, prievidza",18
189127,0,0,"trenciansky kraj, partizanske",0
189407,1,0,"kosicky kraj, kosice - okolie",18
189559,1,1,"presovsky kraj, presov",29
189560,1,1,"trenciansky kraj, bojnice",16
189561,1,1,"banskobystricky kraj, banska bystrica",15
189562,0,0,"presovsky kraj, humenne",27
189624,0,0,"bratislavsky kraj, bratislava - petrzalka",16
189715,1,0,"trenciansky kraj, povazska bystrica",0
189741,1,0,"presovsky kraj, snina",0
189743,1,0,"kosicky kraj, kosice - zapad",17
189745,0,0,"trenciansky kraj, partizanske",17
189746,1,1,"banskobystricky kraj, velky krtis",18
189747,1,1,"presovsky kraj, presov",16
189748,0,0,"presovsky kraj, presov",0
189749,0,1,"nitriansky kraj, levice",0
189767,1,0,"zahranicie, zahranicie - usa",0
189864,0,0,"trenciansky kraj, prievidza",0
189939,0,0,"presovsky kraj, velky saris",0
189945,1,1,"kosicky kraj, kosice - ostatne",0
189946,1,0,"zilinsky kraj, dolny kubin",15
189947,1,1,"bratislavsky kraj, senec",22
190029,1,0,"trenciansky kraj, prievidza",18
190107,1,1,"bratislavsky kraj, malacky",19
190109,0,1,"presovsky kraj, stara lubovna",25
190111,0,1,"zahranicie, zahranicie - kanada",20
190114,0,0,"banskobystricky kraj, velky krtis",0
190115,1,0,"trenciansky kraj, prievidza",0
190118,1,1,"presovsky kraj, humenne",21
190167,1,0,"trenciansky kraj, prievidza",0
190305,1,1,"presovsky kraj, presov",0
190306,0,1,"banskobystricky kraj, revuca",18
190307,1,0,"kosicky kraj, kosice - sidlisko tahanovce",12
190308,1,1,"zilinsky kraj, martin",15
190309,1,0,"kosicky kraj, medzev",0
190546,0,1,"kosicky kraj, michalovce",0
190547,1,0,"presovsky kraj, humenne",19
190548,0,1,"bratislavsky kraj, senec",21
190549,0,1,"banskobystricky kraj, hnusta",17
190645,0,0,"trenciansky kraj, prievidza",26
190758,1,0,"bratislavsky kraj, bratislava - ruzinov",18
190762,1,0,"banskobystricky kraj, velky krtis",0
190764,1,0,"nitriansky kraj, topolcany",0
190767,1,1,"presovsky kraj, poprad",19
190771,0,0,"presovsky kraj, presov",24
190863,0,0,"zilinsky kraj, liptovsky mikulas",0
190864,0,0,"kosicky kraj, roznava",0
190900,1,0,"banskobystricky kraj, velky krtis",22
190935,0,0,"presovsky kraj, presov",0
190938,1,1,"nitriansky kraj, topolcany",22
190940,1,1,"zilinsky kraj, dolny kubin",0
190944,1,0,"trnavsky kraj, trnava",20
190945,1,1,"presovsky kraj, humenne",0
190946,0,1,"nitriansky kraj, nitra",16
190947,0,0,"bratislavsky kraj, bratislava - petrzalka",0
191023,0,0,"nitriansky kraj, nove zamky",0
191054,0,1,"banskobystricky kraj, velky krtis",23
191055,0,0,"banskobystricky kraj, banska bystrica",24
191056,0,0,"presovsky kraj, spisska stara ves",17
191057,1,0,"banskobystricky kraj, zvolen",17
191058,0,1,"presovsky kraj, sabinov",16
191059,0,0,"zahranicie, zahranicie - ostatne",0
191270,0,0,"zahranicie, zahranicie - usa",17
191470,1,0,"trnavsky kraj, trnava",0
191471,1,0,"trenciansky kraj, trencianske teplice",0
191472,0,1,"bratislavsky kraj, bratislava - karlova ves",0
191473,1,0,"nitriansky kraj, nove zamky",21
191474,0,0,"banskobystricky kraj, lucenec",0
191621,1,0,"presovsky kraj, poprad",19
191622,1,1,"presovsky kraj, poprad",22
191623,1,0,"presovsky kraj, presov",19
191624,1,0,"kosicky kraj, kosice - okolie",15
191625,1,1,"trenciansky kraj, stara tura",21
191626,1,0,"trenciansky kraj, trencin",16
191627,0,0,"presovsky kraj, stara lubovna",0
191628,1,1,"bratislavsky kraj, malacky",0
191637,0,0,"bratislavsky kraj, malacky",18
191673,1,1,"banskobystricky kraj, detva",16
191775,1,1,"kosicky kraj, trebisov",16
191813,0,1,"kosicky kraj, kosice - sever",21
191820,1,0,"kosicky kraj, spisska nova ves",18
191821,1,0,"zilinsky kraj, ruzomberok",0
191823,0,1,"kosicky kraj, gelnica",26
192037,0,0,"bratislavsky kraj, pezinok",0
192073,0,1,"kosicky kraj, gelnica",18
192080,0,1,"presovsky kraj, snina",0
192086,1,0,"banskobystricky kraj, zvolen",18
192089,1,1,"zilinsky kraj, zilina",0
192095,1,1,"kosicky kraj, kosice - sidlisko tahanovce",22
192099,0,0,"presovsky kraj, presov",0
192108,0,0,"zahranicie, zahranicie - ostatne",0
192115,1,0,"bratislavsky kraj, bratislava - ostatne",25
192339,0,0,"banskobystricky kraj, banska bystrica",0
192348,1,0,"kosicky kraj, moldava nad bodvou",0
192349,0,0,"trnavsky kraj, sered",19
192350,1,0,"banskobystricky kraj, zvolen",0
192351,0,0,"nitriansky kraj, nove zamky",24
192370,0,0,"zilinsky kraj, zilina",21
192512,1,0,"trnavsky kraj, senica",0
192519,0,0,"trnavsky kraj, trnava",18
192733,0,1,"kosicky kraj, sobrance",0
192734,1,0,"trnavsky kraj, trnava",0
192735,0,0,"nitriansky kraj, nitra",26
192736,1,1,"zahranicie, zahranicie - rakusko",31
192737,0,0,"bratislavsky kraj, bratislava - podunaj. biskupice",30
192778,0,1,"banskobystricky kraj, rimavska sobota",17
192816,1,0,"presovsky kraj, presov",27
192857,0,1,"trenciansky kraj, novaky",0
192858,0,0,"kosicky kraj, kosice - saca",14
192859,0,1,"kosicky kraj, kosice - okolie",18
192860,0,0,"kosicky kraj, roznava",18
192861,1,0,"presovsky kraj, stara lubovna",19
193032,1,0,"trenciansky kraj, puchov",25
193033,1,1,"kosicky kraj, kosice - dargovskych hrdinov",19
193034,0,1,"nitriansky kraj, surany",0
193035,1,0,"kosicky kraj, michalovce",22
193140,1,0,"nitriansky kraj, levice",0
193141,0,1,"presovsky kraj, kezmarok",0
193142,0,0,"kosicky kraj, michalovce",0
193143,0,0,"nitriansky kraj, nove zamky",0
193144,0,0,"banskobystricky kraj, detva",25
193145,0,1,"kosicky kraj, kosice - sidlisko tahanovce",0
193146,1,0,"bratislavsky kraj, bratislava - ostatne",0
193245,1,0,"trnavsky kraj, piestany",0
193356,0,0,"nitriansky kraj, topolcany",0
193374,1,0,"banskobystricky kraj, banska bystrica",0
193382,1,1,"trenciansky kraj, dubnica nad vahom",16
193385,0,1,"banskobystricky kraj, zvolen",17
193387,1,1,"zilinsky kraj, martin",19
193390,0,1,"banskobystricky kraj, detva",20
193394,1,1,"kosicky kraj, sobrance",0
193525,0,1,"bratislavsky kraj, bratislava - devinska nova ves",33
193580,1,1,"banskobystricky kraj, lucenec",0
193581,0,1,"nitriansky kraj, nitra",15
193583,1,1,"nitriansky kraj, vrable",16
193609,0,1,"presovsky kraj, stara lubovna",0
193898,1,0,"banskobystricky kraj, banska bystrica",19
193901,0,0,"presovsky kraj, kezmarok",0
193902,1,0,"zahranicie, zahranicie - gb",0
193903,0,0,"kosicky kraj, michalovce",0
193904,1,0,"banskobystricky kraj, ziar nad hronom",17
193905,0,1,"banskobystricky kraj, ziar nad hronom",22
193906,1,1,"trenciansky kraj, prievidza",27
193907,0,1,"trnavsky kraj, holic",0
193950,0,0,"nitriansky kraj, topolcany",0
194061,1,0,"trenciansky kraj, trencin",17
194096,1,0,"bratislavsky kraj, bratislava - ruzinov",11
194105,1,1,"presovsky kraj, spisska stara ves",25
194120,0,0,"banskobystricky kraj, ziar nad hronom",0
194121,0,0,"bratislavsky kraj, bratislava - raca",17
194122,1,0,"zilinsky kraj, martin",18
194123,1,0,"trenciansky kraj, novaky",18
194125,1,0,"presovsky kraj, kezmarok",19
194127,1,1,"kosicky kraj, trebisov",19
194172,1,0,"kosicky kraj, kosice - sidlisko tahanovce",47
194221,0,0,"zilinsky kraj, ruzomberok",0
194350,0,0,"trnavsky kraj, trnava",21
194351,0,0,"zilinsky kraj, turcianske teplice",0
194355,1,1,"kosicky kraj, michalovce",17
194378,1,0,"kosicky kraj, kosice - okolie",25
194379,1,0,"kosicky kraj, kosice - zapad",15
194380,1,1,"presovsky kraj, stara lubovna",0
194381,1,0,"trenciansky kraj, banovce nad bebravou",0
194382,0,0,"kosicky kraj, kosice - dargovskych hrdinov",0
194387,0,0,"zilinsky kraj, martin",23
194434,0,0,"zahranicie, zahranicie - usa",0
194560,1,1,"presovsky kraj, stara lubovna",0
194626,1,0,"trenciansky kraj, trencin",0
194627,1,0,"kosicky kraj, spisska nova ves",22
194628,1,1,"trenciansky kraj, trencin",0
194629,1,0,"bratislavsky kraj, bratislava - okolie",28
194676,0,1,"trenciansky kraj, banovce nad bebravou",22
194727,0,0,"presovsky kraj, medzilaborce",20
194738,1,0,"bratislavsky kraj, svaty jur",19
194741,1,0,"trnavsky kraj, trnava",9
194889,1,1,"zahranicie, zahranicie - usa",0
194890,1,1,"nitriansky kraj, levice",14
194891,1,0,"banskobystricky kraj, banska bystrica",16
194892,1,0,"bratislavsky kraj, bratislava - vrakuna",28
194893,1,0,"zahranicie, zahranicie - usa",17
194894,0,0,"nitriansky kraj, surany",0
194895,0,0,"nitriansky kraj, levice",24
194896,0,0,"presovsky kraj, humenne",21
194906,1,1,"banskobystricky kraj, velky krtis",0
194908,1,1,"zilinsky kraj, namestovo",10
195050,1,0,"banskobystricky kraj, velky krtis",0
195051,1,0,"bratislavsky kraj, bratislava - karlova ves",17
195052,1,0,"nitriansky kraj, zeliezovce",0
195107,0,0,"banskobystricky kraj, banska bystrica",21
195250,0,1,"presovsky kraj, svit",0
195251,0,0,"trenciansky kraj, trencin",32
195252,0,1,"zahranicie, zahranicie - nemecko",20
195253,1,0,"banskobystricky kraj, ziar nad hronom",22
195362,0,0,"trnavsky kraj, trnava",17
195383,1,1,"zilinsky kraj, tvrdosin",19
195384,1,0,"kosicky kraj, kosice - sidlisko tahanovce",17
195385,0,0,"presovsky kraj, poprad",0
195386,1,1,"banskobystricky kraj, hnusta",18
195387,1,1,"presovsky kraj, poprad",24
195388,0,0,"nitriansky kraj, vrable",22
195495,0,0,"trenciansky kraj, partizanske",23
195540,1,0,"kosicky kraj, kosice - sidlisko tahanovce",25
195762,1,1,"presovsky kraj, presov",0
195850,0,0,"presovsky kraj, kezmarok",26
195879,0,0,"trenciansky kraj, prievidza",15
195885,1,1,"banskobystricky kraj, ziar nad hronom",0
195887,1,1,"nitriansky kraj, topolcany",22
195888,0,1,"presovsky kraj, poprad",25
195890,1,0,"bratislavsky kraj, bratislava - okolie",0
195892,0,1,"kosicky kraj, spisska nova ves",15
195894,0,1,"banskobystricky kraj, banska bystrica",16
195896,1,1,"nitriansky kraj, zlate moravce",20
195897,1,1,"zahranicie, zahranicie - gb",22
196042,1,0,"trnavsky kraj, senica",0
196052,1,0,"zilinsky kraj, ruzomberok",22
196053,1,0,"bratislavsky kraj, bratislava - karlova ves",21
196054,1,0,"trenciansky kraj, prievidza",0
196056,0,1,"kosicky kraj, kosice - sever",19
196057,1,1,"nitriansky kraj, zlate moravce",16
196059,0,0,"banskobystricky kraj, banska bystrica",25
196063,0,0,"banskobystricky kraj, krupina",20
196083,1,0,"zilinsky kraj, zilina",16
196106,1,0,"presovsky kraj, snina",0
196189,1,0,"zilinsky kraj, tvrdosin",15
196191,0,0,"trnavsky kraj, trnava",22
196192,1,0,"kosicky kraj, spisska nova ves",19
196193,1,0,"trnavsky kraj, trnava",21
196197,0,0,"trenciansky kraj, partizanske",0
196243,1,1,"kosicky kraj, kosice - zapad",12
196475,1,0,"zilinsky kraj, zilina",0
196476,1,1,"nitriansky kraj, zeliezovce",19
196477,1,0,"banskobystricky kraj, banska stiavnica",0
196522,0,1,"nitriansky kraj, nitra",0
196523,0,0,"bratislavsky kraj, bratislava - ruzinov",0
196525,1,1,"banskobystricky kraj, zvolen",20
196526,1,0,"kosicky kraj, kosice - ostatne",25
196662,1,1,"presovsky kraj, vranov nad toplou",0
196664,1,0,"presovsky kraj, poprad",16
196665,0,0,"bratislavsky kraj, bratislava - petrzalka",0
196666,0,1,"kosicky kraj, kosice - juh",26
196667,1,1,"presovsky kraj, poprad",0
196668,0,0,"kosicky kraj, kosice - barca",20
196706,1,1,"zilinsky kraj, zilina",0
196707,0,0,"kosicky kraj, kosice - zapad",21
196708,0,0,"trnavsky kraj, senica",0
196709,0,1,"nitriansky kraj, sala",35
196726,1,0,"banskobystricky kraj, lucenec",0
196830,0,0,"nitriansky kraj, nove zamky",0
196831,1,1,"kosicky kraj, roznava",14
196832,0,0,"nitriansky kraj, nitra",0
196833,1,0,"bratislavsky kraj, bratislava - nove mesto",27
196834,1,1,"presovsky kraj, podolinec",9
196835,1,0,"kosicky kraj, spisska nova ves",0
196837,0,1,"nitriansky kraj, topolcany",15
196921,1,0,"zilinsky kraj, ruzomberok",14
197062,0,1,"banskobystricky kraj, hnusta",13
197167,1,0,"banskobystricky kraj, tisovec",0
197168,0,0,"trenciansky kraj, prievidza",15
197169,1,1,"banskobystricky kraj, banska bystrica",0
197170,1,0,"trenciansky kraj, myjava",0
197171,1,1,"nitriansky kraj, sturovo",0
197172,0,0,"bratislavsky kraj, bratislava - okolie",0
197285,1,0,"banskobystricky kraj, zvolen",18
197323,0,0,"trenciansky kraj, ilava",20
197324,1,0,"trnavsky kraj, piestany",20
197325,0,1,"nitriansky kraj, nitra",16
197326,1,0,"trnavsky kraj, holic",0
197327,0,0,"zahranicie, zahranicie - ostatne",17
197328,1,0,"zilinsky kraj, liptovsky mikulas",0
197330,0,1,"trenciansky kraj, dubnica nad vahom",24
197530,0,1,"kosicky kraj, michalovce",16
197531,1,0,"nitriansky kraj, nitra",21
197532,1,0,"bratislavsky kraj, bratislava - petrzalka",22
197533,1,1,"kosicky kraj, velke kapusany",16
197644,0,1,"banskobystricky kraj, banska bystrica",17
197645,0,1,"banskobystricky kraj, banska bystrica",28
197646,1,0,"trenciansky kraj, handlova",0
197734,1,1,"presovsky kraj, poprad",17
197735,0,1,"zilinsky kraj, tvrdosin",0
197736,0,0,"bratislavsky kraj, bratislava - raca",0
197737,1,0,"presovsky kraj, sabinov",0
197738,1,1,"kosicky kraj, roznava",0
197781,0,1,"banskobystricky kraj, lucenec",22
197783,0,0,"nitriansky kraj, vrable",15
197861,1,0,"zilinsky kraj, dolny kubin",0
197865,0,0,"presovsky kraj, snina",0
197866,1,1,"trenciansky kraj, trencin",0
197867,0,0,"presovsky kraj, stara lubovna",0
197868,1,0,"trenciansky kraj, povazska bystrica",18
197872,1,0,"presovsky kraj, levoca",0
197874,1,0,"zahranicie, zahranicie - ostatne",0
197876,1,0,"nitriansky kraj, nove zamky",0
197877,0,1,"banskobystricky kraj, zvolen",14
197899,1,0,"banskobystricky kraj, velky krtis",11
197990,1,1,"zilinsky kraj, dolny kubin",15
197991,0,0,"presovsky kraj, kezmarok",16
197992,1,1,"nitriansky kraj, levice",16
197993,1,0,"bratislavsky kraj, pezinok",0
197994,1,0,"kosicky kraj, kosice - saca",0
197996,1,1,"trnavsky kraj, holic",13
198001,0,0,"trenciansky kraj, partizanske",0
198004,0,0,"presovsky kraj, bardejov",0
198085,1,1,"banskobystricky kraj, zvolen",0
198087,1,0,"kosicky kraj, krompachy",20
198089,0,0,"nitriansky kraj, vrable",0
198094,0,1,"bratislavsky kraj, malacky",17
198096,1,0,"trnavsky kraj, trnava",0
198113,0,0,"kosicky kraj, kosice - barca",22
198115,0,0,"trnavsky kraj, piestany",0
198116,0,0,"trnavsky kraj, trnava",0
198117,0,0,"banskobystricky kraj, poltar",16
198118,1,1,"trenciansky kraj, handlova",0
198119,1,0,"nitriansky kraj, nove zamky",0
198120,0,1,"banskobystricky kraj, zvolen",0
198123,0,0,"trnavsky kraj, hlohovec",0
198125,0,0,"kosicky kraj, kosice - ostatne",0
198133,0,1,"banskobystricky kraj, rimavska sobota",19
198140,1,0,"kosicky kraj, michalovce",19
198210,1,0,"presovsky kraj, presov",0
198212,1,0,"bratislavsky kraj, bratislava - okolie",0
198214,1,0,"zilinsky kraj, liptovsky mikulas",20
198215,1,0,"banskobystricky kraj, nova bana",0
198216,1,0,"zilinsky kraj, ruzomberok",0
198217,1,0,"kosicky kraj, spisska nova ves",17
198277,1,1,"presovsky kraj, stara lubovna",0
198368,0,0,"nitriansky kraj, levice",0
198369,1,1,"banskobystricky kraj, zvolen",16
198370,0,0,"banskobystricky kraj, lucenec",0
198371,0,1,"bratislavsky kraj, bratislava - petrzalka",15
198373,0,1,"trenciansky kraj, prievidza",0
198374,1,0,"zilinsky kraj, martin",0
198384,0,1,"zahranicie, zahranicie - gb",13
198385,1,1,"presovsky kraj, levoca",15
198386,0,1,"kosicky kraj, kosice - okolie",0
198387,0,0,"nitriansky kraj, nitra",15
198388,1,1,"trnavsky kraj, senica",0
198389,1,1,"nitriansky kraj, vrable",16
198404,1,0,"banskobystricky kraj, ziar nad hronom",0
198405,1,0,"zilinsky kraj, namestovo",0
198408,0,0,"trenciansky kraj, dubnica nad vahom",11
198411,1,1,"nitriansky kraj, topolcany",15
198413,1,0,"presovsky kraj, presov",16
198414,0,1,"kosicky kraj, michalovce",0
198416,0,0,"kosicky kraj, michalovce",20
198450,0,1,"trenciansky kraj, nove mesto nad vahom",19
198485,1,1,"presovsky kraj, svidnik",17
198486,1,1,"trenciansky kraj, dubnica nad vahom",0
198487,0,0,"banskobystricky kraj, banska bystrica",31
198488,1,0,"nitriansky kraj, sala",17
198489,1,1,"banskobystricky kraj, hrinova",0
198490,0,0,"kosicky kraj, kosice - sidlisko tahanovce",20
198499,0,1,"kosicky kraj, kosice - okolie",22
198502,0,1,"trenciansky kraj, banovce nad bebravou",15
198505,1,1,"presovsky kraj, medzilaborce",12
198506,0,0,"presovsky kraj, presov",16
198507,1,0,"kosicky kraj, kosice - juh",0
198575,1,0,"nitriansky kraj, topolcany",0
198587,1,0,"zilinsky kraj, liptovsky mikulas",0
198588,0,0,"presovsky kraj, presov",0
198589,0,0,"kosicky kraj, kosice - okolie",0
198590,0,0,"presovsky kraj, medzilaborce",21
198591,1,0,"zilinsky kraj, martin",0
198593,0,0,"trenciansky kraj, povazska bystrica",10
198596,0,0,"kosicky kraj, kosice - zapad",15
198597,1,1,"nitriansky kraj, zlate moravce",16
198624,0,0,"kosicky kraj, kosice - zapad",0
198625,1,0,"trenciansky kraj, trencin",14
198626,0,0,"presovsky kraj, bardejov",18
198645,1,0,"zahranicie, zahranicie - rakusko",0
198705,0,0,"trnavsky kraj, trnava",0
198707,1,0,"kosicky kraj, trebisov",0
198708,0,1,"kosicky kraj, sobrance",0
198709,0,0,"kosicky kraj, kosice - zapad",0
198712,1,1,"bratislavsky kraj, malacky",13
198713,1,0,"banskobystricky kraj, krupina",15
198714,1,0,"bratislavsky kraj, modra",0
198715,0,0,"zilinsky kraj, trstena",0
198899,1,0,"trenciansky kraj, trencin",17
198912,0,0,"zahranicie, zahranicie - ostatne",0
199099,0,0,"zahranicie, zahranicie - francuzsko",0
199103,0,0,"bratislavsky kraj, malacky",0
199104,1,0,"nitriansky kraj, nitra",0
199105,0,0,"kosicky kraj, michalovce",0
199106,0,0,"kosicky kraj, spisska nova ves",22
199107,1,0,"zahranicie, zahranicie - ostatne",0
199109,0,0,"zahranicie, zahranicie - ostatne",12
199111,0,0,"zahranicie, zahranicie - ostatne",0
199113,1,0,"presovsky kraj, snina",19
199165,1,0,"banskobystricky kraj, banska bystrica",0
199225,1,0,"trenciansky kraj, banovce nad bebravou",0
199228,1,1,"trnavsky kraj, senica",17
199230,1,1,"presovsky kraj, vranov nad toplou",17
199231,0,1,"kosicky kraj, kosice - stare mesto",0
199232,1,1,"kosicky kraj, trebisov",13
199233,1,1,"trnavsky kraj, piestany",19
199234,1,0,"kosicky kraj, kosice - okolie",19
199246,1,0,"kosicky kraj, kosice - okolie",21
199248,0,1,"zahranicie, zahranicie - australia",0
199249,1,1,"zahranicie, zahranicie - francuzsko",0
199250,0,0,"kosicky kraj, trebisov",0
199251,0,1,"kosicky kraj, kosice - zapad",23
199253,1,0,"kosicky kraj, kosice - zapad",21
199254,1,0,"presovsky kraj, stara lubovna",0
199256,0,1,"nitriansky kraj, nitra",14
199257,0,0,"zahranicie, zahranicie - ostatne",0
199258,0,1,"kosicky kraj, secovce",0
199259,1,0,"zilinsky kraj, tvrdosin",0
199260,1,1,"kosicky kraj, gelnica",0
199261,0,0,"kosicky kraj, velke kapusany",22
199263,0,0,"presovsky kraj, humenne",0
199285,0,0,"trnavsky kraj, velky meder",0
199309,1,1,"zahranicie, zahranicie - kanada",16
199310,0,1,"kosicky kraj, roznava",0
199312,1,0,"trnavsky kraj, piestany",0
199315,0,0,"kosicky kraj, kosice - juh",16
199317,0,0,"bratislavsky kraj, pezinok",0
199319,1,0,"trenciansky kraj, partizanske",0
199321,0,0,"kosicky kraj, kosice - dargovskych hrdinov",17
199322,0,1,"banskobystricky kraj, banska bystrica",0
199323,1,1,"kosicky kraj, trebisov",0
199375,0,1,"presovsky kraj, levoca",19
199377,0,0,"trenciansky kraj, trencin",18
199379,0,0,"banskobystricky kraj, ziar nad hronom",0
199381,1,1,"banskobystricky kraj, krupina",22
199424,0,0,"presovsky kraj, bardejov",0
199426,0,0,"trenciansky kraj, trencin",15
199428,1,0,"bratislavsky kraj, bratislava - devinska nova ves",111
199430,0,0,"kosicky kraj, kosice - stare mesto",19
199431,1,1,"kosicky kraj, kosice - sidlisko tahanovce",17
199433,0,0,"zahranicie, zahranicie - kanada",0
199522,0,0,"zilinsky kraj, liptovsky mikulas",0
199523,1,1,"bratislavsky kraj, malacky",18
199524,1,0,"kosicky kraj, michalovce",14
199526,0,0,"zahranicie, zahranicie - australia",0
199535,1,1,"presovsky kraj, stara lubovna",12
199536,0,0,"zilinsky kraj, martin",0
199538,1,0,"presovsky kraj, poprad",29
199539,0,0,"nitriansky kraj, topolcany",17
199540,0,0,"kosicky kraj, michalovce",17
199542,1,0,"trenciansky kraj, puchov",15
199543,0,0,"kosicky kraj, kosice - ostatne",0
199544,1,0,"banskobystricky kraj, detva",24
199545,1,0,"nitriansky kraj, zlate moravce",0
199546,0,0,"zilinsky kraj, dolny kubin",0
199600,0,0,"zahranicie, zahranicie - ostatne",0
199604,0,0,"kosicky kraj, spisska nova ves",0
199656,0,0,"banskobystricky kraj, lucenec",19
199712,0,1,"presovsky kraj, snina",18
199713,1,1,"kosicky kraj, kosice - sidlisko tahanovce",17
199714,1,1,"banskobystricky kraj, lucenec",18
199715,1,1,"presovsky kraj, stara lubovna",0
199729,0,0,"presovsky kraj, bardejov",0
199733,0,0,"nitriansky kraj, hurbanovo",0
199735,1,0,"zahranicie, zahranicie - usa",18
199736,0,0,"ceska republika, cz - praha",20
199740,0,0,"zahranicie, zahranicie - ostatne",21
199843,1,1,"presovsky kraj, snina",15
199844,0,0,"trenciansky kraj, puchov",21
199845,0,0,"ceska republika, cz - liberecky kraj",22
199847,1,0,"trnavsky kraj, trnava",16
199849,0,0,"kosicky kraj, spisska nova ves",0
199897,0,0,"zilinsky kraj, ruzomberok",0
199898,0,1,"zilinsky kraj, trstena",22
199950,1,1,"banskobystricky kraj, lucenec",24
199986,0,1,"banskobystricky kraj, krupina",0
199989,0,0,"nitriansky kraj, nove zamky",20
199990,1,0,"trenciansky kraj, puchov",0
199991,0,0,"banskobystricky kraj, brezno",0
199992,0,0,"zahranicie, zahranicie - ostatne",0
199997,1,1,"kosicky kraj, kosice - zapad",38
199999,1,1,"nitriansky kraj, nitra",16
200001,1,0,"trenciansky kraj, nova dubnica",0
200039,0,1,"nitriansky kraj, nove zamky",19
200055,0,0,"nitriansky kraj, topolcany",0
200059,0,0,"kosicky kraj, michalovce",14
200060,1,0,"bratislavsky kraj, bratislava - petrzalka",16
200061,1,0,"trnavsky kraj, senica",17
200064,1,1,"trnavsky kraj, piestany",0
200124,0,0,"nitriansky kraj, topolcany",0
200126,1,0,"presovsky kraj, sabinov",19
200131,0,0,"presovsky kraj, spisska stara ves",0
200132,1,0,"banskobystricky kraj, banska bystrica",14
200133,0,0,"kosicky kraj, kosice - dargovskych hrdinov",15
200145,0,0,"bratislavsky kraj, bratislava - okolie",26
200146,1,0,"zahranicie, zahranicie - usa",0
200237,0,0,"presovsky kraj, kezmarok",22
200276,1,1,"presovsky kraj, presov",17
200277,1,1,"trenciansky kraj, dubnica nad vahom",0
200288,0,1,"kosicky kraj, kosice - okolie",0
200289,0,1,"trnavsky kraj, senica",20
200292,0,1,"banskobystricky kraj, jelsava",0
200293,0,1,"banskobystricky kraj, lucenec",21
200295,1,0,"bratislavsky kraj, bratislava - devinska nova ves",0
200298,0,1,"banskobystricky kraj, banska bystrica",0
200302,0,0,"zahranicie, zahranicie - ostatne",0
200411,1,1,"zahranicie, zahranicie - ostatne",0
200413,0,1,"zahranicie, zahranicie - gb",0
200452,0,0,"bratislavsky kraj, bratislava - karlova ves",14
200453,0,0,"kosicky kraj, spisska nova ves",0
200454,0,0,"kosicky kraj, spisska nova ves",0
200455,0,0,"banskobystricky kraj, lucenec",0
200456,0,0,"banskobystricky kraj, filakovo",14
200457,1,0,"zahranicie, zahranicie - rakusko",0
200458,0,0,"trnavsky kraj, vrbove",0
200533,1,0,"kosicky kraj, kosice - okolie",0
200534,1,0,"kosicky kraj, spisska nova ves",0
200535,1,1,"banskobystricky kraj, banska bystrica",0
200539,1,1,"nitriansky kraj, hurbanovo",20
200541,0,1,"trnavsky kraj, trnava",0
200542,0,0,"trnavsky kraj, senica",0
200543,1,1,"banskobystricky kraj, lucenec",0
200637,1,0,"banskobystricky kraj, revuca",15
200638,1,1,"banskobystricky kraj, poltar",0
200755,1,0,"zilinsky kraj, martin",13
200757,1,0,"zahranicie, zahranicie - usa",16
200758,0,0,"trenciansky kraj, trencin",0
200760,1,0,"trenciansky kraj, dubnica nad vahom",0
200763,1,0,"nitriansky kraj, nove zamky",0
200764,1,0,"presovsky kraj, bardejov",0
200765,0,1,"zilinsky kraj, zilina",0
200767,1,0,"trenciansky kraj, banovce nad bebravou",0
200771,0,1,"kosicky kraj, kosice - zapad",17
200782,1,1,"zahranicie, zahranicie - australia",0
200802,0,1,"nitriansky kraj, nitra",16
200853,0,0,"presovsky kraj, bardejov",0
200854,0,0,"trenciansky kraj, banovce nad bebravou",13
200855,0,0,"trnavsky kraj, trnava",13
200857,1,0,"kosicky kraj, kosice - sidlisko tahanovce",0
200860,1,0,"zahranicie, zahranicie - gb",0
200861,1,1,"presovsky kraj, stropkov",15
200866,1,0,"zilinsky kraj, tvrdosin",15
200867,1,1,"kosicky kraj, roznava",0
201030,0,0,"presovsky kraj, sabinov",14
201031,1,1,"zahranicie, zahranicie - australia",0
201032,1,0,"trenciansky kraj, banovce nad bebravou",0
201033,0,0,"zahranicie, zahranicie - ostatne",0
201034,0,0,"trnavsky kraj, trnava",0
201035,0,0,"kosicky kraj, kosice - stare mesto",0
201037,1,0,"bratislavsky kraj, bratislava - nove mesto",0
201038,1,0,"presovsky kraj, bardejov",0
201039,0,0,"zahranicie, zahranicie - gb",15
201041,1,0,"nitriansky kraj, surany",15
201043,0,1,"banskobystricky kraj, ziar nad hronom",16
201047,1,1,"zilinsky kraj, bytca",5
201049,1,1,"zilinsky kraj, bytca",0
201069,1,1,"nitriansky kraj, topolcany",19
201070,1,1,"trenciansky kraj, partizanske",16
201071,1,0,"presovsky kraj, poprad",20
201072,1,1,"zilinsky kraj, namestovo",0
201188,1,1,"trenciansky kraj, trencin",16
201190,1,0,"trenciansky kraj, partizanske",0
201192,0,0,"kosicky kraj, kosice - okolie",15
201193,0,0,"kosicky kraj, kosice - saca",15
201259,1,0,"bratislavsky kraj, senec",19
201261,0,0,"nitriansky kraj, nove zamky",25
201337,1,1,"kosicky kraj, secovce",0
201338,1,0,"trnavsky kraj, senica",15
201340,1,1,"kosicky kraj, kosice - juh",0
201342,0,0,"presovsky kraj, presov",17
201343,0,0,"trnavsky kraj, hlohovec",15
201344,0,0,"zilinsky kraj, ruzomberok",0
201347,0,0,"kosicky kraj, kosice - sidlisko tahanovce",0
201348,1,0,"kosicky kraj, kosice - krasna nad hornadom",14
201427,0,0,"presovsky kraj, presov",0
201435,1,0,"trenciansky kraj, puchov",16
201436,1,0,"zilinsky kraj, martin",13
201438,0,0,"zilinsky kraj, martin",16
201440,1,0,"nitriansky kraj, surany",0
201441,1,0,"presovsky kraj, humenne",14
201445,0,0,"kosicky kraj, kosice - zapad",21
201447,1,0,"bratislavsky kraj, bratislava - petrzalka",27
201449,0,0,"nitriansky kraj, nove zamky",0
201452,1,0,"trnavsky kraj, leopoldov",0
201514,1,0,"bratislavsky kraj, bratislava - petrzalka",24
201581,1,0,"banskobystricky kraj, rimavska sobota",0
201712,0,1,"zilinsky kraj, zilina",0
201717,1,0,"nitriansky kraj, topolcany",23
201720,0,1,"zilinsky kraj, martin",0
201721,1,0,"nitriansky kraj, topolcany",0
201723,0,0,"nitriansky kraj, nove zamky",15
201725,1,1,"nitriansky kraj, topolcany",0
201727,0,0,"trenciansky kraj, prievidza",16
201731,0,1,"nitriansky kraj, zlate moravce",0
201732,1,0,"presovsky kraj, humenne",0
201846,1,0,"banskobystricky kraj, lucenec",23
201848,0,0,"banskobystricky kraj, lucenec",23
201859,0,1,"nitriansky kraj, komarno",16
201860,1,1,"presovsky kraj, levoca",20
201862,1,0,"presovsky kraj, humenne",0
201863,1,0,"presovsky kraj, presov",13
201865,0,0,"bratislavsky kraj, bratislava - ruzinov",23
201868,1,0,"presovsky kraj, stara lubovna",0
202026,0,1,"kosicky kraj, kosice - juh",21
202089,1,0,"kosicky kraj, spisska nova ves",15
202090,0,0,"zahranicie, zahranicie - usa",0
202091,1,0,"banskobystricky kraj, hrinova",17
202092,0,0,"banskobystricky kraj, ziar nad hronom",13
202093,1,1,"nitriansky kraj, komarno",0
202096,1,0,"zahranicie, zahranicie - usa",0
202098,1,1,"bratislavsky kraj, bratislava - ruzinov",0
202120,0,0,"presovsky kraj, presov",25
202121,1,1,"zilinsky kraj, dolny kubin",0
202122,1,1,"nitriansky kraj, levice",24
202123,0,0,"presovsky kraj, hanusovce nad toplou",0
202124,1,0,"presovsky kraj, podolinec",0
202141,1,0,"nitriansky kraj, topolcany",18
202142,0,0,"kosicky kraj, sobrance",0
202145,0,0,"trenciansky kraj, puchov",0
202146,0,0,"trenciansky kraj, trencin",17
202147,1,0,"banskobystricky kraj, zvolen",0
202148,1,0,"zahranicie, zahranicie - ostatne",0
202151,0,0,"banskobystricky kraj, banska bystrica",15
202153,1,0,"kosicky kraj, gelnica",0
202256,1,1,"presovsky kraj, svidnik",0
202257,0,0,"kosicky kraj, kosice - ostatne",0
202258,0,1,"nitriansky kraj, nove zamky",0
202260,1,0,"presovsky kraj, presov",23
202265,0,0,"presovsky kraj, bardejov",0
202267,1,0,"bratislavsky kraj, bratislava - okolie",0
202292,1,1,"zilinsky kraj, liptovsky hradok",23
202293,0,1,"kosicky kraj, kosice - okolie",21
202294,1,0,"presovsky kraj, presov",0
202486,0,0,"nitriansky kraj, nitra",19
202498,1,0,"trnavsky kraj, hlohovec",22
202499,1,0,"nitriansky kraj, zlate moravce",23
202500,0,0,"nitriansky kraj, topolcany",22
202578,0,0,"nitriansky kraj, topolcany",0
202579,1,0,"presovsky kraj, stara lubovna",0
202583,0,0,"nitriansky kraj, nitra",0
202584,0,0,"trnavsky kraj, trnava",15
202585,1,1,"zilinsky kraj, cadca",0
202586,1,1,"banskobystricky kraj, lucenec",14
202587,1,0,"nitriansky kraj, nitra",13
202588,1,0,"presovsky kraj, presov",14
202618,1,0,"kosicky kraj, sobrance",25
202646,0,0,"zahranicie, zahranicie - ostatne",0
202647,1,0,"trnavsky kraj, trnava",0
202648,1,0,"kosicky kraj, kosice - juh",0
202649,1,0,"presovsky kraj, sabinov",0
202651,0,0,"trenciansky kraj, prievidza",0
202654,1,0,"zilinsky kraj, dolny kubin",13
202655,1,0,"kosicky kraj, michalovce",0
202656,0,0,"banskobystricky kraj, lucenec",0
202717,1,0,"bratislavsky kraj, pezinok",0
202719,1,0,"zilinsky kraj, ruzomberok",14
202720,1,0,"zilinsky kraj, cadca",26
202721,0,0,"zahranicie, zahranicie - nemecko",0
202737,0,0,"banskobystricky kraj, hnusta",0
202739,0,0,"presovsky kraj, vranov nad toplou",0
202742,0,0,"trenciansky kraj, nemsova",0
202743,1,0,"kosicky kraj, roznava",0
202744,0,0,"trenciansky kraj, trencin",0
202750,0,0,"banskobystricky kraj, brezno",0
202799,0,0,"zilinsky kraj, bytca",15
202852,0,0,"banskobystricky kraj, lucenec",0
202869,0,0,"trnavsky kraj, trnava",0
202871,1,0,"trenciansky kraj, puchov",14
202872,0,0,"presovsky kraj, stara lubovna",0
202874,1,0,"trenciansky kraj, povazska bystrica",0
202875,1,0,"nitriansky kraj, zeliezovce",0
202877,1,0,"kosicky kraj, kosice - zapad",9
202878,1,0,"bratislavsky kraj, bratislava - vrakuna",0
202881,1,0,"trnavsky kraj, piestany",0
202884,1,1,"kosicky kraj, michalovce",21
202885,0,0,"kosicky kraj, spisska nova ves",24
202982,0,0,"kosicky kraj, spisska nova ves",0
203059,1,0,"trenciansky kraj, nove mesto nad vahom",0
203061,1,0,"trnavsky kraj, senica",10
203075,0,0,"presovsky kraj, snina",0
203076,0,0,"bratislavsky kraj, bratislava - raca",0
203077,1,1,"presovsky kraj, presov",0
203079,1,0,"bratislavsky kraj, bratislava - ruzinov",18
203156,1,1,"nitriansky kraj, surany",15
203158,0,1,"trenciansky kraj, dubnica nad vahom",20
203159,1,0,"zahranicie, zahranicie - usa",14
203160,0,0,"nitriansky kraj, nove zamky",0
203256,1,1,"banskobystricky kraj, lucenec",0
203258,1,1,"presovsky kraj, presov",12
203260,1,0,"kosicky kraj, kosice - okolie",13
203263,0,1,"zilinsky kraj, zilina",0
203264,1,0,"banskobystricky kraj, zvolen",16
203284,1,0,"presovsky kraj, stara lubovna",13
203285,1,1,"presovsky kraj, poprad",18
203286,1,0,"bratislavsky kraj, bratislava - nove mesto",0
203415,1,0,"kosicky kraj, trebisov",19
203425,0,0,"nitriansky kraj, nitra",0
203426,0,0,"trnavsky kraj, piestany",24
203585,1,0,"zilinsky kraj, zilina",0
203588,1,0,"kosicky kraj, kosice - okolie",0
203589,0,0,"kosicky kraj, kosice - krasna nad hornadom",0
203594,0,0,"nitriansky kraj, hurbanovo",24
203595,1,0,"zilinsky kraj, liptovsky hradok",19
203670,0,0,"bratislavsky kraj, bratislava - petrzalka",21
203671,1,0,"kosicky kraj, kosice - okolie",17
203673,1,0,"trenciansky kraj, banovce nad bebravou",0
203719,0,0,"kosicky kraj, kosice - juh",0
203723,0,0,"zilinsky kraj, liptovsky mikulas",0
203725,0,0,"zilinsky kraj, zilina",0
203727,1,0,"trnavsky kraj, sered",0
203729,0,0,"zahranicie, zahranicie - usa",0
203731,1,1,"kosicky kraj, roznava",24
203733,0,0,"nitriansky kraj, nitra",0
203735,1,0,"zilinsky kraj, zilina",0
203744,0,0,"banskobystricky kraj, ziar nad hronom",0
203902,0,0,"bratislavsky kraj, bratislava - nove mesto",14
203903,1,1,"presovsky kraj, presov",0
203904,1,0,"zahranicie, zahranicie - usa",15
203907,0,0,"kosicky kraj, kosice - dargovskych hrdinov",0
203945,1,0,"zahranicie, zahranicie - nemecko",24
203948,1,1,"presovsky kraj, poprad",0
203950,0,0,"trnavsky kraj, velky meder",21
203955,1,1,"kosicky kraj, kosice - ostatne",0
203957,1,0,"nitriansky kraj, nove zamky",21
203959,1,0,"zilinsky kraj, martin",25
204076,0,0,"zilinsky kraj, martin",17
204077,0,1,"trnavsky kraj, trnava",14
204078,1,1,"presovsky kraj, stara lubovna",11
204082,1,0,"trenciansky kraj, partizanske",0
204084,1,0,"presovsky kraj, snina",15
204085,1,0,"zilinsky kraj, namestovo",11
204146,0,0,"kosicky kraj, spisska nova ves",18
204147,0,1,"zahranicie, zahranicie - ostatne",24
204148,1,0,"kosicky kraj, kosice - dargovskych hrdinov",23
204152,1,0,"presovsky kraj, snina",21
204154,0,0,"kosicky kraj, kosice - stare mesto",25
204218,1,0,"kosicky kraj, michalovce",0
204219,0,0,"kosicky kraj, trebisov",0
204220,0,0,"zilinsky kraj, martin",17
204221,1,0,"nitriansky kraj, levice",0
204222,1,0,"zahranicie, zahranicie - gb",0
204227,0,0,"presovsky kraj, bardejov",0
204229,0,0,"zahranicie, zahranicie - ostatne",0
204234,0,0,"trenciansky kraj, trencin",0
204339,0,0,"zahranicie, zahranicie - ostatne",0
204340,1,0,"zahranicie, zahranicie - gb",17
204341,1,0,"zilinsky kraj, tvrdosin",15
204342,0,1,"kosicky kraj, secovce",15
204344,0,1,"kosicky kraj, kosice - okolie",0
204346,1,0,"ceska republika, cz - praha",0
204347,0,0,"trnavsky kraj, piestany",0
204361,0,0,"trenciansky kraj, puchov",23
204362,0,0,"kosicky kraj, kosice - dargovskych hrdinov",26
204363,1,1,"zahranicie, zahranicie - francuzsko",0
204460,1,0,"presovsky kraj, poprad",0
204461,0,1,"zahranicie, zahranicie - usa",17
204464,0,0,"kosicky kraj, kosice - sever",0
204465,0,1,"nitriansky kraj, zeliezovce",17
204466,0,0,"trenciansky kraj, myjava",12
204468,1,0,"zilinsky kraj, namestovo",0
204473,0,0,"trnavsky kraj, galanta",16
204474,0,0,"kosicky kraj, michalovce",0
204543,1,0,"zilinsky kraj, namestovo",0
204544,0,0,"presovsky kraj, snina",16
204548,0,0,"zilinsky kraj, zilina",0
204550,1,0,"kosicky kraj, roznava",0
204552,1,0,"banskobystricky kraj, banska bystrica",15
204558,1,0,"zilinsky kraj, zilina",0
204560,0,0,"zahranicie, zahranicie - ostatne",0
204561,1,0,"zilinsky kraj, liptovsky mikulas",16
204576,0,0,"nitriansky kraj, levice",0
204843,0,1,"kosicky kraj, kosice - dargovskych hrdinov",16
204844,0,0,"banskobystricky kraj, zvolen",0
204847,0,0,"zilinsky kraj, turcianske teplice",0
204848,1,1,"trenciansky kraj, prievidza",15
204850,0,1,"zahranicie, zahranicie - ostatne",0
204851,1,0,"trenciansky kraj, partizanske",14
204852,1,0,"banskobystricky kraj, revuca",0
204853,0,0,"nitriansky kraj, levice",15
205039,1,0,"trnavsky kraj, trnava",14
205041,0,0,"banskobystricky kraj, zvolen",14
205043,0,1,"nitriansky kraj, topolcany",16
205051,1,1,"trnavsky kraj, trnava",27
205090,1,0,"trnavsky kraj, hlohovec",0
205094,1,0,"kosicky kraj, trebisov",0
205095,1,1,"trenciansky kraj, puchov",0
205096,1,1,"nitriansky kraj, nove zamky",0
205098,0,0,"presovsky kraj, levoca",0
205100,0,0,"trenciansky kraj, banovce nad bebravou",24
205130,0,1,"trenciansky kraj, prievidza",19
205207,0,0,"zahranicie, zahranicie - ostatne",0
205210,1,1,"banskobystricky kraj, banska bystrica",22
205212,1,1,"banskobystricky kraj, lucenec",0
205215,0,1,"nitriansky kraj, nove zamky",20
205216,1,1,"kosicky kraj, michalovce",25
205295,1,1,"zilinsky kraj, tvrdosin",0
205353,0,0,"zahranicie, zahranicie - ostatne",0
205384,1,0,"presovsky kraj, vranov nad toplou",0
205386,1,0,"banskobystricky kraj, lucenec",13
205388,1,1,"zilinsky kraj, zilina",12
205390,1,0,"zilinsky kraj, namestovo",15
205391,1,0,"bratislavsky kraj, bratislava - petrzalka",25
205422,1,0,"bratislavsky kraj, bratislava - ruzinov",21
205653,0,0,"nitriansky kraj, topolcany",20
205654,0,0,"kosicky kraj, kosice - zapad",0
205655,1,0,"zahranicie, zahranicie - usa",18
205836,1,1,"zilinsky kraj, zilina",0
205840,1,0,"zilinsky kraj, dolny kubin",18
205989,1,0,"trenciansky kraj, prievidza",0
206217,1,0,"kosicky kraj, trebisov",16
206221,0,0,"kosicky kraj, spisska nova ves",20
206503,1,1,"presovsky kraj, kezmarok",18
206504,0,0,"trnavsky kraj, senica",26
206505,0,0,"nitriansky kraj, sala",22
206506,0,0,"trenciansky kraj, prievidza",0
206507,0,0,"presovsky kraj, humenne",0
206509,1,1,"nitriansky kraj, topolcany",22
206595,1,1,"banskobystricky kraj, hrinova",0
206596,1,0,"trenciansky kraj, puchov",21
206634,1,1,"kosicky kraj, michalovce",20
206635,1,0,"banskobystricky kraj, sliac",15
206637,1,1,"banskobystricky kraj, hnusta",0
207010,1,1,"nitriansky kraj, levice",0
207517,0,0,"bratislavsky kraj, bratislava - petrzalka",25
207617,0,0,"presovsky kraj, bardejov",0
207691,0,1,"nitriansky kraj, vrable",16
207693,0,1,"zilinsky kraj, trstena",0
207695,0,0,"nitriansky kraj, nove zamky",18
207699,0,0,"nitriansky kraj, levice",29
207700,0,0,"presovsky kraj, humenne",0
207701,1,0,"trenciansky kraj, partizanske",32
207702,1,1,"zilinsky kraj, martin",19
207914,1,0,"trenciansky kraj, prievidza",24
208062,0,1,"zahranicie, zahranicie - ostatne",0
208063,1,0,"nitriansky kraj, topolcany",17
208126,1,1,"banskobystricky kraj, velky krtis",20
208187,0,1,"nitriansky kraj, nove zamky",26
208189,0,1,"kosicky kraj, kosice - okolie",19
208190,0,0,"kosicky kraj, kosice - okolie",23
208191,0,1,"kosicky kraj, trebisov",0
208192,0,0,"presovsky kraj, kezmarok",27
208327,0,0,"zahranicie, zahranicie - francuzsko",0
208334,0,0,"trenciansky kraj, povazska bystrica",0
208465,1,0,"banskobystricky kraj, ziar nad hronom",0
208582,1,0,"presovsky kraj, presov",0
208583,1,1,"zilinsky kraj, tvrdosin",13
208584,0,0,"zahranicie, zahranicie - nemecko",17
208667,1,1,"nitriansky kraj, zlate moravce",0
208673,1,0,"presovsky kraj, poprad",0
208674,1,0,"presovsky kraj, stara lubovna",23
208676,1,0,"zilinsky kraj, ruzomberok",0
208847,1,1,"kosicky kraj, trebisov",25
208848,1,0,"zilinsky kraj, zilina",19
208849,0,0,"zilinsky kraj, zilina",0
208971,0,0,"presovsky kraj, poprad",14
208972,1,1,"bratislavsky kraj, malacky",0
208973,1,1,"nitriansky kraj, levice",21
208976,1,0,"presovsky kraj, spisske podhradie",17
209006,1,0,"kosicky kraj, spisska nova ves",15
209020,1,0,"trenciansky kraj, nove mesto nad vahom",18
209205,0,0,"nitriansky kraj, surany",0
209207,0,0,"presovsky kraj, poprad",0
209208,0,1,"bratislavsky kraj, bratislava - stare mesto",23
209211,0,0,"nitriansky kraj, nove zamky",17
209213,0,0,"zahranicie, zahranicie - ostatne",0
209347,1,0,"kosicky kraj, kosice - sidlisko tahanovce",19
209348,0,0,"kosicky kraj, kosice - okolie",0
209349,1,1,"trnavsky kraj, hlohovec",0
209350,1,1,"zilinsky kraj, kysucke nove mesto",21
209351,1,0,"trenciansky kraj, dubnica nad vahom",15
209353,1,1,"trenciansky kraj, prievidza",24
209447,1,0,"kosicky kraj, trebisov",20
209523,1,0,"trenciansky kraj, dubnica nad vahom",0
209524,1,1,"trenciansky kraj, handlova",21
209532,1,0,"presovsky kraj, stara lubovna",21
209732,0,0,"nitriansky kraj, topolcany",0
209733,1,0,"presovsky kraj, bardejov",0
210007,1,1,"presovsky kraj, poprad",24
210013,0,0,"nitriansky kraj, nove zamky",21
210015,1,0,"trnavsky kraj, piestany",24
210233,0,1,"zahranicie, zahranicie - ostatne",22
210234,0,0,"trnavsky kraj, trnava",29
210236,1,0,"bratislavsky kraj, pezinok",21
210237,0,0,"nitriansky kraj, vrable",22
210302,0,0,"nitriansky kraj, sala",25
210330,0,1,"kosicky kraj, kosice - dargovskych hrdinov",18
210403,0,0,"zahranicie, zahranicie - ostatne",0
210413,1,0,"trenciansky kraj, puchov",18
210415,0,1,"zilinsky kraj, martin",24
210420,0,0,"zahranicie, zahranicie - australia",15
210421,0,1,"nitriansky kraj, topolcany",17
210422,0,0,"kosicky kraj, strazske",16
210437,1,1,"presovsky kraj, presov",0
210496,0,0,"zilinsky kraj, zilina",0
210497,1,0,"kosicky kraj, kosice - zapad",16
210498,0,0,"zilinsky kraj, zilina",0
210499,1,0,"nitriansky kraj, topolcany",0
210501,1,0,"trenciansky kraj, prievidza",0
210502,1,1,"zilinsky kraj, dolny kubin",0
210503,0,1,"banskobystricky kraj, banska bystrica",21
210504,1,0,"nitriansky kraj, nitra",20
210505,1,0,"bratislavsky kraj, bratislava - karlova ves",23
210840,1,1,"trenciansky kraj, trencin",29
210841,0,0,"kosicky kraj, roznava",17
210842,1,0,"zilinsky kraj, bytca",0
210843,1,0,"presovsky kraj, presov",18
210844,0,0,"nitriansky kraj, levice",20
211040,1,1,"presovsky kraj, poprad",22
211041,1,1,"banskobystricky kraj, zarnovica",25
211042,0,0,"zilinsky kraj, liptovsky mikulas",22
211261,1,1,"zilinsky kraj, tvrdosin",15
211262,1,0,"banskobystricky kraj, banska bystrica",23
211263,0,1,"presovsky kraj, sabinov",0
211540,0,1,"banskobystricky kraj, banska bystrica",31
211541,0,0,"kosicky kraj, kosice - okolie",0
211544,1,1,"banskobystricky kraj, rimavska sobota",21
211545,0,0,"zilinsky kraj, martin",0
211546,0,1,"zilinsky kraj, ruzomberok",0
211635,0,1,"zahranicie, zahranicie - ostatne",27
211755,1,1,"bratislavsky kraj, bratislava - ruzinov",0
211756,0,0,"zahranicie, zahranicie - ostatne",19
211761,1,1,"trenciansky kraj, trencin",0
211763,0,1,"trenciansky kraj, prievidza",22
211768,1,1,"zahranicie, zahranicie - usa",19
211770,0,0,"zahranicie, zahranicie - nemecko",19
212363,1,0,"presovsky kraj, poprad",25
212407,0,1,"banskobystricky kraj, brezno",21
212544,1,1,"kosicky kraj, kosice - sever",15
212560,0,0,"kosicky kraj, kosice - dargovskych hrdinov",22
212561,0,1,"presovsky kraj, svit",19
212563,0,1,"kosicky kraj, kosice - okolie",0
212564,1,0,"nitriansky kraj, topolcany",19
212787,0,0,"banskobystricky kraj, revuca",23
212807,1,0,"zilinsky kraj, bytca",16
212873,0,0,"trenciansky kraj, trencin",0
213002,1,0,"zilinsky kraj, cadca",28
213003,1,1,"trenciansky kraj, prievidza",16
213004,0,1,"kosicky kraj, trebisov",17
213005,0,0,"zahranicie, zahranicie - ostatne",0
213006,1,0,"zahranicie, zahranicie - francuzsko",17
213007,0,1,"presovsky kraj, sabinov",24
213008,1,0,"trnavsky kraj, senica",0
213010,1,1,"presovsky kraj, presov",0
213170,0,0,"trenciansky kraj, trencin",0
213173,1,0,"banskobystricky kraj, zvolen",0
213176,0,0,"kosicky kraj, kosice - okolie",19
213214,0,0,"nitriansky kraj, topolcany",16
213215,1,1,"trnavsky kraj, hlohovec",0
213392,1,0,"nitriansky kraj, nitra",0
213393,0,0,"nitriansky kraj, nove zamky",22
213398,0,1,"zahranicie, zahranicie - ostatne",23
213494,0,0,"zilinsky kraj, namestovo",0
213522,1,0,"nitriansky kraj, hurbanovo",13
213536,0,0,"presovsky kraj, kezmarok",23
213538,1,0,"kosicky kraj, kosice - okolie",26
213769,0,1,"kosicky kraj, kosice - stare mesto",24
213770,1,0,"trenciansky kraj, puchov",17
213771,1,0,"presovsky kraj, poprad",0
213772,1,0,"trenciansky kraj, dubnica nad vahom",19
214006,0,0,"trenciansky kraj, bojnice",0
214007,0,1,"presovsky kraj, poprad",24
214115,1,1,"trnavsky kraj, trnava",0
214116,0,0,"trenciansky kraj, puchov",19
214117,1,0,"banskobystricky kraj, banska bystrica",16
214118,0,0,"kosicky kraj, trebisov",22
214119,0,0,"banskobystricky kraj, zvolen",20
214154,1,1,"banskobystricky kraj, detva",24
214257,0,1,"zilinsky kraj, namestovo",0
214258,0,1,"presovsky kraj, kezmarok",0
214259,0,0,"banskobystricky kraj, lucenec",18
214261,1,0,"banskobystricky kraj, banska bystrica",0
214264,1,1,"kosicky kraj, kosice - okolie",17
214265,0,0,"presovsky kraj, presov",0
214267,1,1,"zahranicie, zahranicie - usa",22
214436,1,0,"zilinsky kraj, liptovsky mikulas",0
214437,1,0,"presovsky kraj, presov",0
214439,1,0,"kosicky kraj, strazske",16
214524,1,1,"trenciansky kraj, prievidza",0
214525,1,0,"ceska republika, cz - ustecky kraj",0
214526,1,1,"banskobystricky kraj, hrinova",19
214527,1,0,"trenciansky kraj, bojnice",17
214779,1,0,"presovsky kraj, presov",25
214780,1,0,"trenciansky kraj, trencin",0
214784,0,1,"presovsky kraj, vranov nad toplou",18
214786,0,1,"presovsky kraj, poprad",0
214788,0,0,"kosicky kraj, kosice - ostatne",0
214791,1,0,"presovsky kraj, stara lubovna",13
214807,1,0,"presovsky kraj, presov",22
214843,0,1,"banskobystricky kraj, banska bystrica",0
215011,1,0,"nitriansky kraj, nitra",17
215013,0,0,"banskobystricky kraj, banska bystrica",18
215015,1,1,"banskobystricky kraj, hnusta",0
215016,0,0,"trenciansky kraj, trencin",20
215017,1,1,"bratislavsky kraj, malacky",24
215018,0,1,"zilinsky kraj, rajec",0
215019,1,0,"zahranicie, zahranicie - gb",28
215153,1,1,"nitriansky kraj, nitra",19
215154,1,1,"trenciansky kraj, partizanske",21
215155,1,1,"zilinsky kraj, martin",15
215157,1,1,"presovsky kraj, stara lubovna",19
215321,0,0,"presovsky kraj, vranov nad toplou",23
215322,1,0,"trenciansky kraj, prievidza",18
215323,0,1,"zilinsky kraj, tvrdosin",16
215324,0,0,"presovsky kraj, humenne",22
215325,1,0,"bratislavsky kraj, bratislava - ruzinov",0
215326,0,0,"nitriansky kraj, zeliezovce",0
215327,0,0,"trnavsky kraj, senica",0
215328,1,1,"kosicky kraj, kosice - krasna nad hornadom",0
215329,1,0,"zilinsky kraj, cadca",14
215529,0,0,"zilinsky kraj, martin",26
215557,0,1,"zahranicie, zahranicie - ostatne",23
215558,0,1,"trnavsky kraj, hlohovec",0
215559,0,0,"zilinsky kraj, dolny kubin",0
215560,1,0,"zahranicie, zahranicie - gb",0
215561,0,1,"presovsky kraj, presov",21
215584,1,0,"banskobystricky kraj, zvolen",24
215660,0,1,"kosicky kraj, spisska nova ves",0
215715,0,0,"kosicky kraj, kosice - sidlisko tahanovce",0
215718,0,0,"trnavsky kraj, piestany",0
215727,1,0,"trenciansky kraj, ilava",20
215729,1,0,"presovsky kraj, levoca",0
215885,0,0,"banskobystricky kraj, zvolen",19
215886,1,0,"trenciansky kraj, prievidza",0
215887,1,1,"trnavsky kraj, piestany",21
215888,0,0,"zahranicie, zahranicie - gb",15
215889,1,0,"banskobystricky kraj, detva",26
215890,1,0,"bratislavsky kraj, bratislava - ostatne",18
215891,1,0,"presovsky kraj, humenne",0
215892,1,1,"banskobystricky kraj, revuca",17
215893,0,0,"trenciansky kraj, handlova",0
215894,0,1,"trenciansky kraj, prievidza",18
215895,0,0,"banskobystricky kraj, ziar nad hronom",15
215896,0,1,"trenciansky kraj, trencin",16
215897,0,1,"presovsky kraj, humenne",0
215898,1,0,"presovsky kraj, vranov nad toplou",17
215899,0,1,"zahranicie, zahranicie - australia",0
215900,0,0,"nitriansky kraj, sala",0
216042,1,1,"kosicky kraj, michalovce",0
216043,0,0,"kosicky kraj, michalovce",22
216044,0,0,"ceska republika, cz - ostravsky kraj",22
216045,0,0,"zilinsky kraj, liptovsky mikulas",21
216046,1,0,"presovsky kraj, snina",17
216047,1,1,"banskobystricky kraj, hnusta",30
216048,1,0,"nitriansky kraj, nitra",17
216049,1,0,"zahranicie, zahranicie - usa",17
216050,0,1,"ceska republika, cz - zlinsky kraj",12
216051,1,0,"zilinsky kraj, trstena",0
216057,0,0,"banskobystricky kraj, zvolen",24
216069,1,0,"banskobystricky kraj, brezno",15
216084,0,0,"trenciansky kraj, prievidza",25
216085,0,0,"banskobystricky kraj, ziar nad hronom",0
216086,1,1,"presovsky kraj, lipany",21
216087,1,0,"bratislavsky kraj, bratislava - nove mesto",19
216088,0,0,"presovsky kraj, poprad",26
216190,1,1,"bratislavsky kraj, bratislava - ostatne",23
216191,1,0,"presovsky kraj, vranov nad toplou",0
216192,1,0,"zilinsky kraj, zilina",0
216193,1,0,"zilinsky kraj, zilina",0
216194,1,0,"zilinsky kraj, namestovo",12
216195,1,0,"kosicky kraj, kosice - okolie",13
216196,0,0,"trenciansky kraj, prievidza",14
216197,1,0,"trenciansky kraj, trencin",14
216318,0,1,"zahranicie, zahranicie - gb",21
216320,0,0,"trenciansky kraj, nove mesto nad vahom",0
216322,0,0,"nitriansky kraj, nove zamky",18
216325,0,1,"trnavsky kraj, sered",16
216327,1,1,"nitriansky kraj, levice",18
216330,0,0,"kosicky kraj, kosice - juh",0
216331,1,1,"kosicky kraj, roznava",16
216333,0,0,"trenciansky kraj, trencin",0
216335,1,1,"zilinsky kraj, cadca",0
216336,0,1,"presovsky kraj, poprad",19
216361,0,1,"trenciansky kraj, povazska bystrica",0
216422,1,0,"bratislavsky kraj, bratislava - nove mesto",15
216423,1,1,"trnavsky kraj, skalica",0
216424,1,0,"trnavsky kraj, piestany",0
216425,1,0,"kosicky kraj, trebisov",0
216426,0,1,"zilinsky kraj, martin",40
216427,0,0,"presovsky kraj, poprad",18
216428,1,0,"zahranicie, zahranicie - ostatne",28
216429,0,0,"trenciansky kraj, partizanske",16
216430,0,0,"ceska republika, cz - praha",0
216431,0,0,"kosicky kraj, kosice - stare mesto",0
216432,0,0,"trnavsky kraj, skalica",0
216433,1,0,"kosicky kraj, trebisov",16
216434,0,0,"banskobystricky kraj, filakovo",0
216435,0,0,"kosicky kraj, kosice - ostatne",0
216532,1,1,"zilinsky kraj, turzovka",16
216533,0,0,"kosicky kraj, kosice - sever",0
216534,1,1,"trenciansky kraj, prievidza",15
216604,0,0,"nitriansky kraj, nitra",22
216605,1,0,"trenciansky kraj, novaky",0
216607,1,0,"trenciansky kraj, nova dubnica",16
216608,1,1,"zilinsky kraj, namestovo",12
216609,0,0,"trenciansky kraj, nove mesto nad vahom",0
216613,1,0,"kosicky kraj, kosice - dargovskych hrdinov",11
216620,1,1,"trenciansky kraj, handlova",16
216626,0,0,"kosicky kraj, gelnica",0
216627,1,0,"banskobystricky kraj, velky krtis",0
216629,1,0,"trnavsky kraj, senica",13
216631,0,0,"presovsky kraj, lipany",19
216742,1,0,"kosicky kraj, sobrance",19
216743,0,0,"banskobystricky kraj, banska bystrica",16
216744,0,0,"presovsky kraj, humenne",0
216745,1,1,"zilinsky kraj, namestovo",21
216746,1,1,"trenciansky kraj, puchov",22
216790,0,1,"nitriansky kraj, topolcany",16
216854,0,0,"trnavsky kraj, sered",24
216855,0,0,"zahranicie, zahranicie - ostatne",0
216856,1,0,"banskobystricky kraj, detva",22
216857,1,0,"bratislavsky kraj, bratislava - petrzalka",0
216858,1,0,"bratislavsky kraj, bratislava - petrzalka",16
216859,1,1,"trenciansky kraj, nove mesto nad vahom",14
216860,1,1,"bratislavsky kraj, malacky",12
216861,1,0,"kosicky kraj, spisska nova ves",0
216862,1,1,"bratislavsky kraj, bratislava - podunaj. biskupice",20
216863,0,0,"zilinsky kraj, zilina",16
216864,1,0,"kosicky kraj, kosice - zapad",26
216882,0,0,"nitriansky kraj, nitra",0
216883,0,0,"presovsky kraj, poprad",22
216884,1,1,"zilinsky kraj, turzovka",0
216885,0,0,"bratislavsky kraj, bratislava - podunaj. biskupice",0
216890,0,0,"ceska republika, cz - ustecky kraj",0
216957,1,1,"banskobystricky kraj, hrinova",15
216999,1,0,"kosicky kraj, kralovsky chlmec",18
217000,1,1,"zilinsky kraj, zilina",12
217001,0,0,"zahranicie, zahranicie - ostatne",0
217002,1,0,"trnavsky kraj, trnava",0
217004,1,1,"kosicky kraj, michalovce",12
217014,0,0,"nitriansky kraj, nove zamky",14
217035,1,0,"kosicky kraj, spisska nova ves",0
217036,0,0,"kosicky kraj, roznava",0
217037,0,0,"banskobystricky kraj, zarnovica",25
217038,1,0,"zahranicie, zahranicie - ostatne",0
217039,1,0,"presovsky kraj, humenne",20
217040,1,0,"kosicky kraj, kosice - okolie",0
217126,1,0,"trnavsky kraj, hlohovec",20
217143,1,1,"zilinsky kraj, martin",16
217148,1,1,"presovsky kraj, giraltovce",17
217157,1,0,"kosicky kraj, kosice - dargovskych hrdinov",17
217181,1,0,"banskobystricky kraj, ziar nad hronom",13
217182,1,0,"trnavsky kraj, trnava",19
217183,1,0,"trenciansky kraj, trencin",0
217184,1,1,"presovsky kraj, stara lubovna",13
217196,1,1,"zilinsky kraj, martin",19
217211,1,1,"trnavsky kraj, galanta",13
217212,1,1,"zahranicie, zahranicie - gb",0
217213,1,0,"zilinsky kraj, namestovo",11
217214,0,0,"banskobystricky kraj, lucenec",0
217215,0,0,"nitriansky kraj, sala",19
217216,1,1,"nitriansky kraj, sala",27
217217,1,0,"banskobystricky kraj, lucenec",0
217218,0,0,"zahranicie, zahranicie - usa",17
217219,1,0,"zahranicie, zahranicie - usa",15
217268,0,1,"presovsky kraj, svit",0
217282,0,1,"presovsky kraj, svidnik",0
217283,1,1,"presovsky kraj, snina",0
217284,1,1,"trnavsky kraj, hlohovec",17
217285,1,0,"trnavsky kraj, senica",24
217286,1,0,"presovsky kraj, stara lubovna",19
217312,1,0,"bratislavsky kraj, bratislava - okolie",0
217313,0,0,"kosicky kraj, kosice - dargovskych hrdinov",13
217314,0,0,"banskobystricky kraj, banska bystrica",0
217315,0,1,"kosicky kraj, trebisov",18
217316,0,0,"banskobystricky kraj, revuca",19
217317,1,0,"kosicky kraj, kosice - sidlisko tahanovce",21
217318,1,1,"kosicky kraj, kosice - dargovskych hrdinov",89
217319,1,0,"banskobystricky kraj, banska bystrica",0
217320,0,0,"presovsky kraj, velky saris",0
217355,1,1,"kosicky kraj, kosice - okolie",20
217398,1,0,"zahranicie, zahranicie - usa",0
217503,1,1,"presovsky kraj, lipany",11
217509,1,0,"bratislavsky kraj, bratislava - petrzalka",0
217515,0,1,"zahranicie, zahranicie - ostatne",13
217518,1,0,"nitriansky kraj, levice",11
217520,1,0,"kosicky kraj, spisska nova ves",0
217529,1,0,"banskobystricky kraj, lucenec",0
217531,1,1,"presovsky kraj, bardejov",15
217532,1,1,"trnavsky kraj, dunajska streda",17
217533,1,0,"trnavsky kraj, skalica",12
217534,1,1,"zahranicie, zahranicie - usa",0
217535,1,0,"presovsky kraj, giraltovce",13
217536,0,1,"trnavsky kraj, hlohovec",16
217537,1,1,"nitriansky kraj, levice",15
217538,0,0,"kosicky kraj, kosice - okolie",20
217539,0,1,"presovsky kraj, presov",27
217540,1,0,"bratislavsky kraj, bratislava - nove mesto",0
217588,1,0,"zilinsky kraj, namestovo",12
217715,0,0,"nitriansky kraj, zlate moravce",22
217725,0,0,"presovsky kraj, presov",44
217726,1,0,"trenciansky kraj, stara tura",25
217727,1,1,"kosicky kraj, kosice - okolie",17
217728,1,1,"kosicky kraj, kosice - okolie",15
217729,0,0,"trnavsky kraj, senica",0
217730,0,0,"kosicky kraj, trebisov",17
217794,0,1,"zilinsky kraj, namestovo",15
217795,0,0,"kosicky kraj, gelnica",19
217796,1,0,"trenciansky kraj, prievidza",16
217797,1,0,"nitriansky kraj, topolcany",22
217798,1,1,"presovsky kraj, snina",46
217799,1,0,"trnavsky kraj, trnava",12
217801,1,0,"banskobystricky kraj, rimavska sobota",28
217803,1,0,"nitriansky kraj, nitra",0
217805,0,0,"nitriansky kraj, zeliezovce",0
217806,1,0,"zilinsky kraj, zilina",12
217934,1,1,"zilinsky kraj, cadca",15
217936,1,0,"trenciansky kraj, prievidza",18
217938,1,1,"presovsky kraj, spisska bela",24
217940,1,1,"zahranicie, zahranicie - australia",23
217941,1,0,"presovsky kraj, svidnik",26
217942,1,1,"banskobystricky kraj, brezno",15
217993,1,1,"presovsky kraj, humenne",18
217994,1,0,"presovsky kraj, poprad",17
217995,1,0,"kosicky kraj, kosice - barca",0
217996,0,1,"kosicky kraj, trebisov",20
217997,0,1,"nitriansky kraj, nitra",16
217998,1,0,"kosicky kraj, kosice - barca",0
217999,1,0,"trnavsky kraj, holic",0
218000,0,0,"zahranicie, zahranicie - australia",0
218001,1,1,"kosicky kraj, kosice - okolie",12
218002,1,0,"trenciansky kraj, prievidza",0
218003,1,0,"trnavsky kraj, dunajska streda",18
218101,1,0,"nitriansky kraj, nitra",0
218126,1,0,"banskobystricky kraj, banska bystrica",0
218141,0,1,"zilinsky kraj, zilina",0
218142,0,0,"zahranicie, zahranicie - ostatne",0
218144,0,1,"zilinsky kraj, trstena",16
218146,1,1,"trenciansky kraj, handlova",15
218148,1,0,"trnavsky kraj, skalica",0
218151,1,0,"zahranicie, zahranicie - gb",0
218153,1,0,"kosicky kraj, dobsina",0
218155,1,0,"bratislavsky kraj, bratislava - petrzalka",22
218156,1,0,"zilinsky kraj, cadca",0
218157,0,1,"zahranicie, zahranicie - australia",17
218159,0,0,"banskobystricky kraj, revuca",0
218160,1,1,"nitriansky kraj, zlate moravce",112
218163,0,1,"presovsky kraj, poprad",19
218164,1,0,"trenciansky kraj, handlova",24
218264,0,1,"nitriansky kraj, sala",30
218269,1,0,"presovsky kraj, presov",0
218270,1,1,"presovsky kraj, humenne",25
218271,1,0,"nitriansky kraj, levice",0
218419,1,0,"trnavsky kraj, senica",18
218420,0,0,"kosicky kraj, michalovce",0
218422,0,0,"banskobystricky kraj, banska bystrica",13
218423,1,1,"zilinsky kraj, dolny kubin",10
218425,1,0,"trenciansky kraj, trencin",0
218427,1,0,"kosicky kraj, kosice - dargovskych hrdinov",21
218428,1,0,"bratislavsky kraj, senec",0
218429,1,1,"trnavsky kraj, piestany",0
218430,0,0,"bratislavsky kraj, bratislava - ostatne",18
218486,0,1,"nitriansky kraj, topolcany",15
218487,1,0,"trnavsky kraj, senica",0
218488,0,1,"nitriansky kraj, nitra",0
218492,1,1,"kosicky kraj, secovce",21
218659,0,1,"banskobystricky kraj, banska bystrica",16
218660,1,1,"bratislavsky kraj, bratislava - petrzalka",11
218769,0,1,"presovsky kraj, poprad",23
218770,0,0,"nitriansky kraj, nove zamky",0
218771,1,1,"trenciansky kraj, nove mesto nad vahom",0
218772,1,0,"bratislavsky kraj, bratislava - karlova ves",25
218773,1,0,"zahranicie, zahranicie - francuzsko",17
218786,0,0,"kosicky kraj, kosice - okolie",16
218787,0,0,"trnavsky kraj, galanta",23
218788,1,1,"nitriansky kraj, levice",24
218789,1,1,"trnavsky kraj, samorin",0
218790,1,0,"kosicky kraj, michalovce",15
218791,1,0,"zahranicie, zahranicie - nemecko",13
218792,1,0,"zilinsky kraj, kysucke nove mesto",12
218793,1,0,"trenciansky kraj, povazska bystrica",0
218794,1,0,"kosicky kraj, sobrance",0
218795,1,1,"trnavsky kraj, trnava",14
218879,1,0,"presovsky kraj, poprad",21
218881,0,0,"nitriansky kraj, sturovo",0
218883,0,0,"zilinsky kraj, martin",0
218885,1,1,"zilinsky kraj, martin",13
218887,0,0,"presovsky kraj, sabinov",0
218888,0,0,"trenciansky kraj, bojnice",11
218906,0,1,"presovsky kraj, levoca",0
218907,1,0,"kosicky kraj, kosice - sever",10
218908,1,0,"trnavsky kraj, trnava",0
218909,1,0,"kosicky kraj, kosice - okolie",0
218910,1,0,"ceska republika, cz - praha",17
218911,1,0,"kosicky kraj, kosice - sidlisko tahanovce",13
218912,1,1,"kosicky kraj, kosice - barca",13
218913,0,0,"zilinsky kraj, ruzomberok",0
218914,1,1,"kosicky kraj, velke kapusany",0
218915,1,0,"presovsky kraj, poprad",0
218958,1,0,"banskobystricky kraj, zarnovica",0
218997,0,0,"trnavsky kraj, senica",15
218998,1,1,"zilinsky kraj, zilina",15
218999,0,0,"nitriansky kraj, nitra",12
219000,0,0,"presovsky kraj, poprad",0
219001,1,0,"trnavsky kraj, sered",23
219002,0,1,"zilinsky kraj, dolny kubin",0
219003,0,0,"trnavsky kraj, skalica",0
219004,1,1,"trnavsky kraj, samorin",19
219005,0,0,"zahranicie, zahranicie - gb",31
219020,0,0,"bratislavsky kraj, bratislava - ruzinov",0
219022,0,0,"trenciansky kraj, puchov",0
219023,0,0,"kosicky kraj, kosice - juh",16
219026,1,0,"zilinsky kraj, namestovo",14
219027,1,1,"bratislavsky kraj, bratislava - lamac",0
219029,1,0,"nitriansky kraj, sala",19
219163,1,1,"kosicky kraj, kosice - dargovskych hrdinov",0
219169,0,0,"zilinsky kraj, tvrdosin",0
219238,0,0,"trenciansky kraj, prievidza",0
219239,1,0,"nitriansky kraj, nove zamky",10
219240,0,1,"zahranicie, zahranicie - francuzsko",18
219241,1,1,"nitriansky kraj, nitra",15
219242,1,0,"banskobystricky kraj, filakovo",0
219243,1,0,"nitriansky kraj, nitra",22
219244,1,0,"trnavsky kraj, trnava",23
219246,1,0,"trnavsky kraj, leopoldov",19
219248,1,0,"trenciansky kraj, trencin",12
219251,1,0,"trenciansky kraj, prievidza",0
219252,1,1,"zahranicie, zahranicie - australia",0
219285,1,0,"nitriansky kraj, levice",28
219293,0,0,"zilinsky kraj, ruzomberok",0
219301,0,1,"presovsky kraj, humenne",0
219304,0,0,"presovsky kraj, presov",0
219305,0,1,"presovsky kraj, presov",0
219311,0,1,"nitriansky kraj, nove zamky",28
219314,1,0,"trenciansky kraj, partizanske",0
219350,1,1,"kosicky kraj, trebisov",14
219425,1,0,"nitriansky kraj, topolcany",25
219426,1,1,"presovsky kraj, presov",20
219427,1,0,"kosicky kraj, kosice - sidlisko tahanovce",17
219428,0,1,"presovsky kraj, stara lubovna",16
219429,1,0,"zilinsky kraj, zilina",28
219440,1,0,"trenciansky kraj, prievidza",14
219441,0,1,"bratislavsky kraj, svaty jur",0
219442,0,0,"trenciansky kraj, trencin",0
219443,1,0,"nitriansky kraj, zlate moravce",0
219444,0,0,"banskobystricky kraj, detva",22
219447,0,0,"presovsky kraj, bardejov",20
219610,0,0,"trenciansky kraj, banovce nad bebravou",0
219646,0,1,"zahranicie, zahranicie - ostatne",0
219647,1,1,"nitriansky kraj, topolcany",0
219648,1,0,"trnavsky kraj, trnava",0
219649,0,0,"bratislavsky kraj, bratislava - podunaj. biskupice",15
219650,1,0,"nitriansky kraj, vrable",21
219651,0,0,"zahranicie, zahranicie - usa",0
219652,1,1,"kosicky kraj, roznava",0
219653,1,0,"kosicky kraj, velke kapusany",17
219654,0,0,"nitriansky kraj, nitra",0
219655,0,0,"zahranicie, zahranicie - ostatne",13
219656,0,0,"kosicky kraj, kosice - dargovskych hrdinov",0
219717,0,1,"kosicky kraj, kosice - sidlisko tahanovce",0
219755,0,0,"presovsky kraj, humenne",0
219756,1,1,"nitriansky kraj, nitra",0
219757,0,1,"kosicky kraj, kosice - juh",0
219758,1,0,"trenciansky kraj, partizanske",0
219759,1,0,"presovsky kraj, sabinov",18
219760,0,0,"trnavsky kraj, sered",0
219761,0,0,"presovsky kraj, presov",0
219762,0,0,"kosicky kraj, michalovce",0
219763,0,0,"kosicky kraj, kosice - okolie",0
219764,1,1,"kosicky kraj, kosice - okolie",0
219888,1,0,"bratislavsky kraj, pezinok",0
219889,1,0,"zilinsky kraj, ruzomberok",19
219890,0,1,"zahranicie, zahranicie - usa",20
219891,0,1,"kosicky kraj, kosice - zapad",16
219892,1,1,"kosicky kraj, trebisov",0
219894,0,1,"kosicky kraj, spisska nova ves",0
219895,1,1,"trnavsky kraj, sered",14
219896,0,0,"trnavsky kraj, senica",15
219898,1,0,"presovsky kraj, presov",16
219899,0,0,"trenciansky kraj, nove mesto nad vahom",24
219900,0,0,"zilinsky kraj, turzovka",12
219902,1,1,"banskobystricky kraj, rimavska sobota",0
220164,1,1,"nitriansky kraj, nove zamky",13
220165,1,0,"zilinsky kraj, ruzomberok",0
220166,0,1,"kosicky kraj, kosice - ostatne",0
220167,0,0,"nitriansky kraj, zlate moravce",16
220168,1,1,"zilinsky kraj, zilina",20
220169,1,1,"banskobystricky kraj, banska bystrica",15
220170,0,0,"trenciansky kraj, novaky",14
220171,0,0,"zahranicie, zahranicie - ostatne",18
220172,1,0,"banskobystricky kraj, sliac",0
220173,0,0,"trenciansky kraj, trencin",0
220174,1,1,"nitriansky kraj, surany",11
220175,0,0,"zilinsky kraj, tvrdosin",0
220176,1,1,"nitriansky kraj, sala",19
220286,1,1,"nitriansky kraj, topolcany",12
220359,1,1,"zilinsky kraj, ruzomberok",0
220360,0,1,"trenciansky kraj, prievidza",18
220361,0,1,"zahranicie, zahranicie - usa",16
220362,0,0,"zilinsky kraj, namestovo",0
220363,1,1,"kosicky kraj, spisska nova ves",0
220364,1,0,"presovsky kraj, lipany",0
220365,1,0,"presovsky kraj, humenne",0
220366,0,0,"bratislavsky kraj, bratislava - raca",0
220367,0,0,"zahranicie, zahranicie - usa",0
220393,1,0,"trenciansky kraj, banovce nad bebravou",14
220394,0,0,"bratislavsky kraj, pezinok",19
220395,1,0,"trenciansky kraj, handlova",14
220396,1,0,"presovsky kraj, poprad",23
220397,0,1,"kosicky kraj, secovce",16
220398,0,0,"nitriansky kraj, nitra",0
220511,0,0,"zilinsky kraj, zilina",0
220512,1,0,"bratislavsky kraj, malacky",0
220513,0,0,"zahranicie, zahranicie - usa",0
220514,0,1,"presovsky kraj, poprad",16
220516,0,1,"bratislavsky kraj, bratislava - dubravka",16
220517,0,0,"nitriansky kraj, sala",0
220519,0,1,"trenciansky kraj, dubnica nad vahom",18
220540,0,0,"zilinsky kraj, bytca",0
220542,1,1,"banskobystricky kraj, nova bana",0
220543,1,0,"trnavsky kraj, galanta",0
220618,0,1,"zilinsky kraj, zilina",0
220619,1,0,"trenciansky kraj, nove mesto nad vahom",12
220620,1,1,"zahranicie, zahranicie - usa",0
220621,0,1,"nitriansky kraj, nove zamky",0
220622,1,0,"kosicky kraj, kosice - ostatne",0
220623,0,0,"trnavsky kraj, piestany",0
220624,1,0,"zilinsky kraj, turcianske teplice",20
220626,1,0,"banskobystricky kraj, revuca",0
220686,0,0,"nitriansky kraj, zlate moravce",17
220687,1,0,"kosicky kraj, secovce",0
220688,0,0,"ceska republika, cz - praha",18
220689,1,0,"presovsky kraj, kezmarok",16
220690,0,1,"kosicky kraj, velke kapusany",26
220691,1,0,"nitriansky kraj, levice",12
220699,0,1,"nitriansky kraj, nove zamky",27
220742,1,0,"trenciansky kraj, prievidza",87
220810,1,0,"kosicky kraj, kosice - sidlisko tahanovce",0
220811,1,0,"zilinsky kraj, bytca",0
220812,1,0,"presovsky kraj, bardejov",0
220813,1,0,"kosicky kraj, kosice - krasna nad hornadom",20
220814,0,1,"trenciansky kraj, banovce nad bebravou",20
220846,0,0,"nitriansky kraj, nove zamky",24
220904,1,1,"zahranicie, zahranicie - kanada",19
220905,1,1,"zilinsky kraj, ruzomberok",15
220906,0,1,"trenciansky kraj, prievidza",0
220907,0,0,"trnavsky kraj, hlohovec",0
220908,1,0,"presovsky kraj, vranov nad toplou",0
220910,0,0,"zilinsky kraj, zilina",0
220911,1,1,"kosicky kraj, kosice - sidlisko tahanovce",16
220912,1,0,"trenciansky kraj, prievidza",17
220914,1,1,"nitriansky kraj, topolcany",21
220928,1,0,"trnavsky kraj, trnava",23
221068,1,0,"presovsky kraj, humenne",0
221069,0,1,"kosicky kraj, kosice - sever",0
221070,1,1,"kosicky kraj, roznava",20
221071,0,1,"trenciansky kraj, trencin",0
221072,1,0,"zilinsky kraj, ruzomberok",20
221073,1,0,"kosicky kraj, kosice - sidlisko tahanovce",0
221074,1,0,"nitriansky kraj, levice",0
221101,0,0,"trenciansky kraj, prievidza",0
221104,0,0,"presovsky kraj, presov",0
221107,0,0,"bratislavsky kraj, bratislava - petrzalka",0
221109,0,1,"kosicky kraj, kosice - okolie",0
221111,0,0,"bratislavsky kraj, bratislava - petrzalka",25
221113,1,0,"nitriansky kraj, nitra",0
221114,1,1,"presovsky kraj, sabinov",0
221116,0,1,"zahranicie, zahranicie - rakusko",19
221118,0,0,"zilinsky kraj, dolny kubin",14
221160,0,0,"nitriansky kraj, nitra",0
221194,1,1,"zilinsky kraj, namestovo",0
221195,0,1,"kosicky kraj, kosice - sever",0
221238,0,1,"zahranicie, zahranicie - usa",14
221239,0,0,"presovsky kraj, bardejov",0
221240,0,1,"presovsky kraj, poprad",0
221241,0,0,"nitriansky kraj, vrable",11
221245,1,1,"zilinsky kraj, martin",21
221249,1,1,"kosicky kraj, michalovce",0
221267,1,0,"trenciansky kraj, ilava",20
221386,1,0,"banskobystricky kraj, banska bystrica",0
221387,0,0,"trenciansky kraj, prievidza",0
221388,0,1,"trnavsky kraj, senica",0
221395,1,1,"kosicky kraj, kosice - dargovskych hrdinov",16
221398,0,0,"presovsky kraj, medzilaborce",0
221433,0,0,"trenciansky kraj, trencin",16
221434,0,0,"zilinsky kraj, ruzomberok",0
221436,1,0,"kosicky kraj, kosice - okolie",11
221440,0,0,"zilinsky kraj, cadca",0
221441,1,1,"trnavsky kraj, senica",0
221442,0,0,"trnavsky kraj, piestany",0
221443,0,0,"presovsky kraj, poprad",0
221444,1,0,"presovsky kraj, presov",0
221445,0,1,"nitriansky kraj, vrable",0
221446,0,0,"banskobystricky kraj, ziar nad hronom",15
221447,1,0,"trenciansky kraj, bojnice",0
221542,0,0,"zahranicie, zahranicie - ostatne",15
221543,0,1,"zilinsky kraj, ruzomberok",20
221544,1,0,"trenciansky kraj, povazska bystrica",15
221545,1,1,"presovsky kraj, presov",23
221546,0,0,"zahranicie, zahranicie - australia",17
221547,0,1,"banskobystricky kraj, lucenec",0
221548,0,0,"banskobystricky kraj, velky krtis",14
221586,0,1,"trnavsky kraj, trnava",18
221587,0,0,"kosicky kraj, kosice - sidlisko tahanovce",0
221588,1,0,"kosicky kraj, kosice - sever",17
221662,0,0,"banskobystricky kraj, lucenec",15
221663,0,1,"banskobystricky kraj, lucenec",11
221665,0,0,"nitriansky kraj, levice",0
221670,0,1,"banskobystricky kraj, krupina",0
221671,1,1,"trenciansky kraj, puchov",15
221707,0,1,"zilinsky kraj, zilina",0
221708,0,0,"zilinsky kraj, martin",22
221709,1,0,"presovsky kraj, snina",26
221710,0,1,"zilinsky kraj, namestovo",16
221711,0,0,"kosicky kraj, kosice - okolie",20
221712,1,0,"trenciansky kraj, trencin",0
221713,0,0,"kosicky kraj, kosice - okolie",14
221714,1,0,"nitriansky kraj, nitra",0
221715,0,1,"nitriansky kraj, nove zamky",21
221730,0,1,"bratislavsky kraj, bratislava - nove mesto",21
221905,1,1,"trenciansky kraj, brezova pod bradlom",0
221906,0,0,"zilinsky kraj, liptovsky mikulas",20
221907,0,0,"zilinsky kraj, zilina",28
221908,0,1,"trenciansky kraj, prievidza",19
222011,1,0,"trenciansky kraj, prievidza",0
222091,1,1,"trnavsky kraj, gbely",0
222092,1,0,"trnavsky kraj, vrbove",22
222093,0,1,"kosicky kraj, kosice - stare mesto",18
222094,1,0,"trnavsky kraj, piestany",0
222095,0,0,"bratislavsky kraj, bratislava - karlova ves",19
222096,1,1,"presovsky kraj, presov",15
222097,0,1,"banskobystricky kraj, banska bystrica",23
222098,0,1,"presovsky kraj, vranov nad toplou",27
222103,1,1,"presovsky kraj, humenne",14
222104,0,0,"trnavsky kraj, galanta",0
222105,1,0,"banskobystricky kraj, krupina",25
222106,1,1,"zahranicie, zahranicie - usa",0
222107,0,0,"nitriansky kraj, levice",16
222108,0,0,"kosicky kraj, cierna nad tisou",0
222109,0,1,"bratislavsky kraj, malacky",21
222110,0,0,"kosicky kraj, kosice - zapad",14
222111,1,1,"zilinsky kraj, cadca",15
222112,1,0,"zahranicie, zahranicie - ostatne",0
222207,0,0,"bratislavsky kraj, bratislava - podunaj. biskupice",13
222260,0,0,"presovsky kraj, bardejov",0
222261,1,1,"nitriansky kraj, levice",16
222262,1,0,"zahranicie, zahranicie - ostatne",0
222263,1,0,"trenciansky kraj, nova dubnica",0
222265,1,0,"kosicky kraj, kosice - okolie",0
222308,0,0,"bratislavsky kraj, bratislava - karlova ves",21
222309,1,1,"kosicky kraj, spisska nova ves",17
222310,1,1,"banskobystricky kraj, jelsava",21
222311,1,1,"zahranicie, zahranicie - nemecko",0
222312,0,1,"banskobystricky kraj, nova bana",21
222323,1,0,"trenciansky kraj, stara tura",0
222412,1,1,"trnavsky kraj, trnava",10
222413,1,1,"zilinsky kraj, martin",0
222415,1,0,"kosicky kraj, kosice - okolie",18
222419,1,1,"nitriansky kraj, topolcany",16
222420,1,0,"kosicky kraj, kosice - sever",0
222421,0,0,"kosicky kraj, strazske",0
222422,1,0,"trnavsky kraj, hlohovec",0
222423,0,0,"kosicky kraj, kosice - sidlisko tahanovce",0
222424,1,1,"kosicky kraj, kosice - sidlisko tahanovce",20
222501,1,0,"nitriansky kraj, nitra",27
222573,0,1,"nitriansky kraj, topolcany",0
222574,1,0,"presovsky kraj, presov",0
222575,0,1,"kosicky kraj, trebisov",28
222576,0,1,"kosicky kraj, kosice - dargovskych hrdinov",0
222577,1,1,"trenciansky kraj, prievidza",0
222578,1,0,"bratislavsky kraj, bratislava - karlova ves",0
222579,1,1,"presovsky kraj, presov",20
222580,0,0,"nitriansky kraj, nitra",27
222582,1,0,"trnavsky kraj, sered",0
222583,1,1,"nitriansky kraj, nitra",19
222611,0,1,"trenciansky kraj, prievidza",0
222612,0,0,"nitriansky kraj, nitra",0
222613,0,1,"bratislavsky kraj, bratislava - okolie",23
222614,1,1,"kosicky kraj, kosice - okolie",0
222615,0,1,"trenciansky kraj, partizanske",25
222616,1,0,"kosicky kraj, gelnica",0
222617,1,0,"zilinsky kraj, martin",17
222709,1,1,"trnavsky kraj, hlohovec",21
222734,1,0,"trnavsky kraj, holic",16
222735,0,0,"zilinsky kraj, martin",21
222736,1,0,"zilinsky kraj, martin",21
222737,0,0,"zilinsky kraj, ruzomberok",20
222738,1,0,"bratislavsky kraj, senec",19
222739,0,0,"bratislavsky kraj, bratislava - vrakuna",29
222754,1,1,"bratislavsky kraj, bratislava - petrzalka",0
222755,1,1,"presovsky kraj, stara lubovna",0
222761,0,0,"zahranicie, zahranicie - nemecko",0
222763,0,1,"kosicky kraj, kosice - ostatne",21
222764,0,0,"kosicky kraj, michalovce",19
222765,1,1,"trenciansky kraj, dubnica nad vahom",0
222766,1,0,"banskobystricky kraj, detva",0
222767,1,1,"zahranicie, zahranicie - rakusko",0
222855,1,0,"presovsky kraj, stara lubovna",26
222856,0,1,"kosicky kraj, kosice - juh",31
222857,1,0,"presovsky kraj, poprad",26
222858,1,0,"bratislavsky kraj, bratislava - nove mesto",27
222860,1,0,"trenciansky kraj, prievidza",15
222862,1,0,"zilinsky kraj, ruzomberok",0
222863,0,1,"zahranicie, zahranicie - usa",0
222865,0,0,"trnavsky kraj, trnava",0
222867,0,1,"presovsky kraj, snina",15
222869,0,0,"nitriansky kraj, surany",17
222870,0,0,"nitriansky kraj, nove zamky",16
222948,1,0,"zilinsky kraj, martin",0
222949,0,1,"nitriansky kraj, nitra",0
222950,0,0,"kosicky kraj, kosice - stare mesto",16
222951,0,0,"trenciansky kraj, handlova",17
222953,0,0,"banskobystricky kraj, velky krtis",0
222955,0,0,"zilinsky kraj, martin",0
222956,1,1,"presovsky kraj, poprad",0
222957,1,0,"nitriansky kraj, nove zamky",0
222959,0,0,"zahranicie, zahranicie - kanada",0
223113,1,0,"presovsky kraj, poprad",17
223121,1,1,"trenciansky kraj, nove mesto nad vahom",0
223122,0,0,"kosicky kraj, kosice - dargovskych hrdinov",0
223123,0,0,"nitriansky kraj, levice",0
223303,1,1,"trenciansky kraj, prievidza",14
223304,0,1,"banskobystricky kraj, velky krtis",0
223305,1,1,"presovsky kraj, presov",13
223309,1,1,"kosicky kraj, kosice - zapad",20
223311,1,0,"nitriansky kraj, nitra",0
223312,1,0,"nitriansky kraj, surany",0
223479,1,0,"trnavsky kraj, trnava",0
223480,1,0,"presovsky kraj, bardejov",13
223566,0,1,"zilinsky kraj, martin",17
223685,1,1,"bratislavsky kraj, bratislava - podunaj. biskupice",0
223686,1,0,"bratislavsky kraj, malacky",0
223687,1,0,"banskobystricky kraj, revuca",0
223855,0,1,"trenciansky kraj, povazska bystrica",22
223856,0,1,"presovsky kraj, kezmarok",0
223862,1,0,"presovsky kraj, kezmarok",0
223864,0,0,"nitriansky kraj, nitra",0
223865,0,0,"nitriansky kraj, surany",0
223937,1,0,"trenciansky kraj, nove mesto nad vahom",15
224102,0,0,"trnavsky kraj, skalica",17
224103,1,0,"trenciansky kraj, puchov",0
224104,0,0,"presovsky kraj, snina",17
224105,0,0,"trnavsky kraj, samorin",0
224106,1,0,"presovsky kraj, stropkov",0
224107,1,0,"zilinsky kraj, zilina",0
224108,0,1,"trenciansky kraj, partizanske",0
224109,1,0,"trenciansky kraj, puchov",0
224110,1,0,"nitriansky kraj, levice",22
224111,1,0,"trenciansky kraj, trencin",14
224112,0,1,"kosicky kraj, spisska nova ves",13
224113,1,1,"trenciansky kraj, dubnica nad vahom",0
224335,1,0,"presovsky kraj, kezmarok",38
224336,1,0,"trenciansky kraj, prievidza",29
224337,0,0,"bratislavsky kraj, bratislava - dubravka",0
224338,0,1,"banskobystricky kraj, brezno",0
224339,1,0,"kosicky kraj, kosice - okolie",13
224340,1,0,"kosicky kraj, roznava",0
224341,0,1,"bratislavsky kraj, senec",20
224342,1,0,"zahranicie, zahranicie - gb",13
224343,0,1,"nitriansky kraj, topolcany",0
224344,0,0,"zahranicie, zahranicie - gb",17
224539,0,0,"zilinsky kraj, trstena",12
224540,0,0,"presovsky kraj, bardejov",0
224541,1,0,"trnavsky kraj, trnava",16
224542,0,1,"trnavsky kraj, trnava",17
224543,0,0,"banskobystricky kraj, banska bystrica",0
224544,1,0,"bratislavsky kraj, malacky",9
224545,1,0,"trnavsky kraj, senica",0
224547,0,0,"trnavsky kraj, trnava",0
224549,0,0,"zahranicie, zahranicie - ostatne",0
224739,0,1,"kosicky kraj, kosice - sidlisko tahanovce",17
224740,1,1,"trenciansky kraj, dubnica nad vahom",9
224741,1,0,"kosicky kraj, spisska nova ves",0
224742,1,1,"presovsky kraj, snina",22
224744,1,0,"kosicky kraj, kosice - dargovskych hrdinov",0
224745,1,0,"kosicky kraj, spisska nova ves",0
224748,1,0,"trenciansky kraj, nove mesto nad vahom",0
224753,1,0,"trenciansky kraj, nove mesto nad vahom",0
224864,0,1,"nitriansky kraj, nove zamky",0
224944,0,0,"banskobystricky kraj, velky krtis",19
224945,1,0,"zilinsky kraj, martin",0
224946,1,0,"trenciansky kraj, partizanske",0
224947,1,0,"kosicky kraj, kosice - ostatne",18
224948,1,0,"trnavsky kraj, piestany",17
224949,0,0,"nitriansky kraj, levice",16
224950,1,1,"zilinsky kraj, dolny kubin",12
224951,1,0,"presovsky kraj, stropkov",0
224952,1,0,"zilinsky kraj, martin",13
224953,0,0,"banskobystricky kraj, poltar",13
224954,1,0,"kosicky kraj, kosice - juh",0
224973,0,0,"nitriansky kraj, komarno",13
224975,0,0,"zahranicie, zahranicie - ostatne",18
225019,1,0,"kosicky kraj, kosice - zapad",20
225136,0,0,"presovsky kraj, sabinov",11
225137,0,0,"bratislavsky kraj, bratislava - okolie",14
225138,0,0,"kosicky kraj, velke kapusany",0
225139,0,0,"kosicky kraj, michalovce",0
225140,0,0,"nitriansky kraj, nove zamky",0
225141,0,1,"trenciansky kraj, dubnica nad vahom",16
225142,1,1,"presovsky kraj, kezmarok",20
225143,1,0,"nitriansky kraj, nitra",0
225144,0,0,"bratislavsky kraj, senec",0
225145,0,1,"trenciansky kraj, nove mesto nad vahom",21
225335,0,1,"ceska republika, cz - praha",0
225336,0,1,"kosicky kraj, kosice - krasna nad hornadom",18
225337,0,0,"ceska republika, cz - zlinsky kraj",9
225338,0,0,"bratislavsky kraj, malacky",0
225339,1,0,"zilinsky kraj, namestovo",15
225340,0,0,"presovsky kraj, lipany",0
225341,0,0,"trenciansky kraj, prievidza",14
225342,0,1,"banskobystricky kraj, rimavska sobota",17
225343,1,1,"kosicky kraj, spisska nova ves",19
225427,0,1,"kosicky kraj, kosice - krasna nad hornadom",15
225428,1,1,"banskobystricky kraj, brezno",0
225430,0,0,"zilinsky kraj, zilina",15
225431,0,0,"trnavsky kraj, samorin",17
225435,0,1,"trnavsky kraj, skalica",0
225437,1,1,"bratislavsky kraj, malacky",28
225439,1,0,"trenciansky kraj, handlova",0
225579,0,0,"kosicky kraj, kosice - okolie",15
225580,0,0,"kosicky kraj, trebisov",14
225581,1,0,"bratislavsky kraj, bratislava - ruzinov",0
225582,0,0,"trenciansky kraj, myjava",0
225583,1,0,"nitriansky kraj, levice",0
225584,0,0,"nitriansky kraj, nove zamky",16
225585,1,0,"bratislavsky kraj, bratislava - okolie",0
225586,1,1,"kosicky kraj, michalovce",17
225587,1,1,"presovsky kraj, humenne",0
225588,0,0,"nitriansky kraj, zlate moravce",22
225589,0,0,"kosicky kraj, roznava",0
225752,1,0,"presovsky kraj, stara lubovna",0
225753,0,1,"banskobystricky kraj, banska bystrica",19
225754,0,0,"banskobystricky kraj, krupina",0
225755,1,0,"kosicky kraj, spisska nova ves",0
225757,1,0,"zilinsky kraj, martin",22
225759,1,0,"kosicky kraj, kosice - okolie",0
225760,1,0,"banskobystricky kraj, hrinova",0
225761,0,0,"nitriansky kraj, nitra",0
225762,1,1,"nitriansky kraj, vrable",18
225783,1,0,"kosicky kraj, kosice - krasna nad hornadom",0
225849,0,0,"banskobystricky kraj, lucenec",25
225879,1,0,"bratislavsky kraj, malacky",0
225880,1,0,"trenciansky kraj, partizanske",15
225881,1,0,"nitriansky kraj, nove zamky",18
225882,0,1,"kosicky kraj, spisska nova ves",0
225883,0,1,"trnavsky kraj, hlohovec",0
225885,1,0,"presovsky kraj, hanusovce nad toplou",19
225887,0,0,"presovsky kraj, kezmarok",17
225888,0,0,"zahranicie, zahranicie - usa",0
225930,1,1,"zilinsky kraj, kysucke nove mesto",15
226076,0,0,"zahranicie, zahranicie - nemecko",0
226077,0,0,"nitriansky kraj, nitra",0
226078,1,1,"trnavsky kraj, trnava",17
226079,1,0,"trenciansky kraj, trencin",0
226080,0,0,"nitriansky kraj, nitra",0
226081,1,0,"banskobystricky kraj, nova bana",0
226082,0,1,"presovsky kraj, presov",18
226083,0,0,"nitriansky kraj, nitra",15
226157,1,0,"nitriansky kraj, komarno",0
226158,0,1,"banskobystricky kraj, brezno",19
226160,0,0,"presovsky kraj, stara lubovna",15
226163,1,0,"presovsky kraj, humenne",0
226164,1,0,"nitriansky kraj, nitra",0
226166,1,1,"kosicky kraj, spisska nova ves",15
226267,0,0,"zahranicie, zahranicie - ostatne",0
226269,1,0,"trnavsky kraj, senica",0
226271,1,0,"bratislavsky kraj, malacky",0
226272,1,0,"banskobystricky kraj, zvolen",16
226273,1,0,"bratislavsky kraj, bratislava - okolie",15
226277,1,0,"kosicky kraj, kosice - sidlisko tahanovce",15
226772,1,0,"banskobystricky kraj, brezno",14
226889,0,0,"zahranicie, zahranicie - ostatne",0
226892,0,0,"kosicky kraj, kosice - okolie",0
226895,1,0,"kosicky kraj, kosice - juh",0
226899,0,0,"trenciansky kraj, trencin",0
227262,0,0,"nitriansky kraj, vrable",17
227266,0,0,"presovsky kraj, presov",0
227267,0,0,"nitriansky kraj, nove zamky",0
227269,0,0,"presovsky kraj, poprad",0
227545,0,0,"trenciansky kraj, povazska bystrica",0
227550,1,0,"banskobystricky kraj, detva",0
227553,1,0,"trnavsky kraj, trnava",0
227555,1,0,"banskobystricky kraj, poltar",10
227720,1,0,"banskobystricky kraj, nova bana",0
227721,0,0,"zilinsky kraj, turzovka",0
227723,0,1,"presovsky kraj, presov",0
227724,0,0,"banskobystricky kraj, banska bystrica",16
227725,0,0,"nitriansky kraj, nove zamky",0
227726,1,1,"nitriansky kraj, surany",0
227728,0,1,"nitriansky kraj, nitra",0
227729,1,0,"trnavsky kraj, trnava",18
227746,1,1,"zilinsky kraj, zilina",0
227886,0,0,"trenciansky kraj, prievidza",12
227888,1,0,"banskobystricky kraj, banska bystrica",0
227998,0,0,"zilinsky kraj, zilina",0
228340,1,0,"zilinsky kraj, martin",22
229576,1,1,"bratislavsky kraj, bratislava - ruzinov",0
231245,0,0,"zilinsky kraj, namestovo",0
231366,1,0,"presovsky kraj, bardejov",16
231573,1,0,"bratislavsky kraj, bratislava - karlova ves",16
233594,1,0,"zilinsky kraj, namestovo",16
234345,1,1,"banskobystricky kraj, brezno",0
235877,0,0,"bratislavsky kraj, bratislava - podunaj. biskupice",0
237239,0,0,"kosicky kraj, michalovce",0
237673,1,0,"trenciansky kraj, prievidza",0
237841,1,1,"trenciansky kraj, trencin",15
238028,0,0,"trnavsky kraj, senica",18
240758,0,1,"nitriansky kraj, topolcany",18
243496,1,1,"zilinsky kraj, cadca",20
245701,0,0,"zahranicie, zahranicie - usa",15
245702,0,1,"zilinsky kraj, namestovo",0
245935,0,0,"trnavsky kraj, skalica",14
249684,0,0,"nitriansky kraj, nitra",19
250077,1,0,"kosicky kraj, kosice - sidlisko tahanovce",20
250327,1,0,"zahranicie, zahranicie - gb",20
250746,1,1,"kosicky kraj, spisska nova ves",14
252027,1,1,"banskobystricky kraj, ziar nad hronom",17
252427,0,0,"zahranicie, zahranicie - ostatne",0
252495,1,1,"trnavsky kraj, trnava",18
252498,1,0,"trnavsky kraj, trnava",0
252502,1,0,"trenciansky kraj, stara tura",22
252681,1,1,"bratislavsky kraj, bratislava - devinska nova ves",24
252964,1,1,"trnavsky kraj, trnava",0
253040,1,1,"trnavsky kraj, trnava",22
253295,0,1,"kosicky kraj, kosice - sever",19
255146,0,0,"trnavsky kraj, senica",20
255319,0,1,"zilinsky kraj, turzovka",0
255972,1,1,"trnavsky kraj, trnava",19
255994,1,1,"presovsky kraj, presov",18
257614,1,0,"nitriansky kraj, levice",0
261085,1,1,"trnavsky kraj, trnava",20
261902,1,0,"presovsky kraj, bardejov",18
264130,0,0,"zahranicie, zahranicie - ostatne",21
265842,1,1,"trnavsky kraj, piestany",18
266219,1,0,"kosicky kraj, kosice - ostatne",17
266381,1,0,"nitriansky kraj, levice",0
266872,1,1,"zilinsky kraj, zilina",23
268142,1,0,"nitriansky kraj, topolcany",19
271295,0,0,"nitriansky kraj, zlate moravce",19
271934,0,0,"nitriansky kraj, nove zamky",23
272935,0,1,"banskobystricky kraj, poltar",18
273354,1,0,"kosicky kraj, kosice - krasna nad hornadom",18
277027,1,0,"zahranicie, zahranicie - francuzsko",0
277319,0,0,"trnavsky kraj, piestany",15
277580,1,0,"kosicky kraj, kosice - sidlisko tahanovce",20
278462,0,0,"bratislavsky kraj, bratislava - okolie",0
279898,0,0,"trenciansky kraj, trencin",0
281680,1,0,"kosicky kraj, kosice - okolie",23
281817,0,1,"zilinsky kraj, trstena",0
281967,0,0,"zilinsky kraj, zilina",13
282046,1,0,"bratislavsky kraj, bratislava - podunaj. biskupice",24
282306,0,1,"trenciansky kraj, banovce nad bebravou",0
282537,1,1,"kosicky kraj, michalovce",25
282558,0,1,"trenciansky kraj, puchov",14
282616,0,0,"zahranicie, zahranicie - usa",16
284201,1,0,"banskobystricky kraj, nova bana",0
284478,1,0,"zahranicie, zahranicie - francuzsko",0
284480,0,0,"bratislavsky kraj, modra",0
284481,0,1,"bratislavsky kraj, bratislava - ruzinov",41
284483,0,1,"trenciansky kraj, banovce nad bebravou",16
284484,0,0,"bratislavsky kraj, bratislava - okolie",17
284527,1,0,"presovsky kraj, vranov nad toplou",19
284576,0,0,"nitriansky kraj, sahy",11
284577,0,0,"zahranicie, zahranicie - gb",0
284578,0,1,"nitriansky kraj, levice",0
284663,1,1,"zahranicie, zahranicie - gb",10
284690,0,0,"nitriansky kraj, nitra",18
284691,1,0,"kosicky kraj, trebisov",0
284692,0,1,"kosicky kraj, gelnica",15
284693,0,0,"zahranicie, zahranicie - australia",0
284784,0,0,"bratislavsky kraj, bratislava - ruzinov",23
284785,1,1,"nitriansky kraj, komarno",17
284786,1,1,"presovsky kraj, vranov nad toplou",28
284787,1,0,"bratislavsky kraj, malacky",16
284888,0,0,"trenciansky kraj, trencin",24
284889,0,0,"zahranicie, zahranicie - gb",16
284890,1,0,"presovsky kraj, humenne",16
284891,0,1,"nitriansky kraj, nove zamky",22
284892,1,1,"kosicky kraj, trebisov",13
284893,1,0,"zilinsky kraj, namestovo",15
284894,0,0,"zilinsky kraj, ruzomberok",0
285115,1,1,"zahranicie, zahranicie - usa",0
285116,0,1,"kosicky kraj, kosice - juh",26
285117,0,0,"kosicky kraj, kosice - okolie",16
285118,0,1,"nitriansky kraj, sturovo",36
285281,0,0,"presovsky kraj, humenne",16
285282,0,1,"trnavsky kraj, senica",0
285284,1,0,"trenciansky kraj, ilava",23
285285,0,0,"kosicky kraj, kosice - ostatne",25
285286,0,1,"zahranicie, zahranicie - ostatne",0
285287,0,1,"trnavsky kraj, senica",22
285288,1,0,"nitriansky kraj, vrable",0
285289,1,0,"nitriansky kraj, hurbanovo",27
285290,1,1,"presovsky kraj, presov",0
285500,1,1,"kosicky kraj, kosice - sidlisko tahanovce",15
285540,0,1,"nitriansky kraj, nove zamky",19
285542,1,1,"presovsky kraj, sabinov",0
285697,0,1,"zahranicie, zahranicie - rakusko",0
285756,0,0,"presovsky kraj, snina",0
285800,1,1,"presovsky kraj, bardejov",29
285914,1,0,"zilinsky kraj, liptovsky mikulas",10
285915,1,1,"presovsky kraj, levoca",24
285916,1,0,"banskobystricky kraj, dudince",0
285917,1,0,"nitriansky kraj, sala",22
285921,0,0,"banskobystricky kraj, banska bystrica",0
285965,1,0,"bratislavsky kraj, bratislava - vrakuna",0
285966,0,0,"trenciansky kraj, prievidza",0
285974,1,1,"trnavsky kraj, piestany",0
285975,1,0,"presovsky kraj, bardejov",0
285976,0,1,"zahranicie, zahranicie - usa",0
285977,1,0,"zahranicie, zahranicie - usa",0
285978,1,0,"trnavsky kraj, trnava",0
286050,0,0,"nitriansky kraj, levice",0
286051,1,1,"nitriansky kraj, zlate moravce",15
286068,1,1,"zahranicie, zahranicie - usa",0
286073,1,0,"zilinsky kraj, zilina",0
286129,1,0,"zilinsky kraj, liptovsky mikulas",18
286146,1,1,"banskobystricky kraj, brezno",0
286147,1,0,"kosicky kraj, michalovce",17
286243,1,1,"presovsky kraj, vranov nad toplou",0
286244,1,0,"banskobystricky kraj, rimavska sobota",0
286245,0,1,"nitriansky kraj, nove zamky",21
286246,0,1,"kosicky kraj, michalovce",0
286247,0,0,"presovsky kraj, bardejov",23
286249,1,0,"zahranicie, zahranicie - ostatne",0
286345,1,0,"trenciansky kraj, partizanske",17
286346,1,1,"zilinsky kraj, namestovo",0
286347,1,1,"trnavsky kraj, skalica",21
286348,1,0,"zilinsky kraj, namestovo",0
286363,0,1,"zahranicie, zahranicie - kanada",0
286421,1,0,"trnavsky kraj, trnava",15
286422,0,0,"nitriansky kraj, nove zamky",0
286423,1,0,"kosicky kraj, spisska nova ves",0
286424,1,0,"zilinsky kraj, trstena",18
286512,0,1,"bratislavsky kraj, bratislava - okolie",20
286513,0,0,"zahranicie, zahranicie - ostatne",0
286514,1,0,"trenciansky kraj, puchov",0
286515,1,0,"bratislavsky kraj, bratislava - petrzalka",27
286516,0,0,"kosicky kraj, kosice - juh",17
286631,0,0,"kosicky kraj, kosice - okolie",15
286632,0,0,"kosicky kraj, kosice - okolie",15
286633,0,0,"presovsky kraj, svidnik",14
286635,1,0,"kosicky kraj, kosice - zapad",17
286636,0,0,"bratislavsky kraj, senec",23
286637,1,0,"trnavsky kraj, vrbove",24
286699,1,0,"zilinsky kraj, martin",15
286742,1,0,"zilinsky kraj, ruzomberok",0
286744,1,0,"nitriansky kraj, surany",13
286747,1,1,"nitriansky kraj, nove zamky",0
286750,1,0,"banskobystricky kraj, ziar nad hronom",10
286758,1,0,"banskobystricky kraj, banska bystrica",29
286761,1,0,"zahranicie, zahranicie - kanada",15
286878,0,1,"banskobystricky kraj, brezno",32
286879,0,0,"bratislavsky kraj, bratislava - nove mesto",23
286880,1,0,"banskobystricky kraj, zvolen",0
286881,1,0,"presovsky kraj, presov",25
286882,1,1,"trenciansky kraj, prievidza",11
286883,1,0,"zahranicie, zahranicie - ostatne",0
286959,0,0,"zahranicie, zahranicie - kanada",0
286960,0,1,"bratislavsky kraj, stupava",15
286961,1,0,"trenciansky kraj, trencin",21
286962,1,1,"trenciansky kraj, puchov",12
286963,1,1,"bratislavsky kraj, bratislava - dubravka",0
286964,1,1,"banskobystricky kraj, nova bana",0
286965,0,0,"trenciansky kraj, handlova",19
286966,0,1,"banskobystricky kraj, banska bystrica",0
286967,1,0,"trenciansky kraj, partizanske",0
287045,1,1,"trnavsky kraj, gbely",22
287046,0,0,"bratislavsky kraj, bratislava - petrzalka",24
287047,0,0,"presovsky kraj, presov",0
287048,1,1,"kosicky kraj, kosice - ostatne",16
287049,0,1,"zilinsky kraj, ruzomberok",20
287050,1,0,"zilinsky kraj, turzovka",0
287051,0,0,"kosicky kraj, kosice - okolie",17
287110,1,0,"kosicky kraj, spisska nova ves",17
287203,1,0,"kosicky kraj, trebisov",0
287266,1,1,"banskobystricky kraj, zvolen",0
287267,1,0,"bratislavsky kraj, bratislava - stare mesto",20
287268,1,1,"zilinsky kraj, martin",16
287270,0,0,"zilinsky kraj, ruzomberok",0
287271,1,1,"kosicky kraj, kosice - zapad",14
287272,1,1,"banskobystricky kraj, revuca",13
287273,1,0,"bratislavsky kraj, bratislava - ruzinov",18
287388,0,0,"nitriansky kraj, nitra",0
287389,0,0,"presovsky kraj, stara lubovna",0
287390,0,1,"banskobystricky kraj, banska bystrica",26
287391,1,1,"presovsky kraj, humenne",17
287653,1,0,"kosicky kraj, michalovce",10
287654,0,1,"kosicky kraj, kosice - zapad",22
287655,0,1,"nitriansky kraj, sala",0
287656,1,0,"presovsky kraj, stara lubovna",16
287657,1,0,"presovsky kraj, presov",0
287798,1,0,"zahranicie, zahranicie - gb",0
287802,0,1,"kosicky kraj, spisska nova ves",24
287804,0,1,"trenciansky kraj, nova dubnica",0
287807,1,0,"bratislavsky kraj, bratislava - petrzalka",0
287808,1,0,"trenciansky kraj, trencin",0
287809,1,1,"trenciansky kraj, banovce nad bebravou",11
287814,0,0,"trenciansky kraj, prievidza",14
288006,1,1,"trnavsky kraj, trnava",16
288007,0,0,"trnavsky kraj, senica",0
288009,1,0,"zilinsky kraj, dolny kubin",0
288011,1,1,"kosicky kraj, michalovce",0
288012,0,1,"trenciansky kraj, trencin",20
288013,1,1,"banskobystricky kraj, poltar",7
288061,1,0,"zilinsky kraj, martin",15
288152,1,0,"kosicky kraj, strazske",14
288153,1,0,"nitriansky kraj, nitra",0
288154,0,0,"bratislavsky kraj, malacky",0
288155,1,0,"kosicky kraj, kosice - juh",14
288313,0,1,"kosicky kraj, kosice - okolie",14
288314,1,1,"banskobystricky kraj, krupina",12
288410,1,0,"nitriansky kraj, nitra",19
288411,1,0,"trenciansky kraj, trencin",0
288412,0,0,"nitriansky kraj, nitra",21
288413,0,0,"banskobystricky kraj, lucenec",14
288414,1,0,"nitriansky kraj, nitra",18
288415,0,0,"zilinsky kraj, liptovsky hradok",0
288416,1,1,"kosicky kraj, kosice - zapad",0
288417,0,0,"zahranicie, zahranicie - usa",0
288418,1,1,"trenciansky kraj, stara tura",19
288540,1,0,"zahranicie, zahranicie - ostatne",24
288541,1,0,"trenciansky kraj, prievidza",16
288543,0,1,"nitriansky kraj, nove zamky",0
288646,1,0,"kosicky kraj, michalovce",10
288647,1,1,"banskobystricky kraj, velky krtis",22
288648,0,0,"zilinsky kraj, rajec",0
288649,0,0,"kosicky kraj, kosice - zapad",26
288650,0,1,"kosicky kraj, kosice - ostatne",23
288651,1,0,"nitriansky kraj, levice",0
288652,1,0,"trnavsky kraj, senica",0
288653,0,0,"kosicky kraj, kosice - ostatne",0
288654,0,1,"kosicky kraj, kosice - dargovskych hrdinov",0
288676,0,1,"presovsky kraj, presov",0
288677,0,0,"zilinsky kraj, ruzomberok",0
288678,0,0,"nitriansky kraj, zeliezovce",0
288679,1,0,"banskobystricky kraj, zarnovica",0
288680,0,1,"zahranicie, zahranicie - nemecko",18
288681,1,0,"trenciansky kraj, partizanske",0
288685,0,1,"trnavsky kraj, velky meder",10
288686,1,0,"presovsky kraj, levoca",0
288687,0,0,"presovsky kraj, bardejov",18
288688,1,0,"trenciansky kraj, puchov",0
288822,1,0,"banskobystricky kraj, velky krtis",0
288823,0,0,"kosicky kraj, kosice - okolie",18
288824,1,0,"presovsky kraj, spisska stara ves",9
288825,0,1,"kosicky kraj, trebisov",0
288826,0,1,"kosicky kraj, kosice - zapad",19
288827,0,1,"kosicky kraj, kosice - okolie",15
288899,1,1,"zilinsky kraj, dolny kubin",12
288957,0,0,"kosicky kraj, kosice - okolie",20
289054,1,1,"bratislavsky kraj, senec",21
289055,0,0,"banskobystricky kraj, lucenec",17
289057,0,1,"nitriansky kraj, levice",17
289058,0,1,"trnavsky kraj, skalica",0
289059,0,0,"trnavsky kraj, trnava",24
289169,1,0,"kosicky kraj, spisska nova ves",0
289173,0,0,"zilinsky kraj, tvrdosin",22
289174,0,0,"zilinsky kraj, zilina",0
289321,1,1,"trenciansky kraj, banovce nad bebravou",19
289322,1,0,"kosicky kraj, strazske",0
289323,1,1,"kosicky kraj, spisska nova ves",0
289324,0,0,"zahranicie, zahranicie - ostatne",0
289363,0,0,"kosicky kraj, kosice - barca",0
289520,1,0,"bratislavsky kraj, senec",23
289522,1,1,"kosicky kraj, kosice - okolie",15
289524,1,0,"kosicky kraj, kosice - juh",0
289529,1,0,"zahranicie, zahranicie - francuzsko",0
289670,1,1,"zahranicie, zahranicie - ostatne",18
289671,0,0,"bratislavsky kraj, bratislava - okolie",0
289673,1,0,"bratislavsky kraj, bratislava - ostatne",15
289675,0,0,"zahranicie, zahranicie - ostatne",0
289678,0,0,"trenciansky kraj, nemsova",16
289680,1,0,"trenciansky kraj, povazska bystrica",15
289734,0,0,"nitriansky kraj, surany",21
289824,0,0,"zilinsky kraj, namestovo",0
289825,1,1,"zilinsky kraj, martin",31
289826,1,1,"zahranicie, zahranicie - usa",0
290406,1,1,"presovsky kraj, vranov nad toplou",0
290408,0,0,"kosicky kraj, spisska nova ves",26
290411,0,0,"nitriansky kraj, nitra",0
290415,1,0,"presovsky kraj, vranov nad toplou",0
290417,0,1,"kosicky kraj, trebisov",0
290586,1,1,"zilinsky kraj, zilina",0
290588,1,0,"zilinsky kraj, zilina",0
290591,1,0,"kosicky kraj, kosice - ostatne",0
290594,0,0,"presovsky kraj, humenne",0
290677,1,0,"nitriansky kraj, topolcany",16
290678,0,0,"bratislavsky kraj, bratislava - okolie",26
290679,1,1,"nitriansky kraj, vrable",0
290682,1,1,"trnavsky kraj, hlohovec",19
290683,0,0,"trenciansky kraj, trencin",0
290828,0,1,"kosicky kraj, kosice - okolie",0
290829,0,0,"presovsky kraj, kezmarok",0
290830,1,0,"trenciansky kraj, prievidza",0
290831,0,0,"trenciansky kraj, prievidza",0
290832,1,0,"trenciansky kraj, trencin",0
290833,0,0,"nitriansky kraj, vrable",0
290972,1,0,"presovsky kraj, poprad",0
290975,0,0,"kosicky kraj, spisska nova ves",14
290977,1,0,"trenciansky kraj, prievidza",14
290979,0,1,"ceska republika, cz - praha",0
290981,1,1,"kosicky kraj, kosice - barca",0
290983,0,1,"trnavsky kraj, trnava",0
291076,0,0,"presovsky kraj, presov",16
291240,0,0,"nitriansky kraj, nitra",17
291241,1,0,"banskobystricky kraj, lucenec",13
291242,1,1,"kosicky kraj, kosice - okolie",17
291243,1,0,"trnavsky kraj, senica",14
291403,1,1,"presovsky kraj, medzilaborce",6
291404,1,0,"zilinsky kraj, dolny kubin",15
291405,0,1,"ceska republika, cz - praha",28
291406,1,0,"presovsky kraj, poprad",25
291407,0,1,"presovsky kraj, kezmarok",18
291408,1,0,"zilinsky kraj, namestovo",20
291552,1,0,"banskobystricky kraj, lucenec",0
291553,0,1,"banskobystricky kraj, hrinova",17
291554,1,0,"presovsky kraj, sabinov",0
291555,0,0,"kosicky kraj, kosice - sidlisko tahanovce",19
291581,1,0,"bratislavsky kraj, modra",24
291651,0,0,"kosicky kraj, trebisov",0
291654,1,0,"zahranicie, zahranicie - gb",19
291675,0,0,"zilinsky kraj, zilina",0
291756,1,1,"bratislavsky kraj, bratislava - petrzalka",0
291757,1,1,"banskobystricky kraj, banska bystrica",16
291759,1,1,"kosicky kraj, kosice - juh",0
291760,1,0,"zahranicie, zahranicie - ostatne",40
291762,0,0,"nitriansky kraj, zeliezovce",17
291763,0,0,"zilinsky kraj, zilina",18
291764,0,1,"presovsky kraj, poprad",0
291825,1,1,"presovsky kraj, vranov nad toplou",18
291826,1,0,"nitriansky kraj, topolcany",0
291921,0,1,"trnavsky kraj, galanta",15
291922,0,0,"kosicky kraj, kosice - zapad",0
291923,0,0,"kosicky kraj, kosice - sever",0
292087,0,0,"banskobystricky kraj, banska bystrica",0
292088,1,0,"banskobystricky kraj, lucenec",0
292089,1,0,"trnavsky kraj, hlohovec",0
292091,0,0,"zahranicie, zahranicie - francuzsko",0
292092,1,0,"kosicky kraj, kosice - okolie",16
292094,1,0,"trnavsky kraj, trnava",16
292096,0,0,"trnavsky kraj, senica",0
292213,1,0,"zahranicie, zahranicie - ostatne",0
292238,1,1,"kosicky kraj, spisska nova ves",0
292239,0,0,"nitriansky kraj, komarno",0
292240,0,0,"trnavsky kraj, senica",0
292242,0,0,"zahranicie, zahranicie - ostatne",0
292243,1,1,"bratislavsky kraj, pezinok",0
292427,0,0,"kosicky kraj, michalovce",0
292429,0,0,"presovsky kraj, levoca",0
292430,1,1,"trnavsky kraj, piestany",24
292432,1,0,"trnavsky kraj, galanta",0
292433,0,0,"presovsky kraj, levoca",10
292435,1,1,"trenciansky kraj, trencin",15
292571,1,0,"trenciansky kraj, banovce nad bebravou",22
292574,1,0,"banskobystricky kraj, modry kamen",0
292719,1,0,"banskobystricky kraj, banska bystrica",0
292720,0,1,"nitriansky kraj, nitra",20
292721,1,0,"trenciansky kraj, dubnica nad vahom",0
292722,0,0,"zahranicie, zahranicie - ostatne",23
292723,1,1,"presovsky kraj, medzilaborce",0
292724,0,0,"nitriansky kraj, nitra",0
292725,0,0,"zilinsky kraj, martin",17
292726,1,1,"trnavsky kraj, senica",11
292806,1,0,"presovsky kraj, presov",15
292807,1,1,"kosicky kraj, kosice - sever",0
292808,1,1,"kosicky kraj, kosice - sidlisko tahanovce",0
292809,1,0,"zahranicie, zahranicie - kanada",0
292852,1,0,"kosicky kraj, trebisov",18
292886,0,0,"bratislavsky kraj, bratislava - karlova ves",15
292887,0,0,"nitriansky kraj, nove zamky",0
292888,1,0,"trenciansky kraj, trencin",0
292895,1,0,"kosicky kraj, krompachy",20
292942,1,0,"presovsky kraj, stara lubovna",0
293058,0,0,"banskobystricky kraj, detva",0
293059,0,1,"kosicky kraj, spisska nova ves",0
293060,1,0,"trnavsky kraj, hlohovec",10
293096,0,0,"zilinsky kraj, ruzomberok",15
293097,1,0,"kosicky kraj, spisske vlachy",27
293098,1,0,"kosicky kraj, kosice - krasna nad hornadom",14
293100,1,1,"zilinsky kraj, trstena",19
293101,0,1,"trenciansky kraj, prievidza",28
293189,1,0,"presovsky kraj, kezmarok",0
293190,1,1,"trnavsky kraj, trnava",20
293191,1,0,"trenciansky kraj, prievidza",0
293192,0,0,"zahranicie, zahranicie - usa",0
293195,1,1,"bratislavsky kraj, senec",0
293242,0,0,"zahranicie, zahranicie - usa",17
293300,1,0,"zilinsky kraj, trstena",0
293301,1,0,"trnavsky kraj, holic",14
293302,0,0,"trenciansky kraj, povazska bystrica",0
293303,1,1,"zilinsky kraj, martin",17
293395,1,0,"presovsky kraj, humenne",0
293400,1,0,"presovsky kraj, presov",13
293426,1,0,"kosicky kraj, kosice - okolie",15
293427,0,1,"presovsky kraj, vranov nad toplou",0
293428,1,1,"trenciansky kraj, nove mesto nad vahom",11
293429,0,0,"trnavsky kraj, senica",25
293430,0,1,"zilinsky kraj, namestovo",0
293431,0,0,"kosicky kraj, kosice - sidlisko tahanovce",0
293575,0,1,"kosicky kraj, michalovce",0
293577,1,0,"bratislavsky kraj, bratislava - okolie",17
293581,0,0,"presovsky kraj, snina",0
293583,0,1,"banskobystricky kraj, zvolen",0
293584,1,0,"kosicky kraj, gelnica",0
293722,1,1,"zilinsky kraj, ruzomberok",17
293723,1,1,"banskobystricky kraj, rimavska sobota",0
293724,0,0,"trenciansky kraj, prievidza",0
293725,0,0,"zilinsky kraj, ruzomberok",22
293726,1,0,"zahranicie, zahranicie - ostatne",0
293727,1,0,"zahranicie, zahranicie - usa",0
293730,0,0,"kosicky kraj, kosice - dargovskych hrdinov",0
293733,1,0,"kosicky kraj, michalovce",0
293858,1,1,"trenciansky kraj, trencin",0
293859,0,0,"presovsky kraj, presov",16
293860,1,0,"kosicky kraj, michalovce",0
294062,0,1,"kosicky kraj, kosice - okolie",0
294064,0,1,"banskobystricky kraj, banska bystrica",23
294066,1,0,"zahranicie, zahranicie - usa",25
294068,0,0,"zahranicie, zahranicie - nemecko",14
294070,0,0,"zahranicie, zahranicie - australia",20
294073,0,0,"presovsky kraj, presov",0
294075,1,0,"kosicky kraj, kosice - zapad",0
294076,0,0,"trnavsky kraj, senica",0
294077,1,0,"zahranicie, zahranicie - ostatne",18
294078,1,1,"kosicky kraj, kosice - krasna nad hornadom",0
294256,1,0,"trenciansky kraj, prievidza",0
294257,1,1,"trenciansky kraj, prievidza",0
294258,1,0,"presovsky kraj, humenne",0
294259,0,1,"kosicky kraj, kosice - ostatne",26
294260,0,0,"bratislavsky kraj, pezinok",25
294341,0,0,"bratislavsky kraj, bratislava - ruzinov",0
294342,1,1,"trnavsky kraj, holic",19
294343,1,1,"kosicky kraj, moldava nad bodvou",21
294344,0,0,"nitriansky kraj, komarno",0
294345,1,0,"kosicky kraj, spisska nova ves",18
294346,0,0,"banskobystricky kraj, filakovo",16
294438,0,1,"zilinsky kraj, zilina",16
294439,1,0,"nitriansky kraj, nove zamky",0
294440,1,0,"kosicky kraj, kosice - okolie",0
294441,0,0,"kosicky kraj, gelnica",17
294442,0,0,"zahranicie, zahranicie - nemecko",17
294507,1,0,"trenciansky kraj, trencin",16
294508,0,0,"nitriansky kraj, topolcany",16
294509,1,0,"bratislavsky kraj, pezinok",19
294510,0,0,"trnavsky kraj, gbely",10
294511,0,0,"kosicky kraj, kosice - dargovskych hrdinov",15
294512,0,0,"nitriansky kraj, nitra",0
294582,0,0,"kosicky kraj, kosice - zapad",0
294583,0,0,"kosicky kraj, kosice - okolie",19
294584,1,0,"trenciansky kraj, partizanske",16
294585,1,1,"banskobystricky kraj, brezno",0
294586,0,0,"bratislavsky kraj, malacky",0
294587,1,0,"trenciansky kraj, ilava",14
294661,1,1,"trenciansky kraj, trencin",17
294662,0,0,"trenciansky kraj, nove mesto nad vahom",0
294663,1,0,"trenciansky kraj, prievidza",27
294664,1,1,"presovsky kraj, humenne",15
294670,1,1,"presovsky kraj, svidnik",15
294671,0,1,"presovsky kraj, presov",22
294952,0,0,"nitriansky kraj, nove zamky",13
294953,0,0,"kosicky kraj, krompachy",19
294954,0,1,"presovsky kraj, presov",0
294955,0,0,"banskobystricky kraj, banska bystrica",0
295065,1,0,"nitriansky kraj, topolcany",0
295066,1,1,"trnavsky kraj, skalica",15
295067,0,0,"zilinsky kraj, dolny kubin",13
295068,1,1,"zilinsky kraj, martin",16
295069,0,0,"presovsky kraj, humenne",28
295070,1,1,"zilinsky kraj, ruzomberok",13
295071,1,1,"trnavsky kraj, skalica",0
295072,1,1,"presovsky kraj, spisska bela",14
295294,1,0,"zilinsky kraj, zilina",24
305825,1,0,"kosicky kraj, kosice - zapad",19
321018,1,0,"kosicky kraj, trebisov",17
322437,1,1,"zilinsky kraj, bytca",16
322634,1,0,"kosicky kraj, kosice - sever",17
364538,1,0,"trnavsky kraj, senica",19
365189,1,1,"trenciansky kraj, prievidza",0
369378,1,1,"zilinsky kraj, zilina",0
382064,1,1,"zilinsky kraj, cadca",21
389779,1,0,"trnavsky kraj, holic",22
392583,1,1,"trnavsky kraj, trnava",17
426803,1,1,"nitriansky kraj, levice",17
426807,1,0,"kosicky kraj, gelnica",0
429770,1,1,"trnavsky kraj, trnava",16
449107,1,1,"trenciansky kraj, prievidza",0
454744,1,0,"kosicky kraj, kosice - dargovskych hrdinov",21
487460,1,0,"kosicky kraj, kralovsky chlmec",17
489463,1,0,"nitriansky kraj, kolarovo",21
490614,1,0,"kosicky kraj, kralovsky chlmec",17
491259,1,1,"kosicky kraj, trebisov",17
491434,1,0,"kosicky kraj, kralovsky chlmec",20
491878,1,0,"kosicky kraj, kosice - zapad",19
498059,1,0,"trnavsky kraj, trnava",19
534569,1,0,"kosicky kraj, trebisov",17
534573,1,0,"kosicky kraj, kosice - okolie",16
536010,1,0,"trenciansky kraj, trencin",16
539666,1,0,"kosicky kraj, kosice - ostatne",21
540353,1,1,"kosicky kraj, kosice - zapad",26
548680,1,0,"kosicky kraj, kosice - zapad",20
555248,1,0,"zahranicie, zahranicie - gb",20
569445,1,0,"kosicky kraj, kosice - sidlisko tahanovce",0
570227,1,0,"kosicky kraj, kosice - sever",23
578229,1,0,"kosicky kraj, kosice - okolie",19
580516,1,0,"kosicky kraj, kosice - zapad",22
618821,1,1,"zahranicie, zahranicie - ostatne",0
621935,1,0,"trnavsky kraj, senica",0
639066,1,0,"kosicky kraj, kosice - sidlisko tahanovce",21
640236,1,0,"zahranicie, zahranicie - usa",0
641894,1,0,"kosicky kraj, kosice - sidlisko tahanovce",14
670793,1,1,"presovsky kraj, poprad",30
681720,1,0,"kosicky kraj, kosice - okolie",0
691338,1,0,"kosicky kraj, kosice - zapad",20
699569,1,0,"zahranicie, zahranicie - australia",0
702154,1,0,"kosicky kraj, kosice - okolie",16
703554,1,0,"kosicky kraj, trebisov",24
716109,1,1,"kosicky kraj, kosice - sidlisko tahanovce",0
717501,1,0,"kosicky kraj, kosice - zapad",19
734973,1,0,"kosicky kraj, kosice - okolie",19
770600,1,0,"zilinsky kraj, martin",0
793649,1,0,"kosicky kraj, kosice - okolie",23
837897,1,1,"kosicky kraj, kosice - sidlisko tahanovce",15
839569,1,1,"zilinsky kraj, namestovo",20
935563,1,1,"kosicky kraj, kosice - zapad",0
983968,1,0,"kosicky kraj, kosice - okolie",22
1064598,1,0,"kosicky kraj, kosice - ostatne",21
1097047,1,0,"kosicky kraj, kosice - sidlisko tahanovce",19
1151435,1,0,"kosicky kraj, velke kapusany",23
1436205,1,0,"kosicky kraj, kosice - sidlisko tahanovce",28
